date,sentiment_score,credit_ratings_risk,us_china_trade_tariffs,global_economic_growth,us_domestic_politics,us_foreign_policy_geopolitics,index_earnings,monetary_policy_inflation,global_markets_commodities,banking_financial_markets,oil_energy_markets,tf_equity_markets,tf_central_bank_policy,tf_macro_economy,tf_bonds_credit_ratings,tf_banking_sector,tf_trade_geopolitics,tf_investor_sentiment_risk,tf_commodities_energy,tf_currency_fx,tf_corporate_earnings,index_change
2016-01-04,0.1935810983180999,0.00238638092,0.015734340406,0.076275973024,0.082410883114,0.039626187223,0.109943559034,0.203342948987,0.369820878982,0.0559178237029999,0.044541000404,0.9400585440950546,0.442680354105279,0.2852782147752011,0.218802195011504,0.1602501409742043,0.0374077810433173,0.1053756439597836,0.4075263438582363,0.6347640201635576,0.0473698545031889,0
2016-01-05,0.2405123714357614,0.0106160047591111,0.1397331831333333,0.0953697260877777,0.2168359552822222,0.0283373099744444,0.0251585281488888,0.0192952036966666,0.0819931294111111,0.3366124623222222,0.0460485195888888,0.7480889107236685,0.1973468579248677,0.182374674676839,0.2298147739577258,0.3452767659312109,0.1931131724062332,0.3089854694366694,0.2423014324454234,0.2597651266648634,0.091153181856032,1
2016-01-06,-0.0159099135547876,0.0001063293678999,0.011996056209,0.239254738585,0.019314760151,0.012879888468,0.111109600346,0.2403608709549999,0.104346117726,0.18378005903,0.07685157963,0.9195208930930638,0.3764306295081269,0.7164200916869693,0.1393538689212668,0.1281852497079796,0.1291523248162286,0.3356379241614009,0.3364785457213755,0.3894169204711011,0.0311067578539735,0
2016-01-07,0.0335507879033684,0.0829533100389,0.010896623956,0.109567294938,0.026695372252,0.104683155164,0.1614038089659999,0.363542664275,0.048349666425,0.0744540000049999,0.0174540675596,0.9161430463750314,0.7046077279940828,0.5348160769744078,0.1931459729712759,0.1384730032286572,0.148906948513981,0.1569267769912479,0.1708395429868329,0.5213228092566308,0.0320053019525923,0
2016-01-08,-0.2527306385338306,0.0723091164656,0.06608866338,0.123930074227,0.091070002566,0.033866822213,0.091832398457,0.175054123665,0.127264017609,0.1097490947249999,0.1088356623039999,0.6444265470890114,0.3173981580305765,0.5823987299431586,0.2368746805754683,0.0822539952135205,0.1709996749315553,0.1420533692443598,0.4698622090168866,0.3976194735834176,0.1273079686118885,0
2016-01-11,-0.1984183338470757,0.0005978214849,0.00514980659,0.193480099012,0.0155183174899999,0.016592328696,0.2146458292909999,0.18755095346,0.167036729824,0.1229630650999999,0.076465035116,1.0696328926022745,0.3847752348085324,0.5996133811977202,0.2857777297515395,0.1447993850469708,0.0903759174341459,0.2285282086352681,0.509073060006202,0.5515384385484848,0.2100359723510964,1
2016-01-12,0.3035116957500577,0.0856942494666666,0.0892800284355555,0.2076851144788889,0.0776536995544444,0.033948689235,0.0544131118911111,0.10590921153,0.1091350148042222,0.1571478444844444,0.0791330382766666,0.6834589049532924,0.2036994515336506,0.4167352274952849,0.3662607730464757,0.2830838095320599,0.0307652848519015,0.3845346941744466,0.2976901866463191,0.1373228365092397,0.1961658386954629,1
2016-01-13,0.2784847320988774,0.0039836777414,0.0389822591065,0.122842074367,0.142522549556,0.07178134217,0.102400577419,0.1958300019946,0.051867718342,0.177441430692,0.0923483516022,0.5672858892481637,0.4327357756260208,0.588724057303018,0.3697526431074403,0.1753652539129121,0.0984434397377217,0.18102508537061,0.4242476420968358,0.2132890066529139,0.1063964910164982,0
2016-01-14,-0.0890955493785441,0.0005489615797,0.005139402481,0.083547835988,0.009086682246,0.053720737202,0.167945660078,0.223033146933,0.270197986712,0.10328363248,0.083495933267,0.8216136381809358,0.6523077146547299,0.5651840699216734,0.3506815902367212,0.2110294465703269,0.0524966143506127,0.272216749689265,0.8088613576646202,0.3563908442657671,0.0562867630247116,1
2016-01-15,-0.3035644669085741,0.2175684819433999,0.026495205934,0.083506514864,0.073874579789,0.011062317149,0.010005604478,0.267766265762,0.1419849907455,0.099248089316,0.0684879636755999,0.4137369078901858,0.6945330828455016,0.5394851030584015,0.5074425885175742,0.216977331241917,0.0380524152474446,0.142314412072219,0.3917128651346708,0.2265477502323248,0.1246208491439517,0
2016-01-19,0.0933626901358365,0.0970833709474,0.1085867632919999,0.0921924475429999,0.031077705439,0.071065035631,0.1204836388776,0.065537907419,0.068891440489,0.2373362869,0.1077454059039999,0.5474274184743877,0.238915279939321,0.5113392807271371,0.25265884615529,0.3026810547791722,0.2874817191327539,0.3159193921328563,0.4606250673614014,0.1330336452940862,0.1084268541506925,1
2016-01-20,0.0209784671664237,0.0010375551804999,0.041383990727,0.133488556467,0.0289147148749999,0.066039486892,0.04896780211,0.154288363773,0.10073777004,0.3162573461999999,0.1088843873914,0.4232915475919312,0.3508658502070183,0.4521384475638942,0.3120328986643805,0.4985984039447407,0.1775593486737637,0.2526656711190304,0.6724732589301062,0.223213479682402,0.1335302967737934,0
2016-01-21,0.1986573435366153,0.0194625155706,0.037778049765,0.081511562916,0.0595074779149999,0.075735609862,0.1494598174599999,0.147828788893,0.0588612563005,0.27149963668,0.0983552962154,0.7518127947600585,0.4674268906952218,0.3558425090065738,0.1787209420392164,0.5246284153080806,0.1856487402151476,0.2747737854276837,0.4020042648977437,0.1542052732264896,0.2177942357835816,1
2016-01-22,-0.0977051556110382,0.0771254913115,0.042235678763,0.078098604079,0.026667166366,0.128365652344,0.157417269274,0.065869886586,0.033806912348,0.21530535953,0.175107983852,0.7558822955099439,0.2173615698935936,0.2658476457260044,0.2427866317765526,0.283515315823121,0.2252923963460952,0.2952510889109446,0.6668670548876644,0.1800488895135572,0.183653322075334,1
2016-01-25,-0.0349375059828162,0.0894280830726999,0.01551476443,0.039552040919,0.094137516427,0.079173914805,0.146838736503,0.095192642104,0.149601705191,0.1450754649,0.1454851312948,0.9230562119412488,0.2994270740321941,0.2172760531562311,0.1948587609827987,0.2130107211917034,0.0630264040945664,0.1789932146748208,0.6141188538280936,0.1397243155436173,0.1143474865538581,0
2016-01-26,-0.1162355427630245,0.1612319789265,0.104679599495,0.028083919008,0.00347034344,0.0036263750109999,0.076352445041,0.206659084661,0.319420723104,0.037262735552,0.059212777444,0.5798114126888778,0.6367601858039711,0.2605586640852378,0.3850470661321233,0.1603492090529641,0.0500588569318548,0.164796669850617,0.5812715275345841,0.3852826535318425,0.3232571569948818,1
2016-01-27,0.0026391722261905,0.0001099392417999,0.0003184324719999,0.107588822539,0.0173190810499999,0.059774799504,0.166432387946,0.159400815696,0.186491647441,0.28152079594,0.021043294328,1.0384177112421316,0.4458938849308053,0.2992895929849345,0.2192859840494336,0.4213421786998744,0.1788125245855124,0.2593547271445147,0.2001438164919934,0.3388614123832512,0.2533143386103106,0
2016-01-28,-0.1764045558869838,0.1055603125688889,0.0413662272555555,0.1409116065488889,0.0284809827044444,0.03543314567,0.0206795946071111,0.2789506068888889,0.1572502470111111,0.16350400955,0.0278632405766666,0.3478486602619112,0.7118489072875622,0.6253847570056699,0.3236089827075696,0.3641653373730988,0.0715175595233031,0.2049986068593628,0.3376699269555082,0.1557736191093437,0.1323644219148604,1
2016-01-29,-0.0581221401691436,0.0878054418565,0.09235253112,0.160413118412,0.018300355126,0.03279453255,0.226239978407,0.1792377834719999,0.044534766834,0.07311735498,0.0852041404064,0.754747555742939,0.560349288340305,0.6383446307815305,0.1613206160429434,0.3776448095984338,0.0841721183722108,0.1728794865878046,0.4324750682173469,0.172865200316859,0.3764127345434864,1
2016-02-01,0.0532828688621521,0.0896152569475,0.093184778904,0.24566060837,0.017304778622,0.013724549042,0.030812099933,0.066117805521,0.205093220251,0.12352521768,0.1149616824705,0.6724516107369862,0.3430378763637539,0.5264176288997741,0.3249629591995037,0.3947974011687031,0.0964700116829811,0.1802978273563062,0.556157900016028,0.1702165429169762,0.1584300631441125,0
2016-02-02,0.1485296688973903,0.1497021627455,0.071767676176,0.107081586068,0.082161478095,0.040874150386,0.115808213047,0.1480406026665,0.076148727222,0.156774678703,0.051640724505,0.4331339200893754,0.4648345576909555,0.5256006128786807,0.3822781600952954,0.194139935706684,0.0770670006037555,0.2273091273852693,0.3546052036594978,0.2258945889321591,0.3104696703095489,0
2016-02-03,0.1956082914024591,0.0215177722976,0.0604498989629999,0.064938638121,0.0184442569529999,0.052149131214,0.164958690196,0.108967806944,0.256526275959,0.181032002969,0.071015519898,0.8100488387747106,0.4159057799905227,0.3883274129513693,0.4718089797821237,0.2484257339597782,0.0927820323076836,0.3169201690663412,0.5668624194532749,0.3492323042230459,0.2776257850113596,1
2016-02-04,-0.0726848356425762,0.0067875321379999,0.022950313724,0.038389327411,0.018629971508,0.018921967229,0.128448258816,0.49264140981,0.140262475644,0.07827620517,0.05469255188,0.6650085608891364,0.8955370436922582,0.5631810983892213,0.2032538578806685,0.1987886191812238,0.0117173801396039,0.1872158795438212,0.4637147345770939,0.1025167221502398,0.1753005116274813,1
2016-02-05,0.2729005790315568,0.015172551799,0.020250787402,0.036855006439,0.045588245821,0.03076468851,0.275705560586,0.306216855442,0.084727190014,0.165968529057,0.0187505869722999,0.933869271819584,0.7551077313969613,0.6890520918082388,0.3649716539913513,0.1360008039422421,0.0920807525232371,0.3705998349333254,0.2097874799181731,0.2504399192542623,0.2085150158975923,0
2016-02-08,-0.1688576575368643,0.0022701886596,0.042305227792,0.027142550675,0.01031593219,0.0059514927409999,0.32691738209,0.032995594861,0.27245741972,0.129817723075,0.149826451884,1.4681242701947317,0.2235603702789025,0.253575509818411,0.246390950268183,0.3764501947451838,0.0724926996213528,0.2656822284088899,0.7247295191212217,0.2232786208867858,0.2978353792430693,0
2016-02-09,-0.0342617250047624,0.0022373772893,0.084727535518,0.052974152579,0.054828282365,0.008221697639,0.172984672278,0.248073699048,0.222029139944,0.135883649738,0.01803977911,0.9431263876020012,0.6065518655204297,0.3913729862885957,0.3191813708660146,0.3469966806347995,0.146368560584073,0.2603102103297326,0.3027902101438754,0.2063989656349917,0.1280922843721523,0
2016-02-10,0.1145179746672511,0.006816226123,0.028049488914,0.017460633076,0.058714750959,0.010349255997,0.145923610396,0.31735073414,0.191604320995,0.162213635096,0.061517291522,0.8668287963547959,0.8074262044292763,0.3287502633328399,0.2205906215808514,0.5126826105389933,0.0223364093183526,0.2128234609513072,0.432701399421011,0.304447949606566,0.1196725143214077,0
2016-02-11,-0.0335623865947127,0.0024897895571,0.035967718458,0.087514220375,0.0297608202679999,0.004425807413,0.2181413261549999,0.2980432381,0.150220100218,0.141815037214,0.03162195003,0.9007128405737884,0.7847053311648062,0.4537554965148858,0.5066481257655988,0.3891014550315791,0.0165128663972332,0.2360645939925822,0.3911167614935339,0.2547084116524917,0.1220166501065529,0
2016-02-12,-0.1911670273169875,0.1024595132443999,0.047720138477,0.021922189098,0.005376637416,0.0234773591349999,0.116194340819,0.102160807995,0.214469648952,0.305493595,0.060725753521,0.8464014450503683,0.3540156119331568,0.2221076353206112,0.6419816453552695,0.5445997347395115,0.0411145821496874,0.2631145392695665,0.5438359570945044,0.2182628702898633,0.3196453200543986,1
2016-02-16,0.2590150378644466,0.0891526956166,0.1027611125129999,0.090974046519,0.027803558314,0.09167503412,0.061129860597,0.1653845688079999,0.0901642757759999,0.141449250363,0.1395055984384,0.663759242124665,0.3964708367392433,0.4760991227809519,0.3906414768715273,0.0928612088980168,0.2330465167318072,0.2544784488720168,0.4140275423393958,0.2181312438105332,0.0987583054882817,1
2016-02-17,-0.3106218129396438,0.0707750771588,0.068428102902,0.14353347156,0.008545559643,0.045366523355,0.184698981695,0.181758607686,0.175205895177,0.027811889558,0.0938758736809999,0.9687774032868786,0.4680042607743951,0.5058768210791642,0.2297163156947466,0.1745406881494111,0.1367378654278465,0.2807233847909489,0.5144443356826828,0.3247914779539704,0.2408743750224362,1
2016-02-18,-0.1613496008329093,0.0001087357542999,0.055922935006,0.139592602347,0.0077738717819999,0.041924572077,0.334306979197,0.1639743463369999,0.117101878254,0.0943694656219999,0.044924577044,1.2595237883663248,0.5229016880195752,0.4029475820108731,0.2551656282191121,0.2468424622819415,0.1008321307730838,0.1894973329123543,0.4596130399512458,0.2811288433391942,0.2485211076948592,0
2016-02-19,0.1152192555367946,0.0898188171618,0.071014238516,0.1063679238399999,0.105617664485,0.003625714419,0.0139682356069999,0.273213273308,0.077365130747,0.210962961138,0.0480460484975,0.3851913703020108,0.4954271211316023,0.3874038668460714,0.4327406667721451,0.2968866371954012,0.0287310701544857,0.3180270729108131,0.438572369404725,0.0811647081483264,0.2325939732854082,0
2016-02-22,-0.1260232237167656,0.0619286278894,0.074683465698,0.092968159225,0.023070391965,0.011532645805,0.237752906096,0.115325140602,0.0629772656849999,0.281736692883,0.038024705396,0.8800418918287821,0.4747524990722666,0.2595923040177666,0.3081576040185986,0.7245532570586818,0.0869715430692304,0.2872630835876613,0.420297172511859,0.0856858783505679,0.1416743085682672,1
2016-02-23,0.1330612400546669,0.0007717600784999,0.041017971386,0.160485568504,0.109149423039,0.007609887055,0.139620813736,0.171160377545,0.2207865240539999,0.096090252323,0.0533074175919999,1.004059330869649,0.6271102431363157,0.1778853490635573,0.0359810735110717,0.2601911196328832,0.0650116872931193,0.2295389766423937,0.400497918761151,0.1940600188806888,0.1689476264265565,0
2016-02-24,0.2939311036840081,0.1023748961673,0.064762726068,0.067813426449,0.203832336703,0.029288778845,0.083164056734,0.0886323713209999,0.049245757337,0.2522814836299999,0.0586041536486,0.5125061951317452,0.1793352565842996,0.333284736460193,0.6526288822340655,0.3425823740038081,0.1713136784380395,0.3201541220125179,0.3998265600161603,0.1504016670373739,0.2715513548859546,1
2016-02-25,0.1159284261986613,0.0886892600135555,0.0502074648988888,0.0620645300755555,0.0377206970011111,0.0147650541522222,0.1692867461366666,0.1656306562444444,0.1848655943866666,0.1197811854311111,0.1069888216211111,0.7170832164953602,0.314483591791332,0.3429846842085443,0.2195914322994389,0.2619244791433252,0.0250969909120663,0.1514827098376007,0.3130295363842727,0.4651380124989029,0.3122440553366266,1
2016-02-26,0.0160717014223336,0.1370503441735999,0.022147722748,0.158134890067,0.108565979298,0.0938824155559999,0.054327619115,0.19619136438,0.0608615953625,0.124521966135,0.0443160841579,0.5925698870969928,0.5059838654553712,0.8683698725737458,0.4628014562945048,0.2283164604177135,0.0653009907891607,0.2210132717846914,0.1753281852503479,0.2394399467241731,0.0492969834387936,0
2016-02-29,-0.1460122564807534,0.0079471519432,0.107632670489,0.152886442003,0.0305662777409999,0.087115098997,0.058649700635,0.061431463048,0.191874861729,0.163474411635,0.1384219418989999,0.7612113477054833,0.3388404990909718,0.3797992158499367,0.2070425481211407,0.387281522982937,0.1935025884175827,0.3801464302213917,0.6325823530828236,0.2780717540479853,0.0314154741141343,0
2016-03-01,-0.203855537623167,0.1778590180253,0.186297456186,0.104397563554,0.044475617266,0.0079921818069999,0.187122444599,0.0332838292649999,0.0676351559129999,0.1648866575,0.0260500794591,0.7475941085284374,0.3408627006820397,0.3728608237857459,0.3934095136124959,0.6234888454379754,0.0426552043108639,0.1877576611101657,0.3260422018348996,0.046177537692532,0.0482487491049515,1
2016-03-02,0.1371816476806998,0.1929709164494,0.020262842069,0.11585512014,0.0519194473839999,0.010794433578,0.026704396102,0.095500454355,0.2062577499825,0.271788578858,0.0079460443931,0.7721399211807964,0.5482340096570493,0.3392081499490005,0.7234997889736168,0.5020981795417729,0.1059514329856726,0.4423679852270382,0.1257018805919642,0.1888461435463043,0.055713805932353,1
2016-03-03,-0.2202023535966873,0.0641925696051999,0.035365879572,0.17604248668,0.021463600084,0.017251339567,0.125355407084,0.145419215597,0.1394396495475,0.237232624016,0.038237224791,0.7494227672548488,0.4832469293423402,0.5652968741060194,0.3281719523747992,0.6502297200327332,0.0058833462905131,0.2583285775518719,0.3278996968318981,0.1829914832439649,0.0939941434701479,1
2016-03-04,-0.2880035229027271,0.0637129301684999,0.00539307951,0.068450635172,0.016053782768,0.002334986199,0.288245541589,0.22943734761,0.2062523195039999,0.093166212901,0.026953174278,1.025583216748753,0.5654207246919766,0.892436401043101,0.4799794736959948,0.1600956320418097,0.02713309287961,0.2938592603889886,0.379119557124036,0.268009603284792,0.1726667710793252,1
2016-03-07,-0.0447692518122494,0.0619932039975,0.0242756268,0.112462308414,0.034873268798,0.179494218069,0.0969681621809999,0.13594369403,0.196907084826,0.116939527526,0.0401428889296,0.5689956956060006,0.5543833647685045,0.3930914050045924,0.3517697020244066,0.2113403594127753,0.073472816605398,0.2095353981135912,0.3355728303239053,0.4562544529791258,0.0559259685643782,1
2016-03-08,0.1532873119227588,0.1087735921146,0.082070056761,0.035827378573,0.097264264234,0.125689503686,0.095320178125,0.095697895481,0.143779681169,0.133351227778,0.08222621303,0.7413474641228064,0.4001042665524027,0.1976128718463856,0.1944550420549113,0.2669524601525811,0.326699658280391,0.261057140064054,0.2708671452945456,0.1450902957677232,0.0759430914099852,0
2016-03-09,0.1240078777074814,0.0165465532884,0.037904750742,0.172774084095,0.0319077534,0.109941656377,0.071574318569,0.164113072192,0.195973365657,0.055169399182,0.144095055054,0.8804173049372022,0.3715638281095542,0.4788327575352714,0.1443753333740649,0.2554009364141173,0.1954460209121911,0.2111454186373867,0.5233558559492437,0.2641979637148104,0.0610293616808403,1
2016-03-10,0.1585505925118923,0.1012761902691999,0.03263263964,0.0909430525084,0.208837983997,0.0247473408847999,0.036751682243,0.223396524025,0.1002023873846,0.079188460447,0.1020237261779,0.4161172689356672,0.4792911534862334,0.6672397908962973,0.3727456163512841,0.3430863957214496,0.0681613030142116,0.1161830417353244,0.2874856911441177,0.1631678209165206,0.0731036322346623,1
2016-03-11,-0.0024998176842928,0.1589655697353,0.024942077447,0.080063237051,0.073479173445,0.031122556936,0.096790172919,0.113972767293,0.1470429673635,0.21222670877,0.0613947636143999,0.4831696339471318,0.434706473271916,0.2132827307884376,0.8665703396312153,0.2745315739204558,0.1579901473597267,0.3474846208363317,0.5407365704760928,0.1393118924744284,0.0648692163957131,1
2016-03-14,0.078321545291692,0.2134837873605,0.055853431955,0.0608041119559999,0.01216950401,0.0931764579979999,0.0222980241799999,0.1843439454929999,0.07453497253,0.2240374593269999,0.0592982966724,0.273059108091935,0.6729235006853947,0.2099064741894345,0.6668627727819901,0.3322645155270237,0.1250972110815335,0.1490435726992806,0.2904502374457602,0.037069385364513,0.1585638846485082,0
2016-03-15,0.1799422562122345,0.0061142116652222,0.1911292239344444,0.0286765972788888,0.1848688049111111,0.01691680725,0.21590722041,0.0877993810588888,0.0968042659311111,0.1472175192444444,0.0245659911133333,0.5387801608489662,0.3978731788284614,0.2570188379009334,0.2922413474977431,0.3525406252811585,0.0761942532895728,0.2681570266377316,0.2606886027825968,0.2032135934287613,0.423259346767889,0
2016-03-16,-0.2049242391251027,0.021920398124,0.093902055324,0.0622500202489999,0.020643591076,0.008823585802,0.201866026048,0.281887592426,0.139499332198,0.152584626463,0.0166227788639999,0.9238707750160532,0.6926066420445596,0.5075669251762533,0.2549915434827707,0.2976710310889757,0.0332334241632636,0.2409337167526092,0.2339335041462757,0.2172827025774892,0.3956990401196841,1
2016-03-17,-0.0742339871823787,0.00593316778,0.050846225767,0.112300211201,0.0144678206569999,0.013417835635,0.103360073136,0.283068445267,0.2105612017649999,0.17133980503,0.034705209425,0.6524893305417752,0.8652591100961434,0.4701617691253231,0.290471851786553,0.2820913274047658,0.0110848890555135,0.16522744439158,0.3039995722668432,0.5309836435076216,0.0806632429648498,1
2016-03-18,0.2282286415807902,0.0035495785814,0.01979334758,0.142580430327,0.069650150566,0.030350033071,0.079996961206,0.28396958082,0.168578703974,0.166551818286,0.0349793999185,0.4666246069830825,0.8249311695212546,0.5176862804450776,0.298715599630349,0.4187510777082193,0.119652818865363,0.1838362908000559,0.3144968373236851,0.4319179487928731,0.1328469328510018,1
2016-03-21,-0.1355292152613401,0.014472544926,0.0270294278439999,0.0306559395969999,0.014113788418,0.018702797734,0.269710181813,0.335823958371,0.13012215334,0.139416252074,0.019952969561,0.9569766153264162,0.5742469312798771,0.4528982432633497,0.3203366388394269,0.1468830792094255,0.050859897346887,0.2000526258196448,0.2494721830470903,0.1952860090092234,0.1213992183029483,1
2016-03-22,0.0796013723127543,0.014689707123,0.046957831535,0.064612953539,0.094539637182,0.077129849721,0.022791763126,0.275006868105,0.156447718833,0.241065167147,0.0067585137344,0.3461980904127367,0.7787812502979978,0.4386158281300263,0.1870985095287697,0.6114422361284595,0.1255279995391603,0.1918430571704105,0.0193323922353269,0.4004435806617717,0.1392131866055909,0
2016-03-23,-0.1073273305781185,0.0079185751646,0.014066812792,0.1254699732119999,0.01580726743,0.006527296633,0.158474240756,0.194491415556,0.17258189826,0.2282555778859999,0.0764069283649999,0.7144091043802238,0.6400197064396004,0.193691910889495,0.4116699467239549,0.2783995293472145,0.1409946122104651,0.2268643214286919,0.3770681896249415,0.4422235198424909,0.0398135518498463,0
2016-03-24,0.0625790681689977,0.0734622026749999,0.098062654273,0.060009192252,0.042936490006,0.0358809754729999,0.2277843971579999,0.231599406805,0.075994600487,0.070167351138,0.084102739679,0.6233177842226715,0.5858665403520704,0.4812543043838938,0.293769655399453,0.2506182213521318,0.2523429290184779,0.210355485445441,0.5820161593322999,0.1728472389596103,0.2403585758583288,0
2016-03-28,0.0263396831229329,0.0017801358016666,0.0473897883777777,0.2141293415666666,0.1804024350566666,0.0052073245977777,0.1688017668411111,0.1748649782455555,0.117402442003,0.0520536313633333,0.0379681325431111,0.5712036031720713,0.5656220040348806,0.5591056848668392,0.1762225787196579,0.0420321264034655,0.1031955144790775,0.1567350281031584,0.3356215191890493,0.2314490602938413,0.1847717849817023,1
2016-03-29,-0.1138339372351765,0.0001121996479,0.036948657385,0.048512836418,0.0336095817949999,0.084155148427,0.065547115826,0.368030367149,0.116410317521,0.150465232012,0.0962085456918,0.5677921718321629,0.6307785396991712,0.7249303754673287,0.2405427303353137,0.2082940783163434,0.2420017502396318,0.1522608349310485,0.2554131341034921,0.3310684752045368,0.0214340082590591,1
2016-03-30,-0.0535823473706841,0.00193078522,0.043272233857,0.061074824963,0.022222881506,0.083421387273,0.199476348947,0.274685853654,0.157614012575,0.093602204408,0.06269947745,1.0318317968163544,0.6485259088839878,0.4329519141351716,0.1532781766001535,0.1587442476635832,0.1490560457897849,0.225801538159237,0.3425048024366581,0.3515965752289417,0.0911805367198836,1
2016-03-31,-0.1046679218299687,0.00667357575,0.030701822054,0.097107197583,0.097550834459,0.011944198052,0.171377938717,0.226875092113,0.2251474443409999,0.078489224813,0.054132654977,0.76636101929916,0.6405701020357132,0.4635289820087873,0.1021603237260127,0.3143340730760873,0.161414854084462,0.2179471635830337,0.3213035692080887,0.3019919388507008,0.1881311597229677,0
2016-04-01,-0.0029560251161456,0.1646301703886,0.057622680804,0.0557308839359999,0.010675892723,0.0003638771229999,0.2472165507979999,0.253660279053,0.00706626733,0.1230482134669999,0.0799852037276,0.7732528074531195,0.5710114586123758,0.5567410104724214,0.3588449854091921,0.2190140733433654,0.1084332786393051,0.2486955989912553,0.4840662266880052,0.0776672190531918,0.2085987597351163,1
2016-04-04,0.1059954162687063,0.0130099814684,0.015946894865,0.174099325886,0.063330876873,0.029151894249,0.118461197063,0.191435117005,0.017950886495,0.265093835738,0.111519997663,0.7970940644679836,0.56512050819009,0.3879527139827757,0.1896682600372231,0.5435950342750883,0.0849048358753712,0.1643936540856609,0.2409094883871855,0.1271131237725882,0.0982943817691389,0
2016-04-05,0.1320339307188987,0.0089926434405999,0.051482581857,0.090759535515,0.016934465349,0.020635708001,0.18473046117,0.18886175307,0.271245199161,0.08197415142,0.084383472877,1.147536596695767,0.4520160399085001,0.5151967489077077,0.1948463457773353,0.1851109367861558,0.2543982985049134,0.1651535563732843,0.556787999234652,0.1948071537560377,0.0648666139111623,0
2016-04-06,0.1001606538891792,0.0016822065587,0.0085516754236,0.124168511668,0.000632176273,0.13130472978,0.234995018777,0.256153537818,0.135259534686,0.050146894855,0.0571057201955999,1.0565258421909998,0.5573485264162066,0.5047341274309873,0.2468619697998308,0.1049246878327776,0.113313281710815,0.2138900485133221,0.4382886748298885,0.1499348574563497,0.1863824788477401,1
2016-04-07,-0.0627027662470936,0.008770354934,0.062985304464,0.04531061815,0.096220050525,0.046694028737,0.2490415024259999,0.329745988376,0.080781919238,0.043356733596,0.037093457122,0.7464781908531228,0.8374429935839833,0.3306169904987424,0.2852879700761709,0.1657664673616427,0.096325165609726,0.1347363471492212,0.3042406176192271,0.1783445866937801,0.3000399610124032,0
2016-04-08,-0.1114249899052083,0.005330506047,0.0647359107888888,0.05901824653,0.1129343041955555,0.0908531138977777,0.2073113957155555,0.0467287929611111,0.2067309203099999,0.1729217837311111,0.0334350179422222,0.8689930719989146,0.2163708028806786,0.3162376765204019,0.2090364783066843,0.2476904734201865,0.2621258733246587,0.2438768030015684,0.3018135530016,0.2048961818695422,0.1863077142256796,1
2016-04-11,-0.238434109929949,0.0089720643898888,0.04793018823,0.0395173072488888,0.0606658262566666,0.0193550994566666,0.2883279855855555,0.01647149246,0.2360368750355556,0.2507865450944444,0.03193659205,1.0322390591563015,0.1001579577206258,0.0622962803440669,0.3765440106353849,0.483719639094207,0.0155066261135926,0.2909619961765079,0.4216503827737773,0.2948408316108729,0.3037552943597784,0
2016-04-12,-0.3502432558685541,0.0008967579314999,0.076314525854,0.144630430806,0.034027900597,0.008751291839,0.151579918008,0.224677991116,0.144164840148,0.150523664168,0.064432667671,0.7868870848605434,0.5753136285708539,0.5082232149079693,0.1031852658683681,0.4159769386899149,0.0472003596662851,0.2353098481635716,0.3685360476350715,0.20742786759957,0.2849433469841945,1
2016-04-13,-0.2323943294584751,8.02064145e-05,0.076157775427,0.1205226302359999,0.050540938447,0.006465102883,0.2436886214259999,0.044225439041,0.2383831930143999,0.141674956377,0.0782611435959999,1.0521154139125648,0.2726349585701464,0.4802940488231579,0.1996008904440247,0.3574712498373414,0.0723376484269588,0.4010683513845439,0.7269917081464994,0.3415662274755259,0.2876298316030837,1
2016-04-14,0.0049673238769173,0.021287019027,0.115656918754,0.0701348309574,0.166827170984,0.0661734733205,0.05501518856,0.223545083045,0.089936047371,0.16551024353,0.0259140157142,0.3827861729441156,0.5900719854881558,0.5458706197210206,0.2985662629747042,0.2664532983752254,0.1101055685726369,0.199070956831256,0.1523175042719823,0.1474181184461243,0.1711050806072811,1
2016-04-15,-0.1408263018354773,0.0920399759886,0.0204296219129999,0.1437851509179999,0.006543076427,0.053230724621,0.171877215802,0.133133361422,0.163991779662,0.114610537087,0.100358536604,0.8133590105372479,0.4398496326859817,0.514394139669763,0.3708998343436211,0.2285253667415109,0.0233183065888567,0.2147317393201327,0.3689766350987624,0.4055082704288962,0.1774197218699283,0
2016-04-18,0.262538983952254,0.0850950634161,0.124031456546,0.099179443865,0.0744378733599999,0.117500841586,0.096633979238,0.0119840518939999,0.09330178991,0.21585777025,0.0819777560812,0.6289443374225064,0.1622732425917528,0.4160006442803114,0.1691843273725246,0.1827793592955658,0.2462984042753655,0.2426453686742584,0.3477521592697071,0.1827869957788302,0.3974576824866785,1
2016-04-19,-0.028278711810708,0.0699290774831111,0.1459656994711111,0.0491634083588888,0.0513547760466666,0.1121097370522222,0.2096715567244444,0.0077649875288888,0.1001997998566666,0.0758804927744444,0.1779604807411111,0.5692441863080264,0.1129184055562443,0.2321687480270457,0.1719634063118883,0.156567957847517,0.1309628175796611,0.1161545800146117,0.6759529661375969,0.1353234234949382,0.5970856509844295,1
2016-04-20,0.1057380992919206,0.1031933462389999,0.172874522256,0.067877382061,0.087427476135,0.073439367969,0.19423084576,0.089507092351,0.048682112704,0.119087928544,0.043679918511,0.7590428759858803,0.3789420033731757,0.3749937299378739,0.2574523054167524,0.151129583228567,0.1567711501121338,0.2433788677361504,0.2798888087268673,0.0745924820986929,0.3890836950967813,1
2016-04-21,-0.1620983230881393,0.0871248260936,0.0280917212789999,0.135002251797,0.0143479728719999,0.041103366955,0.1286084882544,0.20877267308,0.1214407309684999,0.144098273611,0.091409684208,0.6285180808406652,0.6510392983904605,0.4589960562633186,0.288418737668297,0.3999248014058181,0.0578809622918009,0.1054741068262925,0.3976269147317887,0.3416924602214926,0.2210815714085675,0
2016-04-22,-0.2498230371624231,0.330737314921,0.009233297922,0.1052483221299999,0.0167367302579999,0.096507643387,0.169726683283,0.102199489678,0.074549261516,0.085738963772,0.0093223476846,0.6033895556041946,0.4190966115739281,0.3870987700867486,0.7033416633662191,0.5345682267831774,0.009654972870204,0.138838991009855,0.1748822487939149,0.1895704880622826,0.3737228760242704,1
2016-04-25,0.2954289223067462,0.1006196731934,0.1429965179599999,0.017870641356,0.1347209257769999,0.071998803873,0.130689294528,0.0210836805309999,0.128774162092,0.251113113231,0.0001331829448,0.8349406943534452,0.2619383293633991,0.3321440146447523,0.4163435452156107,0.3792172452100002,0.2161546869397813,0.2529897207242683,0.07872753294048,0.0746642167113227,0.3447372747578288,0
2016-04-26,0.0187794246710837,0.0969719219599,0.069983672852,0.1189620317079999,0.096540043777,0.0698776100689999,0.1215550807059999,0.128578303933,0.0890969852919999,0.170609487788,0.037824842178,0.528153774135179,0.4234559867450742,0.3587677412063313,0.3404071355543802,0.2395652201996009,0.0911954189764408,0.2413154593924009,0.2938244929792736,0.1657490053122559,0.3746078765289815,1
2016-04-27,-0.2063980026170611,0.0769089138405,0.03326522592,0.040278805382,0.026412066722,0.0257183111459999,0.341148977724,0.169572877304,0.143147322555,0.088365800867,0.0551816748119999,0.9088633858729336,0.5596622097957601,0.2290687872226965,0.2533956069837869,0.1682765723590737,0.0131091523363045,0.1001619395783257,0.355422676452129,0.2105408347354192,0.4828012917141227,1
2016-04-28,0.1046780139207839,0.1674164158454,0.0712827407886,0.135852661737,0.0067704952896,0.019420353524,0.106043687048,0.110929534557,0.1039990675426,0.222719131657,0.0555659313242,0.654207120609134,0.3866018565496892,0.4850622638296977,0.514624250981959,0.6007100971612951,0.017911787072187,0.1680344973517906,0.3115344613450432,0.2358717552953845,0.1689035147720775,0
2016-04-29,-0.0843594470992684,0.1096245095033333,0.0663786261166666,0.0576762002041111,0.0804482164877777,0.009276857808,0.18165458574,0.17582124086,0.1262767204122222,0.1760266572766666,0.0168163522044444,0.7697537246683762,0.2541567810269966,0.318354560317122,0.260157976207921,0.5516015833041452,0.0511432453234654,0.2532600960076824,0.2333792182365712,0.0751621916391611,0.3342294137469467,0
2016-05-02,0.1628438289277255,0.0389278868025,0.237720342216,0.1407173168,0.139734171212,0.0343025198669999,0.030596143244,0.002391338725,0.111799553944,0.2300268175879999,0.033783926507,0.4994214283331392,0.093704499228251,0.664402242390724,0.0710615070229605,0.3105556591652313,0.1009863180660642,0.3577833115150775,0.2805703874674968,0.0865545942324788,0.2460506777606944,1
2016-05-03,-4.4521968811774175e-05,0.093131352197,0.182051429782,0.062714509522,0.002234644667,0.004295752125,0.21202649293,0.1703129935989999,0.0912681510099999,0.163571652204,0.018392992137,0.7398623791065309,0.372150789262525,0.348054930888276,0.0575921671764635,0.1900015249732449,0.0,0.2264547495517784,0.0883856812410724,0.096092262379845,0.6815954704148778,0
2016-05-04,0.0466863522306084,0.1841918935347,0.212600225613,0.086130204772,0.0950205267239999,0.009940482143,0.244901974314,0.026253730925,0.078547887808,0.03584018113,0.0265728964269999,0.5287779893280738,0.1137445756521668,0.303209916778323,0.2108356789827969,0.1341932713179869,0.1027744567337002,0.245545728397476,0.1988730450272566,0.1679910277733522,0.5957063674595316,0
2016-05-05,0.5567182635888457,0.0241472329436,0.159705347777,0.019844229482,0.1224378848989999,0.065913239794,0.097406847388,0.139130326753,0.150742844237,0.20147670395,0.019195355418,0.5716528970892962,0.3071285001918943,0.3001611220316321,0.3846015609361445,0.3109833845343909,0.1896047588692787,0.3313405788469195,0.2260050183237066,0.2232421011750725,0.4076216990613742,0
2016-05-06,0.0072538755834102,0.2232927821759,0.0542380269719999,0.1060037487175,0.0132480005399999,0.00037191272,0.209463692011,0.1880726080714,0.098020937427,0.095546309453,0.0117419759296,0.7289530074406738,0.4867789337556998,0.6766731004984503,0.7243791561450841,0.146834062062427,0.006193466618892,0.2245807723852169,0.2170114077127374,0.0937709071148034,0.2761132031991509,1
2016-05-09,-0.1183100621215999,0.005633250625,0.082010634066,0.081337577456,0.0646027173919999,0.087617299651,0.222838332844,0.3482187108769999,0.000468996236,0.105174677282,0.002097776959,0.5527082139085778,0.699640375340947,0.5058480604954918,0.0769111124424919,0.1911644988500327,0.070616356866534,0.1670115635974027,0.0592662608272054,0.1192667427072002,0.3546914243449282,1
2016-05-10,-0.0423176318407058,0.0029002901139999,0.028371103502,0.120189817555,0.063544525687,0.0463364664,0.177959209713,0.129047010993,0.045928120547,0.339347501631,0.0463759209659999,0.7079307299189285,0.1935115474205669,0.3832291214608445,0.4308757587783229,0.3662147655938376,0.0992416872425041,0.3908033162251872,0.264076387908668,0.0731278486292447,0.3486576190966113,1
2016-05-11,0.231493005156517,0.274360223368,0.047507153946,0.019393029128,0.0193524582104,0.016539484996,0.169482175577,0.141873709094,0.075075212124,0.2190715193189999,0.0173450560636999,0.5109439295986844,0.4673794147507087,0.2553840621938599,0.6147219047710805,0.3678781289714032,0.0141530864685957,0.2188155481759957,0.2355772960198283,0.195226067023259,0.2018585058688415,0
2016-05-12,-0.1582338513806462,0.1897052192634999,0.019423018591,0.000767989912,0.093623004824,0.011179670194,0.219353662461,0.292350255335,0.078451139595,0.088956656894,0.0061893787174,0.8229276636366102,0.7918637472067809,0.3663342936289814,0.470534887252134,0.3347447874757655,0.0089525299121978,0.1373593434977204,0.1631506864353122,0.0646518018378653,0.2905653800943567,0
2016-05-13,-0.0833117814734578,0.199318772481,0.094312636449,0.1752157819344,0.0537962864914999,0.0285493939365,0.031983524551,0.1020530059596,0.12527969941,0.122652465575,0.0668384651288,0.3890858979032191,0.1849980273541638,0.6365072853835428,0.4883876948923945,0.3632496842796979,0.1116824929854282,0.1820876633963734,0.1983943944338527,0.3125288954719259,0.3607159630354445,0
2016-05-16,0.1501450635492801,0.0848662665633,0.105027316936,0.051131340674,0.049597774247,0.007217772792,0.199206042414,0.039067957428,0.051458853678,0.215620627532,0.1968060579736,0.8808140874104226,0.2318917530413176,0.1815460276782524,0.2611543700335837,0.4265472207926734,0.0491578262715082,0.2502318284449322,0.3712520742563561,0.1415259431529482,0.1578723131866366,1
2016-05-17,0.0297331038862466,0.1066376311822222,0.06326974795,0.0207733338988888,0.05312770383,0.0591351635777777,0.0918962506411111,0.3073718782033333,0.1963941054311111,0.0959031609088889,0.0054910345372222,0.5765676343790779,0.8730936850022276,0.3428334024850965,0.421691003625647,0.1460732354187591,0.0637370933921573,0.1746816002387436,0.2757286686030409,0.3779793129250277,0.1175180548352846,0
2016-05-18,0.2473107258789241,0.0135209111347999,0.11942613867,0.019929131474,0.070187047851,0.0736295969089999,0.166647282605,0.2306458866929999,0.126911831006,0.128517855288,0.0505843106144,0.7710001005935955,0.7280640898795857,0.3077234748343476,0.2024087394977589,0.3411928321425592,0.1381092853024337,0.233579496214353,0.2648430168825865,0.1005925834214899,0.088212354139747,1
2016-05-19,0.0995310679078101,0.0045699979448,0.07855267111,0.01320813516,0.068729508123,0.145027320097,0.181197231624,0.1599210003,0.135924669704,0.201331828615,0.011537644648,0.8691324513959694,0.6320240214574554,0.2546555282405827,0.2969897773447177,0.2312585775525755,0.1470578055429258,0.2888228980961586,0.2026930482732332,0.2095669982288829,0.2078004575405823,0
2016-05-20,-0.0144772380590438,0.074554942235,0.056951507846,0.024774232487,0.064040916841,0.049507512943,0.194880883461,0.152516228918,0.12825515522,0.2223248933959999,0.0321937127216,0.754929220451868,0.5453575675026745,0.2141561935512225,0.3640730395967694,0.4285229234558036,0.0181216695932489,0.2172254769180778,0.1608320965942696,0.2704732228159688,0.0886882100737689,1
2016-05-23,-0.0125646099448204,0.1755394723527999,0.0364078542889999,0.060757028,0.080078052752,0.000338950533,0.092051800229,0.225855122157,0.188736575711,0.0561393041769999,0.084095825936,0.7985720481190713,0.7824869674104731,0.2657685844159262,0.5303826278234898,0.1863024131490402,0.0736601303515663,0.1975377504822305,0.30385731073975,0.4292392614411781,0.0497414328849897,0
2016-05-24,-0.1351877810433507,0.0929043068785,0.00313102433,0.037326926672,0.008181341119,0.101098970979,0.125577670456,0.28216674791,0.244017712885,0.0908369361989999,0.014758356072,0.6014058749039657,0.8619831723315926,0.4073299459517989,0.3702540005020217,0.2314851816327207,0.1647800532859929,0.2724263911457976,0.3029151287684205,0.5131133078192331,0.0578993556826864,1
2016-05-25,-0.3825309441424906,0.0097440701009,0.048554317175,0.037465581451,0.004900663155,0.022292337207,0.328575203604,0.214898464457,0.13673766819,0.171382057197,0.025449641855,0.8365733606941795,0.9015684735598952,0.2645114620560317,0.2357181265213332,0.4331167980817241,0.1093523133760047,0.2457700455038508,0.3061487009735762,0.2078079585554303,0.1467579539678006,1
2016-05-26,0.0029299242421984,0.006376744099,0.0790019761789999,0.1523808458,0.0586386520239999,0.040807758258,0.148905063667,0.262928049447,0.155199718446,0.045282367519,0.050478804334,0.6789570892228308,0.7869254890074824,0.3857686204804747,0.0493661591560888,0.1489148129615538,0.1380249523016288,0.2089516901867272,0.2764496328443669,0.3867092592383975,0.1144536808755387,0
2016-05-27,-0.2707653410732746,0.1013089381235,0.044360398107,0.043208237972,0.120351195332,0.014685880199,0.1149863411059999,0.293946039285,0.142893307322,0.1019665064519999,0.022293128095,0.7435703446330126,0.6664831246353237,0.4680342269742535,0.5510310694128143,0.2073808668688186,0.0357696719770071,0.186232221930414,0.3657692971564685,0.1370940929906172,0.1032022664854209,1
2016-05-31,-0.027968655154109,0.0908070808596,0.052578303432,0.0834795457716,0.001518500938,0.032318872757,0.172598887811,0.201739249848,0.221523931749,0.124700430316,0.0187351905482999,0.7363035592071916,0.6860108738997517,0.4964786711814631,0.4032475549555487,0.2114067731504226,0.084654924088242,0.2429163808425502,0.3682621107796747,0.2758190357277446,0.175377696924729,0
2016-06-01,-0.1021406482905149,0.0006606409896,0.008567170792,0.268777821657,0.065407081821,0.011281978659,0.186501717651,0.1362586249,0.2330343644,0.038806319258,0.05070426941,0.7708173457134799,0.5939778601465674,0.7820862716315446,0.3538668767189997,0.1220012480292512,0.1047279922450732,0.167442843096245,0.7106726071202576,0.4051932056975997,0.0534656978394507,1
2016-06-02,-0.2166509982198476,0.1111999160314,0.110620924705,0.127711653135,0.049239015527,0.037074989831,0.078565301304,0.141080898551,0.163963717234,0.14573313849,0.0348104499064,0.8420338819683802,0.6423657139551412,0.5337342347994147,0.4504654777262411,0.1446052183307244,0.146245404338218,0.2508144883074865,0.3618774132367926,0.1942650975010222,0.0882977621328466,1
2016-06-03,0.0636116318404674,0.0136153273504,0.04055532993,0.050632007704,0.0687622064379999,0.059463132869,0.193210928728,0.237654375404,0.156439847789,0.1351947761169999,0.044472056337,0.7648030182910637,0.9204721042687906,0.483630972145529,0.1862929987191229,0.2897876249914493,0.1791513474743382,0.1921417197278215,0.3613885199520675,0.1224003466636335,0.1292918268161179,0
2016-06-06,0.1287236545234918,0.1105996961503,0.050930426205,0.082730828216,0.0907573729259999,0.0580490392129999,0.020232699239,0.337877460653,0.059257743927,0.187145409207,0.0024193011460999,0.2526383637852099,0.6881783465914794,0.5744909662468363,0.3442502696265381,0.1879640047693132,0.090284999305786,0.1594250420787808,0.0280565201165667,0.1693300980760783,0.2822423049199553,1
2016-06-07,-0.55971719622612,0.1028224954775,0.073613440183,0.093386543563,0.09583226613,0.004809523164,0.090845257663,0.214840550459,0.140197599392,0.154197312388,0.029455006234,0.6625173698288366,0.5683536455028957,0.3655932907110511,0.2253704717306136,0.4188170367990326,0.0058886969796118,0.263034957337972,0.2806706998582672,0.207125844621528,0.122687950853025,1
2016-06-08,-0.2360081508755684,0.131524229943,0.008083595087,0.096735883251,0.0300985012539999,0.006698541751,0.1194263239859999,0.222448851014,0.134654223038,0.223208441015,0.027121392167,0.5863561090713182,0.7647916365769442,0.4544604683999059,0.5440623710094801,0.3950804164979837,0.0275164756761306,0.2417783098654509,0.2845106086801893,0.2417395595043425,0.0864517284084333,1
2016-06-09,-0.1440111124888062,0.0011323573848,0.019696137367,0.1828383233229999,0.035682577101,0.016536730738,0.155809841916,0.154661087134,0.296147718398,0.103382114726,0.034113108268,0.7816393759865581,0.7558535053518194,0.5787772001973132,0.2398374065175656,0.2997466963900733,0.0,0.1605054748970381,0.4937901794269345,0.4588393507273152,0.131366711781967,0
2016-06-10,0.0500801265239715,0.1782220130747999,0.089197584144,0.095602379157,0.1274877988456,0.034577210688,0.003156928713,0.181640043437,0.070637770937,0.14415859704,0.0753196598005,0.2759329466273053,0.4224735406914685,0.5243145786003927,0.5399901421659178,0.433826898251932,0.1865662053279683,0.1725717902107696,0.2901111706996307,0.126829146608015,0.0820089483482347,0
2016-06-13,0.302796359732747,0.0094593437834,0.161260232171,0.071918230175,0.060850271585,0.056884704246,0.053828039662,0.052991170234,0.260419367594,0.1626126698949999,0.109775982416,0.7831958815073717,0.2741787825534735,0.1995865322986584,0.3401697642840665,0.264609371336629,0.3059947931652417,0.2826609390681694,0.1935578673678338,0.4484817953275482,0.0674950974876383,0
2016-06-14,-0.1346733090467751,0.242540993848,0.071528067889,0.0092102687084999,0.037603792257,0.0009674407709999,0.1474498082334,0.185070921795,0.1460742720851,0.155820831507,0.0037336001108,0.6492356417530977,0.632849779250438,0.2665750338031573,0.7345770736419747,0.302553465151483,0.0167936197322922,0.2655036254274919,0.1141630597798167,0.1967722808972707,0.1807737331821337,0
2016-06-15,-0.100477484986186,0.0075808763034999,0.000313936479,0.022379374328,0.0198783470049999,0.000436618654,0.092047929583,0.3654613589,0.288777498651,0.155974921414,0.047149124254,0.7323020358278904,0.7647256236195867,0.4741886905046611,0.3044443139658974,0.4671651205553063,0.0427542643201672,0.2746073575274368,0.4445527186383968,0.3124686577527152,0.1086114992800605,0
2016-06-16,-0.063776216097176,0.1083138189667,0.000310449464,0.031060532028,0.004092084401,0.019804395202,0.038336716882,0.253773046735,0.316913128787,0.2251481560659999,0.002247653315,0.8062810268231129,0.6576937184707511,0.3469135150612946,0.3342509286173102,0.5674920556056289,0.0093167967972639,0.1464941343268797,0.1520813191954375,0.4529195258098027,0.0684428485430152,1
2016-06-17,0.1610430319793522,0.0109795373894,0.054581490681,0.0047485508369999,0.13076403529,0.007049284483,0.314933019413,0.06337814901,0.193303783901,0.214532331153,0.005729831769,1.1585046776003822,0.2813248149011448,0.2838631339006213,0.3433752322952077,0.3280294901546575,0.0832316009632511,0.321564571678662,0.1994105646409225,0.3569431335640975,0.3862552271510572,0
2016-06-20,-0.0096090463921427,0.0999112620604444,0.09179133541,0.0390627563671111,0.0938960773444444,0.1199080856599999,0.0698095497822222,0.1324144723711111,0.112249974834,0.1944339376777777,0.0465225421551111,0.3862835803284314,0.3507769268279463,0.3246981441780409,0.2158076630690239,0.2186345661057192,0.1369040869922117,0.2442421736478406,0.1825010577515799,0.3275931622120949,0.0343542696114216,1
2016-06-21,0.1331812642514705,0.1006523992380999,0.092061008168,0.051577871831,0.092897038152,0.213497315169,0.036236251154,0.244887587609,0.0780507407326,0.08294894315,0.0071908368683999,0.3746460628884221,0.4524895730305039,0.615940614966385,0.3296184917897283,0.1559727475490712,0.3682807770682698,0.2202473033811332,0.1627498712996088,0.1029888844773848,0.2639336910089997,1
2016-06-22,-0.1857904236763715,0.14523365585575,0.14733426649625,0.0997160542399999,0.0068788097524999,0.00117319184625,0.08894217006875,0.08087813252625,0.30152877743625,0.0370070757325,0.091307877735,0.6708659912558576,0.2676713618445678,0.2294042704173476,0.2165450414558719,0.2395604809348922,0.2327149862703211,0.1925701777725716,0.313531557034111,0.1643774807125627,0.216310717072088,0
2016-06-23,0.1034175753593444,0.0038258407515,0.062145126981,0.008618156668,0.05703122854,0.021348047127,0.090382201828,0.0248268197019999,0.342130008649,0.3658071485999999,0.0238854302224,1.2938377193333612,0.1899355091589425,0.2630363089308041,0.3437189393403352,0.4158068641053721,0.0986256105479705,0.3686289472379153,0.3850260155534796,0.6902985802481519,0.0700483278989188,1
2016-06-24,0.0044948143884539,9.81353072e-05,0.001393304792,0.043383033879,0.031822762018,0.041392531484,0.085981726579,0.2272169433,0.2487430959,0.296243418,0.023725045708,0.9638266630907246,0.6690139579653018,0.3456953536935377,0.2414702402590431,0.5251875303348406,0.1011794703789165,0.2332187372967942,0.3278013483450894,0.4658619457396337,0.0462745140891079,0
2016-06-27,0.1905517902225255,0.188811431235,0.016354258844,0.0601872184925,0.0902561251935999,0.046750796128,0.10948804799,0.0254645743019999,0.1249182512957999,0.3066972253459999,0.031072065811,0.7404977877459193,0.1870588210266968,0.3581907490552155,0.6443824553594788,0.5253295565761804,0.1177561832967481,0.307291352664969,0.2423569006030816,0.0740930967040392,0.1611601263761031,0
2016-06-28,-0.3465131267905235,0.0065330375385,0.0272628407629999,0.146139344418,0.182506520702,0.089279731342,0.098580065161,0.172020839357,0.1444512436509999,0.131530051616,0.0016962964179999,0.62659280902195,0.652384026523074,0.499338977919193,0.3215560054415208,0.1733868889451118,0.1682329547029679,0.2859632914254723,0.221965261525077,0.1070335591574286,0.0505692814523507,1
2016-06-29,0.109221651032567,0.1293927999944444,0.1194152897333333,0.0094950854511111,0.0716995371688888,0.0803857486644444,0.0758285784488888,0.0412653025911111,0.1576987074433333,0.3033013100444444,0.0115176613488888,0.691313313163964,0.1892422519370443,0.1150861593318953,0.3558793633646606,0.3858987205644476,0.1983024969636468,0.3631810530418844,0.2837297428574452,0.2036639753740667,0.2380866131894759,1
2016-06-30,-0.2079080782830715,0.1951246435715,0.018321043123,0.120189724374,0.046003178579,0.0292683459599999,0.011501459846,0.11871919664,0.180865857465,0.193089105852,0.0869174398314999,0.6816909843440527,0.365376387449624,0.2904097988982506,0.7595750109993948,0.3279543903008408,0.0729496962214421,0.3137930854803831,0.3033867799889873,0.3068663597207224,0.051998083734065,1
2016-07-01,0.1432285076938569,0.0001437350446,0.01195303952,0.198270438454,0.095038513657,0.062144682147,0.050594608681,0.161650031226,0.120196071523,0.2997784704139999,0.0002303951349999,0.7104780129924994,0.8368883336636834,0.4921979213905781,0.105177239008205,0.3883424729911947,0.0716532337632812,0.2058170969982867,0.0272761000853793,0.3497903923984807,0.092371056137658,1
2016-07-05,0.328645446896553,0.0008363586321999,0.04113876018,0.041443882187,0.149886572927,0.131386129967,0.002601750866,0.118543477485,0.060312922185,0.4408537505,0.012996375137,0.3931351092349561,0.4352543408231247,0.2578496700813258,0.4568652640937883,0.6070079382986989,0.2165120674199381,0.26762889423312,0.1438951488506925,0.1761730337411042,0.0369533973818482,0
2016-07-06,0.0073368787765503,0.1984862203661999,0.0947286830609999,0.1243388018649999,0.097427199851,0.024268572897,0.0746617706579999,0.180278043451,0.066162961827,0.130543291097,0.0091045094259,0.4976023821195873,0.3567632416068029,0.6841368746229928,0.5496005147836577,0.3630951299909093,0.134168999156789,0.2375297569983613,0.1360597970049194,0.0873187844564743,0.1021155386760549,1
2016-07-07,-0.0864824723452329,0.0078724449008,0.017045024159,0.0297346518329999,0.042221845141,0.083566603704,0.2279116951629999,0.207423121456,0.14632575055,0.215957589788,0.0219412733879999,0.8060926142389654,0.5396645158280658,0.5320578824271813,0.340091694782165,0.4691537005841608,0.0580785279243472,0.187816969354501,0.3361781558641284,0.336947139582179,0.2555484689530864,0
2016-07-08,-0.2856888018548488,0.0972575755934,0.029658763043,0.046544183603,0.047992095282,0.0127462254925,0.274880763647,0.182371860398,0.13774226501,0.147505040913,0.0233012034395,1.0338207863195856,0.3862742760927863,0.6130758357395859,0.4496967805317627,0.2506208583986856,0.1033064546305889,0.2977500310628084,0.1740596406117784,0.2601649816988708,0.1302017220931172,1
2016-07-11,0.14529774999246,0.0155259545686,0.045016840129,0.150341632148,0.0232534226469999,0.047105628406,0.041822004156,0.085782599623,0.120661316459,0.47029239315,0.0001981723116,0.5296330852750379,0.2995446541460001,0.6889586816525001,0.1971206880983945,0.6853636980764526,0.0305913940061425,0.2686293054088077,0.0,0.3918947713305208,0.1431652826495049,1
2016-07-12,0.2570764860138297,0.002737961987,0.018054542266,0.0947799858854999,0.085904328344,0.049815269528,0.18186513075,0.239418890202,0.075354863874,0.240836522545,0.0112325112732,1.03935915025948,0.5403435984103925,0.4773369079991237,0.4328620211802569,0.4309692899236915,0.081989972427139,0.3078253799823644,0.1499755760442568,0.1653688942428831,0.2269907683095039,1
2016-07-13,0.2661505168303847,0.0052192281664,0.083126415067,0.105196724412,0.06508337596,0.025499357554,0.150136681389,0.238180758228,0.117229806216,0.2087398161999999,0.0015878492993999,0.7502176964248329,0.6426944235914737,0.4719713282238365,0.2246371212088815,0.2283716685206019,0.0781713459689492,0.3073352259909843,0.1205203914566543,0.4455732299256986,0.1568593917395989,1
2016-07-14,-0.1574892684817314,0.1841539399112,0.0078396428945,0.0957845433,0.022020170175,0.039749195058,0.244263686661,0.168740802,0.16040629149,0.0743091533669999,0.0027325811863,0.9489329608755976,0.5134599867295648,0.4287567234765778,0.48489516237565,0.3464105638523211,0.0961398255687659,0.2531902009707009,0.2121513586759757,0.2217304621553035,0.2895433771542789,1
2016-07-15,-0.0427333430387079,0.2421676793235,0.036348146772,0.042854170522,0.102603354302,0.042866614101,0.150113004676,0.109555726545,0.0735558008599999,0.196474454884,0.0034610357045,0.4309098929129112,0.3019123494032407,0.3562100629426082,0.5817817487761318,0.4352609414064384,0.1459636458615034,0.2784085046302887,0.1004283726436509,0.279992763820418,0.2414580687599002,0
2016-07-18,0.1429636657238006,0.1714951233358,0.1291040630213999,0.0124867357309999,0.1797879100219999,0.094298392001,0.1297731945174,0.043651260837,0.0829434539646,0.1142527613049999,0.0422071036004,0.5093890786003583,0.298274230909383,0.2375295635599759,0.4965683145725871,0.4861155965130552,0.1430279005889795,0.1835775945090071,0.253023728907525,0.0587780157214795,0.2915548844698894,1
2016-07-19,0.1026739709079265,0.0029709652734,0.011046169414,0.065205342969,0.199378947704,0.0340692313209999,0.235982139197,0.080652378617,0.207503641999,0.098078013519,0.0651131783663,0.8476334898188316,0.1879815792049365,0.3979377066062725,0.3044321613965415,0.1664587031322106,0.0616091748797437,0.2305410096777377,0.4172383640201537,0.4080663283346217,0.2298360704041156,0
2016-07-20,-0.2450203638523817,0.0962518944455,0.0180675891019999,0.117884799669,0.112227364045,0.0611370270669999,0.098611332167,0.2032808098079999,0.103654585939,0.182008946128,0.0068756287089999,0.3582205158740404,0.7013258651462725,0.5835734774265704,0.2836574325044981,0.5115369784016849,0.0526505180075475,0.1015995590985371,0.1085952048324471,0.2588191144409976,0.1256767990007271,1
2016-07-21,-0.2383150868117809,0.1699247429554,0.054801238187,0.12953061716,0.109388893282,0.0553336322429999,0.0784664470119999,0.2026932812699999,0.123059017604,0.058812412481,0.0179897168135,0.5911997420868452,0.4701120510748553,0.550844005083081,0.3127853384231182,0.3299296953315198,0.1833844906282726,0.3355932487094801,0.142320802707515,0.1207584845867599,0.2190305890724949,0
2016-07-22,-0.1560976073145866,0.168197375296,0.0762516895765,0.0237089160165,0.0257998581764,0.0335668651894,0.313460870309,0.114039140735,0.1082678322266,0.048887012667,0.087820402769,0.842492041114083,0.4235096980680459,0.2538507040571301,0.4613714168725499,0.2608322413125096,0.0367313690327995,0.2035921890986345,0.4771804743425116,0.0875207924919604,0.2690819594088637,1
2016-07-25,-0.1736987292766571,0.0001000178456,0.0068215980759999,0.121034828807,0.0044816076359999,0.00040302953,0.185220694237,0.271055127126,0.2901304501,0.041910980521,0.078841613329,0.961443801228456,0.8255988118342448,0.5019937835860135,0.172198236139296,0.1871346544516298,0.0797458911701823,0.2842109951627175,0.3678280713866076,0.5837206567255603,0.1522167314726471,0
2016-07-26,0.0596217913553118,0.110672999456,0.108196627474,0.105926405362,0.0117973680319999,0.007914345064,0.193985771192,0.169112149707,0.174449860093,0.111976296933,0.0059681415417999,0.8059565960680404,0.515488035526846,0.3413087937610485,0.2517521833562636,0.184368324073034,0.0063164474848018,0.1598082257524831,0.2327453616869863,0.3536165917924386,0.5242816662774854,1
2016-07-27,0.2810767943039536,0.034858696345,0.108649661906,0.145908568494,0.068096579335,0.011555044492,0.209535049801,0.150086802409,0.060419573567,0.209889909263,0.00100007818,0.5361250331837517,0.5782097291777248,0.3120305847756598,0.1213729957266853,0.3006018775528093,0.0828757710421271,0.2595497025180323,0.0337123906220128,0.1997091693187248,0.6078720754655725,0
2016-07-28,0.0257808830589055,0.0511450629039999,0.101567456735,0.004486904432,0.057160971859,0.0121673613939999,0.1867489668269999,0.19363069412,0.201156128149,0.169631370957,0.022305099432,0.5623913622265789,0.8000997105720709,0.128658195318751,0.2941453410770202,0.2986736920125594,0.0,0.1426312949742444,0.2564142566927364,0.3835657017739695,0.3964121637301231,1
2016-07-29,-0.3950587317347526,0.2215227761586,0.033110341024,0.1113343294039999,0.0049761563986,0.00138794539,0.204685731223,0.154454176334,0.075112382954,0.18495953379,0.0084566182684999,0.6357998877247513,0.4384701579508449,0.3820292973104407,0.5861842605673135,0.5480057167976852,0.0139392060871339,0.1996509886827906,0.1069749581333954,0.1912201769457625,0.3699227233849155,1
2016-08-01,0.1377332959324121,0.0844724201834,0.029116342494,0.117197940576,0.1091925695179999,0.021276370877,0.130409364409,0.10743019587,0.1185636421895,0.240742459865,0.0415986874048,0.5638517054638224,0.4304308521613046,0.4880242004635629,0.3343503599325517,0.4883501864884829,0.0431568647071927,0.1576406703587926,0.3891599431782829,0.2578007907059045,0.1793933431848777,0
2016-08-02,0.0414993880316614,0.0147306639545,0.050800259778,0.14645601694,0.0004787638759999,0.000597177899,0.2337705930559999,0.105750853266,0.282303488752,0.10299341156,0.062118763775,0.8933911927364099,0.3868697149369267,0.3954289914168155,0.1297651131655214,0.4574232948448953,0.0270029332552066,0.1553417050363068,0.282400163199422,0.3241620121559813,0.4058285741682464,0
2016-08-03,-0.0640726184472441,0.0787511116563,0.016792855617,0.063889933768,0.11749068311,0.030254687304,0.206239247898,0.137025322109,0.1221006323679999,0.149449257944,0.0780062863539,0.7362564248322528,0.394836401549574,0.525503405634924,0.454533988322617,0.3341828505161466,0.0857561458042481,0.1373773816747679,0.3856988652983767,0.1670155154835782,0.2110479984986212,1
2016-08-04,0.2614355176687241,0.1675172589869999,0.0289697708255555,0.0381710005211111,0.1529850730533333,0.0571356029233333,0.0686984603099999,0.1369379571066666,0.1796896037344444,0.1211853708755555,0.0487099430466666,0.6737063858877337,0.3901384372627424,0.3545946564707964,0.7905707574783103,0.2251421076593072,0.0436579929928139,0.2094263370419798,0.2922043155980434,0.2540447010214843,0.0600028550074459,1
2016-08-05,-0.0086908519268035,0.253731466283,0.0155576230315,0.021931480432,0.0204577710469999,0.011929988557,0.134292878129,0.261883531352,0.142415880864,0.126500533891,0.011298858563,0.5115606937803937,0.7577950095974374,0.4821310091864793,0.5951809756713324,0.5023323710418377,0.0321239196778867,0.1831150028807831,0.3366588811128738,0.2609584099197604,0.2191665983366829,1
2016-08-08,-0.2912212967872619,0.0902522975026,0.031838715909,0.0217652492,0.1315277245019999,0.028910542095,0.0984278050909999,0.275475993166,0.243578520983,0.0518767210575,0.0263464250352,0.6146526442836031,0.781177859011115,0.3911273157581473,0.5093659502287832,0.2467736932869021,0.1055915134130345,0.1453665541612965,0.3367460253922594,0.2271711059979409,0.1148637315221049,0
2016-08-09,-0.0513918004930019,0.1409937653786,0.08269205498,0.101681706087,0.002424745052,0.000589519623,0.204825895801,0.112493372287,0.288719742087,0.0590754192839999,0.0065037481664,0.6901015062753011,0.4352114199796094,0.2411298430262498,0.4486974209429782,0.2841957754683041,0.0059738857117702,0.148751027082409,0.2166160436264601,0.3613255552129961,0.5172630563874618,1
2016-08-10,0.1561918081715703,0.087964663264,0.045188041452,0.155323212769,0.085737761831,0.079373581804,0.01093008556,0.166318972061,0.1864732961729999,0.1740021883899999,0.008688214711,0.5064014463083067,0.5056417170583983,0.787690945361873,0.5017399886527107,0.328216525895362,0.0399587623165181,0.3900289657145503,0.123146252161813,0.3990848300003258,0.102299371867861,0
2016-08-11,-0.1461543291807174,0.1834544626494,0.060879029013,0.1150486241379999,0.018082609634,0.009269635456,0.099986771531,0.23331225883,0.144013042838,0.10971559631,0.02623792203,0.4695019124609853,0.5181853276944897,0.5217342770402608,0.545157527136286,0.2019171290599194,0.085730065260744,0.2199008987951684,0.2247411385712245,0.2298489431044196,0.2132224408835342,1
2016-08-12,-0.0013525571674108,0.0242574907646666,0.0905866888344444,0.2043023109144444,0.0026276416733333,0.0057829960511111,0.1033650857211111,0.2097682938622222,0.1106553181755555,0.2257647989222222,0.0228893695888888,0.4492229751726251,0.5502143646985489,0.8914692667181473,0.1975710354114399,0.3152068644518614,0.0036572692035048,0.2340393898115355,0.1804376851809675,0.2251212638113826,0.2539730077395041,0
2016-08-15,0.1137614239007234,0.0139981156356,0.062127128475,0.111969759593,0.136277841562,0.092476674393,0.082599256656,0.1098181097269999,0.149031089685,0.142145604265,0.099556407803,0.8620085640801005,0.446664065245057,0.2558202523804535,0.4397277784234841,0.2261677913530449,0.0820134950220328,0.188141790826494,0.4355669702336985,0.1229945471063376,0.026256210699333,1
2016-08-16,-0.0396857288666069,0.0981600130328,0.004366015398,0.07493609544,0.01579375673,0.032192685471,0.143635274689,0.3066044826819999,0.1667463419529999,0.1118582155559999,0.0457071189794,0.5752719981987028,0.6942270012244345,0.3610768156413567,0.2748481507327928,0.2267374302600674,0.129540690116318,0.2738360312658982,0.1625378476033683,0.4718240001252752,0.1389059231621937,0
2016-08-17,-0.1459028931334614,0.1909784625659999,0.058700219366,0.0067494684149999,0.047696253997,0.011591053978,0.140496978728,0.320824388438,0.1331160348645,0.076043271186,0.0138038890466,0.514376314512951,0.6488988914885445,0.2268990520693359,0.3375778155447119,0.2930762919433816,0.0113865553669478,0.1114663640062736,0.1077114841252466,0.2861728864300837,0.2204346334906634,1
2016-08-18,-0.166579701565206,0.004571272772,0.013767593405,0.046789845611,0.014842467561,0.0157694144079999,0.204173524668,0.3520729494139999,0.199765067421,0.112938379105,0.035309468844,0.791391538458215,0.8407411904342601,0.5067607398700651,0.1892353635833592,0.1319136981456515,0.0331627689924293,0.2485222630153624,0.4489243435789835,0.4159373137527966,0.1241813044044123,1
2016-08-19,-0.0316417532041669,0.095908206304,0.036187974273,0.119992507014,0.149467252315,0.042326913279,0.153209314973,0.211015564651,0.090656350374,0.086091425849,0.015144469385,0.7429700544456315,0.6567910936401484,0.2519827888972158,0.246805569138131,0.2142543803039503,0.0724224686701238,0.1621812606152115,0.196879628280125,0.1336399552295589,0.1443147782822571,0
2016-08-22,-0.1826991802081465,0.0976653242204,0.0472411546469999,0.074823690542,0.061937739439,0.009657572539,0.095571757457,0.19658828527,0.179403575614,0.211570411887,0.0255404800945,0.5511084804577949,0.5579663250517799,0.2530384557581479,0.4105566583590542,0.508845744432714,0.0396505631387428,0.1679978743528588,0.3259648919433265,0.3383704662739777,0.1318002526717765,0
2016-08-23,-0.2305835861712694,0.0904160668319,0.061490880844,0.085305698121,0.032023784387,0.015905436281,0.244568048501,0.212402899991,0.0890877788696,0.1670741733669999,0.001725198371,0.9150408937830916,0.7325785381971762,0.3353771192179821,0.236127370662225,0.2934208723664915,0.028639202055988,0.3356749079904645,0.0338535083947279,0.2892323487614658,0.2188495320646928,1
2016-08-24,-0.2092438503168523,0.0091589292923,0.014556792523,0.050305757564,0.039281145912,0.09888526705,0.127580896821,0.226432920174,0.147616824044,0.265252880875,0.0209285622185,0.693591603457534,0.866356355764397,0.0971754399331881,0.2813404761186265,0.6868355223454693,0.0278504469462209,0.2245791977970815,0.2532442607147414,0.409178975636119,0.0813094992209713,0
2016-08-25,-0.3538276871666312,0.085636424401,0.023636711942,0.135110500775,0.093576542461,0.017705367089,0.1319714392829999,0.282241506857,0.139568496219,0.078194937918,0.0123580805699999,0.7529015865466985,0.7346584997139374,0.4935618727810545,0.3501277204989402,0.362406980305833,0.0175467034723627,0.2539558819615997,0.3002990512505538,0.2245139122554607,0.1181215223165429,0
2016-08-26,0.1218584945425391,0.0001084485261,0.007628103712,0.109947480093,0.001129127616,0.007592418402,0.066324800963,0.576595968,0.129273355268,0.089894858716,0.011505423927,0.5571537591890988,1.4655089513553576,0.7877976337427907,0.1297371495391345,0.1981790115833352,0.0343722243747507,0.2435315798813518,0.1153423540200129,0.3157307514544784,0.0379413697053341,0
2016-08-29,-0.1265903666615486,0.0935479541454,0.012062149017,0.127723870414,0.00876426439,0.00203173751,0.040134494688,0.330934225039,0.197954340788,0.107142265566,0.0797046660044,0.4063348234448196,0.9048461148586572,0.488997927963159,0.4961649861165723,0.2764779810509763,0.0845264744876696,0.1442927234726494,0.1065610225206277,0.5632095222959703,0.0148367806476403,1
2016-08-30,-0.2059220820665359,0.1502426055556,0.0256695928349999,0.089324058896,0.087399254315,0.013940470045,0.1454176713719999,0.16250840612,0.150276319792,0.167520824376,0.007700764162,0.7007525668721464,0.7539641512244,0.4820067726617478,0.5568307922762561,0.2979173106703123,0.0828513945956893,0.231422947352648,0.2175741096312497,0.3066141484878028,0.1599968464325512,0
2016-08-31,-0.1739878449589014,0.095135693549,0.069560158112,0.093181168246,0.1229977035059999,0.050355073097,0.062863766381,0.1016469291099999,0.156345317838,0.127422723574,0.1204914538573999,0.594384787562678,0.3237128789821602,0.3500147215667324,0.3261138006930915,0.4882108399060357,0.1502768162079224,0.1998991998376184,0.316192246989584,0.1247044783345483,0.1306026525299446,0
2016-09-01,-0.0075815235264599,0.2213193041604,0.012439792825,0.1352047974,0.013512861674,0.040420935274,0.14803299457,0.174453193638,0.107760143661,0.099788476627,0.0470674556309999,0.6090169914025442,0.7120396135238175,0.4945224654956409,0.5069835108219365,0.2571332487542503,0.0479113941302438,0.1037228671009885,0.3116202184344588,0.238286250866078,0.1232399443322712,0
2016-09-02,-0.4077739581465721,0.555216759627,0.040542039727,0.08553493396,0.017949031055,0.014697136767,0.036951742691,0.05180073344,0.0752235871306,0.108122688943,0.0139613141838,0.2497728607382601,0.2490047550328221,0.5133270454746578,1.249907567469218,0.3254599674307749,0.0547379413673696,0.247910212977334,0.1683360614638324,0.1656689461943278,0.0956063565004415,1
2016-09-06,0.1527606443502008,0.0012534213366,0.095385851528,0.045494561942,0.104963342755,0.071719593308,0.180577182818,0.113216645558,0.142657927601,0.0310875910769999,0.213643866616,0.8303167961400554,0.5453330288377305,0.1601574887880877,0.0553243175307023,0.1329949571917986,0.1228391191747129,0.0813701335279099,0.5771694785122428,0.262671677602009,0.0658613106150489,1
2016-09-07,-0.0338131606578826,0.1059242407093999,0.059434431273,0.1208478312659999,0.060810612144,0.010675897349,0.02805117176,0.238795804983,0.16346071589,0.16338040592,0.0486188748716,0.3610687986427504,0.8684930530448242,0.4947250498255282,0.4923229920289481,0.2276819792800994,0.1412744038677197,0.2171959746525177,0.3018097698853313,0.3561451996647596,0.2153539455964461,0
2016-09-08,-0.1897060883231461,0.1666402961537,0.053792117105,0.06031426577,0.114359008344,0.053088305158,0.180978888588,0.1412034248976,0.113673810678,0.070581248035,0.0453686449881,0.8509143160049633,0.5758047387915693,0.337477745650741,0.3958535789519819,0.2307689937619918,0.0242384749018444,0.1635851084754466,0.4030135700311472,0.2420910222485056,0.1386437000030903,0
2016-09-09,-0.007869185693562,0.1920709650032222,0.0073003798561111,0.08179328444,0.0041409221422222,0.0643017338716666,0.1570166875451111,0.1714881459255555,0.2425707225733333,0.0695789783588888,0.0097381780922222,0.976414519531384,0.7447310151983506,0.2266152253818184,0.7771845563011344,0.1143973096639879,0.1228954563610259,0.1920401264360634,0.1638365752333511,0.1793919035579977,0.1512169291383929,0
2016-09-12,0.1878894425928592,0.0001268969834,0.01018410248,0.000513262102,0.049409541414,0.026054469463,0.133818231796,0.530917926,0.150630224534,0.076783450056,0.021561876592,0.7474515090265887,1.2836841918240076,0.5820193706703526,0.3647047921940684,0.2160641962146709,0.0033637577464042,0.1851536541389712,0.123925096675475,0.178276226839349,0.0227485657742318,1
2016-09-13,-0.0134736133739352,0.0823351250425,0.0307243728444,0.052635239581,0.0058493165175999,0.033599530956,0.194570739453,0.113045901581,0.1684099573314,0.205471003727,0.1133588054826,0.8262140137932121,0.6135805925595271,0.2611290823999058,0.5462695251940353,0.3277083394507681,0.1121249913011068,0.2017327420275459,0.3773082341375081,0.2624388309403944,0.0665993717358717,0
2016-09-14,-0.1803428607061505,0.1289400586405,0.082483968993,0.0906354359169999,0.008903244694,0.012615786332,0.186314433824,0.129289182632,0.1254729049679999,0.171232173204,0.064112801219,0.7540649215422521,0.5940390758411228,0.1484623811330072,0.3194620458669638,0.5006034049972617,0.0727543693390756,0.1431334833150727,0.3526575546899752,0.1443343930371367,0.0290170969080199,0
2016-09-15,-0.0376923486590385,0.171316181163,0.027934397574,0.081239823633,0.0511902564489999,0.095565356543,0.083912263036,0.230949417824,0.0847008399955,0.171274709666,0.001916751221,0.34878842231389,0.7087454095363313,0.6410640607429985,0.4823835732265754,0.2841743521242065,0.0464043255975245,0.097008450538288,0.0374049455723741,0.3585716770775407,0.087064252082097,1
2016-09-16,-0.1436125906184315,0.234880696642,0.040379959063,0.080766835663,0.011448771911,0.026765790641,0.099520799573,0.208571850635,0.0824800061314,0.148497444445,0.0666878354327999,0.4783311376873775,0.6920641687747737,0.3832176881995455,0.6294855403617817,0.4133724847712213,0.0383216304147662,0.199632286147027,0.2648240098228388,0.0637884894361568,0.2050423920445562,0
2016-09-19,-0.0543741703033447,0.0933083131245,0.1057915117459999,0.02805341622,0.023383606619,0.101240319395,0.046357858872,0.255057197265,0.207327346698,0.111188360756,0.0282920791905,0.4273286213097164,0.938135669167904,0.0660693480410038,0.484583720939462,0.1984373468154752,0.2375325541026538,0.1356365530816642,0.3075811842818295,0.3314131763885516,0.0603588177860791,0
2016-09-20,-0.0823436558246612,0.2406177204739999,0.110062124564,0.013404724683,0.008199926189,0.017766308785,0.148528293315,0.131661578394,0.222284360347,0.083907178275,0.0235677683306,0.9884529589816836,0.6207552354067926,0.1303749062416359,0.6944002751711401,0.2522010683797677,0.0529505147800756,0.3116592710283461,0.4614806857827943,0.2322261303953643,0.0734057368653622,1
2016-09-21,0.2826840452849865,0.0923923214924,0.1017661785085,0.0823388291225,0.040582201523,0.046253961021,0.049464261719,0.362383870512,0.1642395750469999,0.039581775988,0.020997011382,0.39504097736199,0.9357375159177548,0.2701393241238428,0.3576689663574078,0.3322366908306493,0.2121123819492339,0.193432853660416,0.1888245009112304,0.3206834841135159,0.0689759271130824,1
2016-09-22,-0.0089851301163435,0.000831864377,0.109855676477,0.084292148457,0.034898485905,0.100509017922,0.028664519011,0.144209724539,0.129228699261,0.3329586088569999,0.034551231864,0.5803383316260776,0.5009700201961553,0.3616031278662336,0.2800004392074482,0.446913396986423,0.115338078746824,0.1435574555903218,0.1689440947729439,0.1536966762866617,0.2030922797916405,1
2016-09-23,-0.1179553169757127,0.1605656643716,0.047202650623,0.080115402979,0.023506929085,0.007062604817,0.258896139308,0.159366673952,0.099014420834,0.145016497464,0.0192530148316,1.0636938345234088,0.5807907611495894,0.3487888092510006,0.7331362344698564,0.3528935067131914,0.0420306275131578,0.2651383891631111,0.309620179460284,0.1267273767449048,0.0747443470829432,0
2016-09-26,-0.0605924487113952,0.1030178459936,0.010453590945,0.084454019909,0.0475026782099999,0.169938308467,0.181832829846,0.18002777597,0.0956922143295,0.1135278280319999,0.013552871384,0.7377032629666659,0.3669859444144662,0.3348534909249777,0.3125989864647439,0.4246252089771578,0.2139261057375169,0.1752240069462051,0.3461644680067448,0.1650783064058684,0.0873196135150088,0
2016-09-27,-0.0060654427856206,0.0945394875725,0.0569445603954,0.027902030919,0.190503671773,0.1058457745269999,0.0873971864189999,0.030026697971,0.0626343917599999,0.17777576936,0.166430411981,0.8222863129779805,0.2336086021620583,0.0962865724683472,0.4214594009522542,0.2367308022380579,0.4059067957917456,0.2612898625245979,0.2837124336700845,0.2677451139237781,0.0626352757101292,1
2016-09-28,0.1240894707851111,0.290100045807,0.0062033257234,0.007958339145,0.103718556031,0.0325076453509999,0.002434409917,0.300296841098,0.080820550073,0.167607017951,0.00835323985,0.2525992080902774,0.8151737919021607,0.2942635547486283,0.5131986615985792,0.427922284424117,0.0073033391903881,0.2000924136221324,0.1185267713549373,0.1530373899715131,0.0560464450804689,1
2016-09-29,-0.3803385010920465,0.473796388368,0.0181285572169999,0.0941989511104,0.014501256504,0.004637105179,0.0171033126044999,0.146498954173,0.0414270266195,0.1802905131975,0.0094179970212,0.5000710637492458,0.4427444629494596,0.3836618485963325,0.9314447694406705,0.2600182652127125,0.0247220998777136,0.283445732890128,0.0713694246204223,0.0558224034310534,0.1754237322802822,0
2016-09-30,0.2086077727377414,0.4806591035209999,0.0159986596195,0.1289142015054999,0.0145707282115,0.013702272804,0.0299773672259999,0.075484181778,0.0197215635606,0.1049442627554999,0.1160276724533,0.3662484468071722,0.1796512087561083,0.4027562648418558,0.8303784302894075,0.3053444680452885,0.06761131588337,0.2053327224096475,0.1939268878717993,0.2219484425345992,0.0861533330556792,1
2016-10-03,0.231764575280249,0.2884221731535999,0.0068167662275,0.083464294239,0.040288435312,0.00409829305,0.1653687913979999,0.2100663008839999,0.038244532377,0.1090672963319999,0.0541631403495,0.6309675986599446,0.5709200407673891,0.207979116881198,0.6219473785702878,0.1817029755042609,0.0191671182872216,0.2427483418003915,0.018770043392549,0.2858065294050709,0.0857178322424718,0
2016-10-04,-0.164683511853218,0.3843765982693999,0.0006962724024,0.12968297756,0.0538931735746,0.0296934824885,0.0094552619046,0.2460208817684999,0.0196185459658,0.12120944483,0.0053533616009,0.1447007058992911,0.4647063821470623,0.4406547798118145,0.9708928059998624,0.330820695068958,0.0,0.2431884612867264,0.0533191649190129,0.0491280943986135,0.1534952548486758,0
2016-10-05,-0.1175898627378046,0.26871818881,0.005684043591,0.0813485623328,0.1185971442379999,0.0172822611284,0.0777102636879999,0.277294818403,0.1210491525995999,0.0290733708719999,0.0032421732046,0.3664615245685181,0.7816306554389623,0.3838678258903184,0.6330233623742838,0.1887698610793022,0.0333632044972462,0.1313962164662251,0.1788820196849901,0.2196554924512517,0.2073261761320353,1
2016-10-06,-0.2727915000170469,0.002930574652,0.125276712696,0.1430509931899999,0.073833498119,0.0612214837019999,0.167126373822,0.138947375735,0.098315227141,0.18910545265,0.00019231652,0.7511856334802818,0.4264570414682183,0.6472790531200985,0.1085268438447065,0.2490300969876572,0.0994891968603608,0.2772456516563532,0.1381574779892957,0.2345309736048428,0.2744416984972013,1
2016-10-07,0.1799139226786791,0.373319785293,0.018909444939,0.034157859468,0.034793205001,0.0248619150985,0.209020692246,0.2024188512599999,0.0376938026243999,0.064667193293,0.0001572696552,0.4502576796701569,0.4918176487742126,0.5070305803906796,0.6945783792027085,0.1655156644596995,0.0156515837618673,0.2408098479774996,0.0613808960732959,0.1357514993736232,0.2715224252223835,0
2016-10-10,0.2776358477771282,0.1088937390361111,0.0524226627173333,0.0657541218688888,0.1328087410311111,0.0534059539488888,0.0152884096788888,0.0827611066355555,0.107414219445,0.3592770658144444,0.0219739701488888,0.5032614542636473,0.2673856104049748,0.3656592832285628,0.4582188097004619,0.6373516365236565,0.1392080753767854,0.3096028644159031,0.2060287700626897,0.0562567488927148,0.0974734597749626,1
2016-10-11,-0.0707447457127273,0.115793249076,0.0288337740635,0.130929716227,0.011713800157,0.016270810434,0.17062865962,0.180050687289,0.132989311044,0.188637085628,0.024152936903,0.5062360820986733,0.5689045944643553,0.4079228378268121,0.5084759906258294,0.3053126019722216,0.0538107842367809,0.2825234362816503,0.2428480896397886,0.1992772599945632,0.2290144039250072,0
2016-10-12,0.1521679151803255,0.2732162514864,0.0268207050256,0.031946598442,0.0573110986754999,0.049977453729,0.02751554061,0.239851900081,0.135961410092,0.14414499529,0.013254037981,0.591896735366958,0.5174899941994656,0.2028492174957798,0.6635339835109948,0.2671302593879064,0.0125925928323977,0.2364187201450037,0.0925481284941091,0.2487375169903809,0.1062661404237506,1
2016-10-13,-0.0934492980130017,0.2861791689289999,0.0242329927485,0.191015782566,0.079612000064,0.007201736772,0.153758440171,0.130440461131,0.0724570558614,0.0361470322544,0.0189553595744999,0.7403555761831339,0.4214327743721136,0.3828705453547349,0.6507434383442191,0.2974875642873493,0.1305784398183834,0.2536957379940397,0.1867751805712998,0.1641418654840455,0.1567903234406967,0
2016-10-14,-0.2390965767204761,0.2752883458064999,0.013760914941,0.150653587848,0.1019973333454999,0.000270510725,0.043345838197,0.18369736111,0.081940109528,0.1281764457425,0.0208695278436,0.4228405801740927,0.449928731781385,0.5454268731390982,0.7809420725296203,0.3134915811170796,0.0433716214233969,0.2351467579362876,0.119374288886992,0.2325114730800894,0.2116870777579384,1
2016-10-17,0.0056660385802387,0.1797218533705,0.026597878515,0.05822274863,0.013397123202,0.0065082476649999,0.1086091706479999,0.242530002766,0.191436822353,0.1589972461629999,0.013978897967,0.6327450663217437,0.6423949422457671,0.4782991983972778,0.7862522592928921,0.3866760960291794,0.0481586776067111,0.2103274145157878,0.2691069314777376,0.2185194747531085,0.2385216591115822,0
2016-10-18,-0.2230119274929166,0.1845690435524999,0.0165125801005,0.096455441054,0.0115928556545,0.002343512966,0.1810743345089999,0.072189502355,0.168432253447,0.245970765301,0.0208597173626,0.7988888049552236,0.2768924563582836,0.3125452400500305,0.6901339391595134,0.4147067271914658,0.0263601425372151,0.2185049119066191,0.4403260911109747,0.1407867847404729,0.3446705160754121,1
2016-10-19,-0.2568908430635929,0.1179327648221,0.047963678492,0.131625814792,0.016183960247,0.009536022074,0.1190062586079999,0.261967187947,0.170792058538,0.1216366503309999,0.0033555678491,0.4355348668138489,0.6044420259301649,0.5404062744620183,0.5435683677450841,0.3363608974542575,0.0148979042021781,0.1951888297029786,0.068674376890982,0.3912547369891969,0.3373926102455715,1
2016-10-20,0.0328846514225006,0.1889946703367,0.099574536361,0.061291722424,0.0710084018394,0.061837384328,0.0197634950496,0.085776202293,0.0689288020294,0.3140443949596,0.0287803980578,0.3869488016771901,0.3174820221230044,0.2607991102877665,0.4744764566355924,0.6586624898701523,0.0610953504213782,0.4121911496909029,0.2267733527416334,0.1046755354585156,0.2082888337923123,0
2016-10-21,-0.2397978618741035,0.489934793805,0.0161051910928,0.091902453754,0.0023882642508,0.0050548780955,0.1129950850335,0.184337612363,0.0532395986384,0.0288565605329999,0.0151855950638,0.3966824200639517,0.4413777048011554,0.4189015766528216,0.8671652374381507,0.1977783969993558,0.0,0.1653740513864476,0.1936731949869783,0.147622836519329,0.2509724449552902,0
2016-10-24,-0.1156888576224446,0.5773596204708,0.04140771114,0.073626732287,0.029371607932,0.058130243123,0.001942702167,0.0781800180235,0.004685299467,0.1277969444954,0.0074991353989,0.1920662867320963,0.1344879552836071,0.3189452924525181,1.030707872460752,0.3788714254311259,0.090447278826618,0.1462508549743051,0.0983835371375378,0.185409612621192,0.1660339929596342,1
2016-10-25,-0.0346119195222854,0.3963729481374,0.022051333476,0.0182099447184,0.0228601167556,0.0268857414409999,0.021410675178,0.200152427588,0.2073422415206,0.0629488962169999,0.0217657014953,0.2851840204214879,0.4854592019076034,0.2711278879916204,0.7250489801492049,0.3181384353396559,0.0556284067948268,0.1763141053416869,0.1605171878125989,0.4836212816093733,0.1879147248894873,0
2016-10-26,0.0918607526458799,0.100290518,0.072660284511,0.084079869629,0.019398108552,0.032956410224,0.066280866994,0.144669158891,0.325731796139,0.057096756845,0.096836214827,0.6206850563173004,0.5196034841158537,0.3401550910419802,0.2750619560835069,0.2185798853673128,0.1322626772918995,0.1793722300599549,0.5881972207229331,0.4711776485409899,0.2021823726000464,0
2016-10-27,0.0621534119360148,0.2020741527336,0.050737429046,0.010641282467,0.1052829501006,0.09487704327,0.253205751779,0.022925912564,0.079328346842,0.1757522492604999,0.0051748903815999,0.8543957019499689,0.200018515899126,0.0566422174186021,0.515387476667079,0.3465717008424781,0.2221834020638104,0.362922723812343,0.1004338974875762,0.1289286116366379,0.3731985204536269,0
2016-10-28,-0.2392616838216782,0.6449044883735999,0.0378802582795,0.0079956984861,0.0048067537984,0.0019561400386,0.0276426151054,0.1356054051374,0.0125287109626999,0.094350176308,0.0323297652535,0.1306001113093281,0.1652012197735941,0.2484079951186421,1.216152397763166,0.3983087131449154,0.0024534160626039,0.3000925149154114,0.1271269531990231,0.0682442512952822,0.2385472535533369,0
2016-10-31,0.1984855003654956,0.0935924248861,0.090039475182,0.0460734630049999,0.207285839066,0.029707171183,0.1771645240784,0.024139923845,0.104183107618,0.182177316185,0.0456367610555,0.7690420397305381,0.2958429499834004,0.1193939550346619,0.573843450806668,0.5133208512557984,0.0981034911796281,0.2612476817275302,0.3733455776150463,0.4180869166933347,0.0171750280844145,0
2016-11-01,0.0370219159871339,0.1291214324645,0.040761767723,0.0311603276679999,0.099632402793,0.000444769848,0.238813942489,0.199678785852,0.2433634233684999,0.008423121442,0.0086000064807,1.1468691905168211,0.8048192717854787,0.1540519793882674,0.3613332873052995,0.1261616121017447,0.0380862081889959,0.2753281842944929,0.3483753069838877,0.3158730521804234,0.2529055118452675,0
2016-11-02,-0.1174442986026406,0.080083371978,0.0789145395764,0.072382905406,0.116960899692,0.0656262940445,0.159682329438,0.097465221194,0.1861305159462999,0.133621451935,0.0091324523544,0.7567047974425803,0.4439826896737081,0.2905078974916643,0.3288072835073369,0.3083272972727367,0.1584556228543784,0.2588989132762281,0.2581125266269425,0.3308379495405028,0.2097798207867278,0
2016-11-03,-0.0950998218730092,0.094105688891,0.006222100873,0.049533627238,0.036050983232,0.017589621467,0.087750212036,0.266791336633,0.34566171295,0.08262355575,0.013671150773,0.674623666154192,0.6596766982361351,0.5201676895449442,0.4057961715947071,0.204165728147763,0.0582240697932239,0.2092781693979846,0.0879244088394658,0.7474093453702924,0.1481709765830056,0
2016-11-04,-0.4098560713231564,0.387369330763,0.034087676943,0.092450716834,0.0624149780163999,0.003765448473,0.0468671830106,0.138197764532,0.037713665411,0.1970161039545,0.000117094151,0.3745171028925519,0.3104092557425045,0.4787064986585589,0.8040164152341637,0.2300421110583078,0.0250983775312503,0.4007337814521612,0.0156976323518834,0.121632416144827,0.2253729212188123,0
2016-11-07,0.2570708990097046,0.1942850335354,0.0590777881035,0.0518163783779999,0.16885679346,0.060771250224,0.1138762166359999,0.007861701035,0.0973759414899999,0.188545981272,0.0575328956282999,0.999242907028472,0.1875262308139362,0.2192102452117463,0.3486949857040912,0.3237029547718963,0.1703256186446273,0.3925911676178543,0.2976212970975381,0.2963359198218208,0.1339273041707072,1
2016-11-08,-0.1542297130450606,0.1955407423064,0.015244885839,0.019921710994,0.136685971702,0.065166236181,0.288979059933,0.073776062773,0.0792689533549999,0.115325665905,0.010090668447,1.1430388635715496,0.318600948020423,0.1029256726716139,0.4918059341409833,0.1879731620558191,0.2227010411937238,0.2675343493452106,0.0509949793508894,0.1020180663626736,0.3650531162666162,1
2016-11-09,0.2974487155675888,0.0911950703063999,0.005185422359,0.048185956269,0.108208193526,0.246485570513,0.032722674245,0.189762399587,0.1361341353619999,0.1238355684,0.0182850157319,0.5820094146786785,0.5033683457674204,0.5045778211954409,0.5401633121250712,0.1860215950133039,0.3871740628620822,0.255434206267554,0.2944795807235415,0.2776978924779887,0.0486544809288757,1
2016-11-10,0.050470358878374,0.1947948277556,0.0958889005564,0.0193093399665,0.091958823037,0.16745332717,0.0800865537555,0.1322170405254999,0.1176632998754,0.063876533375,0.0367513581364,0.6381756932203175,0.3423599497503122,0.2857236411802678,0.5385817418314999,0.2129657581601255,0.3027168065007333,0.1000251475803454,0.1877349562422287,0.2040860739080177,0.0715896801181143,1
2016-11-11,0.2473470464348793,0.1832452069970999,0.0195541999984,0.044750996444,0.0424264536599999,0.112325706566,0.197158068985,0.093755831932,0.170776963379,0.109557417624,0.0264491480733999,0.9352520575903784,0.4291914959754422,0.3318494244509973,0.6913643211387013,0.234531394237549,0.1707505764813392,0.2047906551792432,0.3315500234884577,0.1838445464749802,0.1832871896180583,0
2016-11-14,0.0364363528788089,0.1982126440656,0.023168269571,0.0154898705574,0.043834533657,0.1475243108806,0.152949609309,0.076573084923,0.1631385395026,0.16718900619,0.0119201278829999,0.8621926133349017,0.4218990439348336,0.261073724665996,0.511468320307995,0.4035685654536839,0.3474041535525728,0.2729924874172375,0.0534994480538007,0.1039788565802253,0.1070782185496861,0
2016-11-15,0.0476211875677108,0.2076443681811111,0.0609199810506666,0.12384847654,0.0313740325855555,0.0557072745666666,0.0494805812755555,0.17629923692,0.1666904932295555,0.0918517487671111,0.0361838180534444,0.5351558935708398,0.3295827293261542,0.5486214743860149,0.507875902186738,0.1613445050301568,0.1405889341664634,0.2856969614535685,0.3226803338912671,0.2430802559588092,0.0579530989349745,1
2016-11-16,0.041847258247435,0.370130075982,0.049258092522,0.0883557646546,0.027060281849,0.0196117645525,0.1194979269285,0.2218884975984,0.021275377448,0.0657937594975,0.017128464713,0.6559037260093193,0.4414774790322948,0.5619074567432722,0.7240313167509955,0.214389344633076,0.0942195611357537,0.3157957420795446,0.0810071048232233,0.099319869108622,0.0426650483651334,0
2016-11-17,0.0568675130605697,0.384105955445,0.0191663910654,0.089338722754,0.042576341651,0.0002584411706,0.114068957838,0.1124810348846,0.1259454314708,0.094926560321,0.0171322047553,0.6615692781331604,0.4543881794855551,0.3958777764330577,1.001047658665667,0.2673393750420643,0.0381318081191316,0.2677541750634022,0.1483880869344203,0.1523712669301972,0.1703502980944588,1
2016-11-18,-0.4636202110908926,0.459884755434,0.014833545398,0.0244223580226,0.036814394674,0.0197974983663999,0.1035997065009,0.190812440636,0.0798579230999999,0.064038709639,0.005938660128,0.5894700765166858,0.601062756652083,0.3413524806653586,1.038916274782851,0.1901771385428289,0.1148547033630705,0.2613497889511908,0.0700451876960642,0.1584522462373066,0.1461214303531485,0
2016-11-21,0.3037608966231346,0.2041852974157,0.1433718082446,0.024536381165,0.0861719631145,0.165078620198,0.006848033855,0.041026459878,0.1369070299849999,0.169876038525,0.0219983880083,0.3763387607196286,0.1483631632962728,0.3618675644045093,0.4991657048536964,0.1857385772486832,0.4386548497635011,0.1893608368806131,0.2635404528214418,0.3553742733509472,0.0722459206314987,1
2016-11-22,-0.0215704396367073,0.0037694818423,0.070932125259,0.034222657068,0.020719177224,0.043249725844,0.171486261264,0.130924711462,0.28096715974,0.164954931333,0.0787737650663999,1.3177416427169817,0.4080676585831446,0.2441283461478257,0.2723356243234373,0.2596903040244757,0.0980051973132693,0.2800661884879231,0.3908936702649136,0.383896198949111,0.1435118430632858,1
2016-11-23,0.1984373576939106,0.1013192529789999,0.0384175630135,0.095882767141,0.069640000787,0.060782969084,0.050473137651,0.095449973629,0.1647613206149999,0.251252136287,0.072020880656,0.6518008975733862,0.3458655098376066,0.4576335677157918,0.6036240181680161,0.3375388845558464,0.106112481332134,0.3367793406308749,0.4712390550012839,0.2481695567297259,0.0735342547730558,1
2016-11-25,0.0919272566214203,0.094644005728,0.035724538754,0.049026618827,0.094130286037,0.026896045931,0.200446003945,0.104594551736,0.166242034341,0.101475514627,0.1268204117434,0.9747991619913414,0.237112817675502,0.3258119560201143,0.5219911065777827,0.0601821624268365,0.1081014006861007,0.1467255219235291,0.4403295909614968,0.3268801418028834,0.0344805191701254,1
2016-11-28,-0.3794306118041277,0.0998105831633,0.0064756956769999,0.0986295840289999,0.013540634146,0.030575490372,0.275540676641,0.1179121518459999,0.237408293867,0.083847731271,0.036259168053,1.2782492036235191,0.3671083833603959,0.3907074933276516,0.4820535620477,0.1668566014938437,0.1086648501433772,0.2529644866479861,0.2721464851429417,0.2758262914600956,0.0760463895018807,0
2016-11-29,0.1124133175238966,0.3177374695127777,0.0858618406951111,0.0124658806922222,0.0085895949955555,0.0096984222144444,0.19854395073,0.0165348061366666,0.1378490292904444,0.0969042844444444,0.1158147393606666,0.8299904981614652,0.1424147047231709,0.1728444919452262,0.5612406439181664,0.1829829567553637,0.0580156997077625,0.1943544093783801,0.5565803773550393,0.0747942747917688,0.0908676743023813,1
2016-11-30,-0.0782494843006134,0.0924134328905,0.018258491108,0.04078952521,0.095259021934,0.077272021945,0.216290253791,0.085890789808,0.092425617343,0.248761211923,0.032639617883,0.9297910443818476,0.2996000735005649,0.3610742584869602,0.497554191589513,0.4079105861957431,0.2543666290058667,0.2570589444425181,0.4473414992289412,0.0767866238999231,0.0689610682275728,0
2016-12-01,0.2246838476508855,0.0984791429565,0.0491319484399999,0.025340700261,0.017946014813,0.005479466079,0.431486185682,0.108150006926,0.0785454016409999,0.045315600336,0.1401255146313,1.3831294164150496,0.4058508286359041,0.1877467330445769,0.3179890101223434,0.1251559408390697,0.0482924247031698,0.1192375626076197,0.5498790578609365,0.166223644599977,0.1076630992600309,0
2016-12-02,-0.0308814082294702,0.3017548759006,0.0138763432001,0.085225728792,0.0596488377307,0.199862437728,0.107973359044,0.104831985899,0.035925507002,0.08192333949,0.0089776010008,0.4293846307623008,0.3389695566926957,0.5000399729588263,0.8224594315518067,0.1609022729378715,0.2678461223472089,0.1474050933227728,0.0225628162488691,0.21322381536603,0.0882088830003192,1
2016-12-05,-0.0305113520473241,0.2920710388298,0.039066351205,0.0682552526043,0.13564585394,0.055638493437,0.0084179550135,0.042883285351,0.1455003847987999,0.1637417054999999,0.0487796758804,0.4020566422080887,0.2054706368133085,0.191160251231429,0.7251486509029089,0.4194467666386794,0.128591119763851,0.2241050253452711,0.3324443636622823,0.2746162605742386,0.0920065763115321,1
2016-12-06,-0.1143894795328378,0.2951276321154999,0.122674851368,0.1034363525505999,0.023722193511,0.018819967658,0.186370688701,0.16002113659,0.04275295583,0.028474142476,0.0186001178612,0.7031089362065817,0.2480215128278074,0.3745429384479455,0.7190456474116631,0.272210667337596,0.090240594175993,0.3000800862303741,0.1600450915337882,0.0936385320631604,0.1386892521503534,1
2016-12-07,-0.1476327255368232,0.4858020611916,0.023527610543,0.085405376064,0.0138487748675,0.09709928759,0.0921923262599999,0.101723090076,0.0268514748069999,0.0559282941035,0.0176217063024,0.5849707688579144,0.2720635099926677,0.3446882683380804,0.8792161039002035,0.2113552428623307,0.1493885609534861,0.307913476412715,0.0773216400706867,0.0937094566470264,0.0763246521339458,1
2016-12-08,-0.0428764678537845,0.3020058316785,0.044641641439,0.056657569266,0.08962684924,0.0687826398369999,0.027695172839,0.058506559961,0.160112022152,0.088385603929,0.1035861202396,0.4699697558830173,0.2343887818867736,0.2151230780480441,0.6408989735168026,0.1638269575812953,0.2552374651227041,0.1812556263827735,0.3035889335041237,0.1281906301335174,0.1021699201761312,1
2016-12-09,-0.320529843121767,0.5562419432347,0.0007837665562,0.034170774283,0.1148901144843,0.036734939623,0.100691701173,0.042578567261,0.0512396122108999,0.0593713503889999,0.003297267883,0.601631548721535,0.2090035059260779,0.3827194340930463,1.1642227811760286,0.132930075370924,0.0433791420795908,0.1944560272839908,0.0633760306225301,0.1292575768943476,0.1419944228554388,1
2016-12-12,-0.0855006981641054,0.1903885569239999,0.025074760215,0.013866884154,0.0151321804849999,0.02908071769,0.198850151023,0.1605451222823999,0.181355869965,0.155474479536,0.030231282965,1.1348502163522691,0.5383832139732715,0.303204250016191,0.6225148402094879,0.2459415285699072,0.1093325868176602,0.2314310477261633,0.3041572616612017,0.3010688951942696,0.0626751770031998,0
2016-12-13,0.027454574406147,0.45278769686,0.0114832476498,0.0129015189825999,0.0867416737144999,0.1250553236847,0.1510095374538,0.0354581892574,0.031765535463,0.079579071931,0.0132182423315,0.7865803360215122,0.1726548905464011,0.2556206075072529,0.8516214138657283,0.2338459224950523,0.1993376293497808,0.2559852032973181,0.2113548381041307,0.0972279122769946,0.1658661643143263,1
2016-12-14,-0.2971580188721418,0.284358308419,0.041697955228,0.093534646753,0.001571017309,0.001452108418,0.0700552789504999,0.1561124475104,0.1936964714485999,0.152609952893,0.0049118201444999,0.5137320642806229,0.4557030824850715,0.2843218461674527,0.786580207193378,0.4210931523823396,0.031754221314586,0.2426441002261193,0.265182859808,0.3579166184520718,0.0830281099372844,0
2016-12-15,-0.3665875393897295,0.0861424378838,0.0281591143479999,0.063545788805,0.050138558639,0.030109428727,0.221836250502,0.3527345697439999,0.130235849952,0.024350616871,0.0127473560701,0.8246177333522814,0.8951145115677159,0.5149985362207573,0.3252820036598655,0.1942094384298752,0.0545850763562769,0.3318172768798166,0.2285628974616714,0.2374168528939743,0.1148479019317039,1
2016-12-16,-0.2780394271016121,0.3862323334326,0.0219541213994,0.106061893669,0.0398714981538,0.033303438775,0.040605439425,0.09815341552,0.1261931784179,0.121177767875,0.0264469410906,0.5155664599718704,0.4198442747289793,0.3367477560674188,0.9023390713459218,0.3179727889543371,0.0500562541647933,0.208118668840401,0.2018785277126885,0.3098758382200598,0.1398045650532796,0
2016-12-19,0.0592811428010463,0.108938811476,0.03876998011,0.105196971803,0.1221127632984,0.110452998869,0.027803581384,0.086242807025,0.172231464969,0.203761628824,0.0244889950246,0.4410680904515141,0.3663784804292678,0.3671915083934048,0.6183142228101284,0.4720188127591431,0.1115471021122011,0.283214934735586,0.2801375279966346,0.2708040798072997,0.0547501409047609,1
2016-12-20,-0.2919056149199605,0.2803383860501,0.025297751454,0.032975602511,0.039459702892,0.0031971941235,0.218452968466,0.074043684812,0.1331108440877,0.157735706315,0.0353881710626,0.8165009310086108,0.3750769539593986,0.1633170358797571,0.7690078531429332,0.2877981231822435,0.0425125507528614,0.2853735979515309,0.1741737845792335,0.2367437717615356,0.1407689189216291,1
2016-12-21,0.2736689448356628,0.097529417107,0.046011794348,0.1204894306099999,0.089883281385,0.026793172866,0.1165140768389999,0.041963837549,0.147661351909,0.24899307437,0.064160558284,0.8059141050834248,0.2006225092639719,0.1994884815310813,0.7044540296296176,0.4903539061190928,0.0579472509573091,0.2118100184016308,0.2860499926432784,0.2714200380851496,0.1352615819223711,0
2016-12-22,0.1509033572860061,0.2856703185876,0.034760825965,0.0646669031625,0.1355638117204999,0.0003042431019999,0.266703349195,0.000352278103,0.077326671681,0.11937197075,0.0152796638464,0.9750552689686394,0.0364680453803264,0.3203536073045678,0.6387954084653702,0.1184626996660988,0.0053195946786475,0.2954112075056088,0.1306606791708864,0.1177331465049365,0.2958063479363425,0
2016-12-23,0.2131701095961034,0.2002425090854,0.0915603945094,0.170604562828,0.0528041905816,0.0557481921379999,0.0695507114684,0.026534570015,0.0407407424199999,0.2199603549879999,0.0722537598062,0.3600234329256002,0.2291770595279575,0.4686627720141025,0.5235400474266722,0.2896813359390719,0.1030376593589873,0.3568213091400053,0.232984892925798,0.1711458810437488,0.0615548619241531,1
2016-12-27,-0.0852259035222232,0.0047058063905999,0.098783515625,0.10897326321,0.054476186285,0.1214811550999999,0.154210803021,0.103253186937,0.2091393285819999,0.123259426428,0.02171730804,0.7272991723342981,0.1920644855880713,0.4707903103294105,0.2983744782601299,0.1769148026017159,0.2556960686136266,0.1805366532113216,0.2246620266751145,0.4782620820956362,0.1868171323943909,1
2016-12-28,-0.0799000430852174,0.0010253317236,0.035249711365,0.060056819198,0.246673494226,0.25375373132,0.117662199198,0.0285826312985,0.053652482437,0.15756547767,0.0457781183796,0.4839869909143103,0.1412915995224136,0.331196550926545,0.3676984329519475,0.3793742960771003,0.25364530070966,0.1873222523642726,0.2281979265864016,0.2507512421896943,0.1397011581331955,0
2016-12-29,0.2526250099763274,0.2074504678884,0.033050621833,0.1059609609729999,0.160446160627,0.142049435054,0.056038015724,0.018259860238,0.148996076328,0.125845227774,0.0019031520776999,0.4643018001910407,0.1395107220419094,0.5384860932226567,0.9152413604274654,0.2444989535438288,0.1013145765984573,0.1702469739895167,0.1610260077529849,0.1258689753016184,0.0867221148106349,0
2016-12-30,-0.3433339874260127,0.00818429792,0.031068500061,0.106172247126,0.0209413232979999,0.001471722795,0.342927329828,0.026953041742,0.276587266226,0.162753459413,0.0229407872205,1.460324688316805,0.1478431804847132,0.1979878385443044,0.3536702409363897,0.446466011964976,0.0280449048888949,0.224753864163677,0.2881495826151333,0.3611035936610688,0.0471486024437486,0
2017-01-03,-0.0443588860332965,0.0108437273105,0.0803536258189999,0.065484157374,0.14735393014,0.083976303362,0.225982683192,0.044475098981,0.1117018298269999,0.211679753253,0.018148876005,1.01213716958585,0.2207964309048507,0.3817325547972285,0.3268351568633245,0.4720791248102011,0.1808399031112432,0.2866247119330374,0.2562383506658429,0.2583111778722812,0.0391571039989074,1
2017-01-04,-0.0696612227708101,0.096942335077,0.023693893823,0.053592618685,0.048272005672,0.018719842364,0.092418025152,0.342706317238,0.169542771664,0.1505017714714999,0.0036104039089999,0.5622201049871423,0.7194826661020617,0.4785551835954642,0.3607328366171773,0.3051921490923061,0.0445618606208136,0.2221251408900755,0.0452571987656068,0.4785959541622883,0.040150116791381,1
2017-01-05,-0.2063824893906712,0.005009061736,0.00030608073,0.134902706634,0.079021776801,0.0272898340729999,0.186233550215,0.2857587979829999,0.236065585908,0.031409748819,0.014002847895,1.135003393372324,0.4325819450714309,0.5582100890007716,0.5659056835501419,0.0620003346052015,0.0359957080914901,0.1918539276228523,0.1970039446961502,0.4051009796809016,0.0317819900817631,0
2017-01-06,-0.1733402449637651,0.0933962787206,0.1023563833729999,0.026953780949,0.0101056030869999,0.019103453558,0.173647278909,0.2415727937789999,0.2699346200733999,0.035610987999,0.0273187934939999,0.8582156213664069,0.5436521271042127,0.5320380941939546,0.4202176783593573,0.0869069021575897,0.1738102274668048,0.1592539395284807,0.3135556702603103,0.3992134467122403,0.1132863977300527,1
2017-01-09,-0.0739045116119086,0.0080157607685,0.079017443525,0.0478181625279999,0.048176234956,0.0712575032349999,0.10021042087,0.176072515442,0.199275860891,0.253273639013,0.016882441867,0.6548175135822112,0.4442843052235702,0.3508844615070774,0.4319202313253752,0.4835005925589684,0.2757153776851106,0.2347562064921231,0.1123218789440767,0.4356232446803442,0.1357347835409331,0
2017-01-10,-0.0784461544826626,0.2796124205404,0.080314886828,0.0099494329469999,0.1024425224914,0.143679138824,0.031228071452,0.079598406578,0.2412949588914999,0.023992932298,0.0078872490432,0.6331268391698959,0.4072426480519547,0.2547299640918164,0.5040511054633406,0.0901207665640454,0.3114923323332854,0.2097642263565399,0.1972665038168178,0.4330568908560076,0.0710745377723926,0
2017-01-11,-0.1341424676589667,0.3615803691603,0.0284166139585,0.0500554304771,0.1407518530581,0.1193945829885999,0.079174412218,0.124892646628,0.0660192238411,0.0248619424879999,0.0048529509314,0.4015510579384075,0.390246421773236,0.3057129833009075,0.6990826664563268,0.2330619394572965,0.195680302308056,0.2017359962003178,0.1445403943221142,0.1709879400416316,0.1218322406544598,1
2017-01-12,0.1326659050770103,0.0089011373773333,0.0557227935722222,0.1677917065166666,0.0442767038888888,0.0379472863088888,0.1122066151344444,0.3569361175244444,0.0881852442266666,0.1143512736577778,0.0136810708482222,0.3943713023535276,0.6710928416856741,0.4942080506775384,0.3089444680657488,0.3367124151922457,0.1027130052164595,0.1598143565855946,0.1609878298461437,0.3023340666058954,0.2011066152726311,0
2017-01-13,-0.3179040780290961,0.096096940449,0.007448345049,0.1436053681499999,0.013789632454,0.008339093682,0.219555252787,0.157202220978,0.173858630052,0.168599720364,0.0115047830498,0.7078608651060148,0.4300731769111927,0.7803073933988777,0.335088005556226,0.3772794078663308,0.0343336103431053,0.1145830651988023,0.2131344405915304,0.2312302650724182,0.3802256623571632,1
2017-01-17,-0.0184578992426395,0.0987163778352,0.091207657628,0.1081380836619999,0.151775683068,0.103644711063,0.086108921997,0.0933080318679999,0.153094027727,0.0656307961386,0.048375749575,0.4500959698169954,0.1997256000355809,0.3447932063314432,0.301669432744004,0.1246016995125856,0.2566529425765769,0.1535945666364404,0.4195630292977584,0.4035313222967925,0.1230159503399026,0
2017-01-18,-0.3958752855658531,0.0066150650786,0.011628591356,0.123920259383,0.03037516236,0.029849315854,0.092306981626,0.323997129663,0.1672196864854999,0.135308953866,0.078778839057,0.7090481018258692,0.6516598754841556,0.7436435494305911,0.1495557715731927,0.1946494221613466,0.0872358560444957,0.2923527700471433,0.1714021931083534,0.4794539940233114,0.1719333022996791,1
2017-01-19,0.1643662171438336,0.1013783627133999,0.0331336132184,0.031314569938,0.240140749956,0.130962185803,0.1155412411339,0.106512754014,0.148925257212,0.078508765688,0.0135824916258,0.7063885816604424,0.4271013116648043,0.3037013456329103,0.4431165054690859,0.2473001457374309,0.318106123002573,0.4770064446205982,0.3608434550546751,0.3284110916467986,0.0794859173542666,0
2017-01-20,-0.2352429075166583,0.0990901305999999,0.014376941575,0.082336249438,0.119986703675,0.145352295721,0.1086859881689999,0.182954165145,0.138811894064,0.101900775068,0.0065048502144,0.8835789519153667,0.3941379070454752,0.5382569048622208,0.6324059942878129,0.1544194047311088,0.1906493092861986,0.2838505744218944,0.2371914935273138,0.2905339671493144,0.1687268628483774,1
2017-01-23,-0.12343673966825,0.2876736400466,0.1227378901685,0.040758651294,0.044088689914,0.1583014037415,0.0012012632015,0.0183590170489999,0.1354491620379,0.135819514076,0.0556107730795999,0.4631567680307878,0.1664109634681915,0.1620127891636821,0.5946120240868547,0.362020593166667,0.2518377680027244,0.1880957882292651,0.2602227402405455,0.2595367603982025,0.0417939409713723,0
2017-01-24,-0.0239764716476202,0.2784884901564,0.1011477474574,0.055695959007,0.1094403679510999,0.139221319939,0.032160172176,0.046182994154,0.163491606966,0.058266222877,0.0159051280658,0.4074322297374038,0.1580677054173689,0.3209746735346679,0.6490112065923198,0.0847807772802997,0.3288722879698147,0.1528499933933146,0.1660126290307382,0.2253416671078968,0.1607966724138962,1
2017-01-25,-0.0304685268551111,0.4039030964412999,0.0735952342876,0.0235952295139999,0.021903764191,0.082862433349,0.1698617013609999,0.0249196348659999,0.0909958010895,0.081397160783,0.0269659394295,0.5097065836184875,0.1148611660802989,0.1908253062554313,0.6618921994394384,0.076193143893346,0.1554680064388094,0.2859332429379965,0.2153067724616003,0.1686605803470718,0.2660749806359641,1
2017-01-26,-0.4176508769392967,0.1076372311265,0.1737683804974,0.067107970181,0.0232875285334,0.0135849214659999,0.463947344966,0.013203491652,0.097220818919,0.032929803317,0.007312484259,0.988633776753117,0.1014457737204261,0.2897499673801129,0.3139795910764374,0.0360896195693058,0.070494597822924,0.2714737093530797,0.2584504363920867,0.1099786532495091,0.8790054429306207,0
2017-01-27,0.2034636436030268,0.1814424502901,0.04372821378,0.041370751141,0.238867030042,0.2498744435779999,0.0338368295709999,0.043699813579,0.006622148647,0.115114470384,0.0454438440823,0.2022586026330795,0.1902401937760627,0.3075472789870969,0.4313963941549698,0.0896912660864572,0.3903432415623041,0.236331201483854,0.1775171511660215,0.0498886905236773,0.2458448753164698,0
2017-01-30,0.2459285802207887,0.0961684843574,0.0309769108465,0.047055145818,0.116322121926,0.120493277948,0.1807358826289999,0.160934046252,0.1180010621204,0.1241698745399999,0.005143173793,0.7371368717745247,0.3693333151840463,0.4643529896475245,0.4560461341766878,0.2976390397224442,0.1492844472478715,0.1958388206516557,0.1041996559611232,0.1581663047572609,0.1381090138275584,0
2017-01-31,0.0593048973940312,0.0887514264669,0.00137928382,0.090400587668,0.107522937285,0.040749627084,0.37339332121,0.15654856617,0.129310150314,0.009284556578,0.0026595310214,1.322838813437477,0.4818645526750906,0.4565725673697596,0.2017814987128947,0.1659320798315028,0.022253136798077,0.2818764578233697,0.1575014207740395,0.26438342189503,0.3416854957914498,0
2017-02-01,0.0150894150137901,0.1124740495328,0.0121556139149999,0.2188690967679999,0.0953585603419999,0.157708161346,0.051644257127,0.080299948286,0.136597626114,0.129060805995,0.005831883869,0.5265013452589962,0.3906511712657022,0.4903226197085811,0.3797132359196513,0.252971596059843,0.2495302856824884,0.1870687645840432,0.2666471042308174,0.382154856376203,0.1304035435969339,1
2017-02-02,0.0755840272642672,0.2184369971804,0.0625782807975,0.039642298883,0.004778794339,0.1261050932034,0.072135691304,0.1321625302535,0.1383950560244,0.173701228291,0.032064027943,0.400362315062861,0.4427122302625143,0.3323531248743173,0.6697339637327083,0.2786729383335486,0.2172848147109765,0.2041651704122762,0.1458087835700897,0.3763941255960984,0.2543065335649476,1
2017-02-03,-0.0347986136563122,0.004734524321,0.0061247935839999,0.09360069094,0.086373271288,0.140583903167,0.088336917142,0.2079615690819999,0.1155844324719999,0.2528471797179999,0.0038527250573,0.6813923678661516,0.5380142823362423,0.7292253700197379,0.2014710728926383,0.6600942756147655,0.165076380885744,0.2670074785567615,0.0848005529508756,0.2824953919256417,0.0736058524791761,1
2017-02-06,0.073195004183799,0.004852327216,0.087527114885,0.2516456118519999,0.030896732594,0.032300239161,0.083601269058,0.2164745799679999,0.094364356623,0.186705473184,0.011632265147,0.6499964428832093,0.4576030499272738,0.7721984229188736,0.1540291457279241,0.4131834760447804,0.2694771620058591,0.1841348492584439,0.1840368766851772,0.2841231834505729,0.1254315856655946,0
2017-02-07,-0.1146681597456336,0.4345171212451111,0.0282604768473333,0.0350883523777777,0.0142579623949999,0.0143039443761111,0.1555524687726666,0.0632567283173333,0.083503511265,0.0519250111422222,0.1193344843577777,0.4901389829639433,0.13516064376289,0.0655929898819895,0.6751249312962878,0.2045977130138171,0.0502759039263471,0.3304322426204701,0.3833985314227514,0.1358024666930742,0.2811847601036769,1
2017-02-08,0.0733926516026258,0.3103578022675,0.0663161105356,0.0333732932,0.068710133355,0.1914865869749999,0.123564637226,0.0992169423349999,0.0466059238394,0.054783059838,0.0055855115851999,0.317456393335347,0.2731599813752834,0.2581714799790887,0.5100786418359082,0.1821507523315698,0.2399096940640976,0.1603948247448579,0.0600059053334969,0.2305256992976993,0.3565265529496925,1
2017-02-09,-0.1590618841350078,0.1006645328141,0.107260017225,0.017983168294,0.145072447959,0.0550095146805,0.150374095956,0.132318910286,0.040110582676,0.210558014931,0.0406487176366,0.6937835670140574,0.3394228598075255,0.3733113934699328,0.2357719108117185,0.374186132676879,0.1458463849065028,0.3367460752581449,0.0795916497151942,0.0860949571271829,0.1845450684689077,1
2017-02-10,-0.2774239221587777,0.382423006504,0.010528844829,0.071928108098,0.0083607486924,0.0209202514513999,0.0622322121526,0.1860338503,0.1109297472418,0.1374491072899999,0.0091941407530999,0.3706587533426738,0.4411722349897881,0.4108576208546823,0.887759696707114,0.4203896959324857,0.1196679153440769,0.2558526517119676,0.2269614092289397,0.2096448008122828,0.1177040853679088,1
2017-02-13,-0.1759494192898273,0.185160100401,0.030455882426,0.006571961322,0.05885845416,0.103465379682,0.230993659449,0.130117475116,0.1479783585245,0.087813229577,0.0185855304534999,0.9140285388539764,0.3659253201535226,0.2262045219541878,0.465229629851745,0.296801970874904,0.185962647535774,0.3109475283384515,0.2164225798866231,0.2040036747664807,0.161912020145811,1
2017-02-14,0.0860411519184708,0.30053032417,0.0148303977354999,0.0133835381479999,0.128960149693,0.144987250938,0.1507307744745999,0.154864839111,0.042857931564,0.0387750205495,0.0100797549108,0.7791166727253984,0.5305543006188079,0.2644719453906872,0.6704380142105967,0.2251489350439418,0.1673923174464802,0.157268753592692,0.074347063434608,0.188994188095547,0.075642192955394,1
2017-02-15,-0.4914172505028545,0.198025837332,0.045102108187,0.015865230192,0.118356614967,0.072042841626,0.1638279605115,0.1415002293659999,0.142165649268,0.102967827335,0.0001456835125,0.7238585408568384,0.7294829807814263,0.2296344425072779,0.6497789385493388,0.4399833653394785,0.1354016309467961,0.1770551553920723,0.0742518093981952,0.0814183739469606,0.1951452201844213,1
2017-02-16,0.006176191009581,0.085378367584,0.0128775292634,0.132513292434,0.019026106015,0.010786437218,0.273384111353,0.188183518253,0.161847394294,0.091196958128,0.024806257137,1.195026247954474,0.5344941417359896,0.4532100004114892,0.4313178309989319,0.2219865738445287,0.0760860013474475,0.2567680451071906,0.3009214187387243,0.3012956470653231,0.2441145966560904,0
2017-02-17,-0.0518672687001526,0.1968312948716,0.0201777527034999,0.013915690218,0.067581007392,0.002611197843,0.305938129314,0.045351450893,0.1291683954485999,0.203930109246,0.0144949379963,1.0588979793819024,0.2579404343906128,0.1620203389670811,0.3858954359295182,0.5545649820711798,0.0538746255216067,0.2112599189921279,0.1719410454292574,0.1446990289242601,0.1781407627060222,1
2017-02-21,-0.3379725429229438,0.0982090380969,0.0832395521675,0.028114185173,0.0224908175035,0.0520929133669999,0.2512845775495,0.0556972179859999,0.203585260769,0.193806128148,0.0114803126576,1.153752323557474,0.2789418060700758,0.1963318443310948,0.2092335486151603,0.289665156874646,0.0727816084357168,0.4995957207257436,0.1383746398808442,0.3319813410062204,0.3313394774989727,1
2017-02-22,-0.2505712723359465,0.2929076037106,0.0044503944162999,0.0970849116985,0.0072065897947,0.000744373216,0.0875660095009999,0.27336998799,0.124614936344,0.1084795694639999,0.00357560424,0.5289658411808589,0.660675474041255,0.4889693638814849,0.5289365370261849,0.380167181547348,0.0240389491057544,0.2075962064371027,0.0688310143952492,0.3128914271424053,0.2313749808450544,0
2017-02-23,-0.134528649225831,0.0010890388813,0.047449188359,0.07664912845,0.065860945715,0.058628949943,0.069800876571,0.069590628812,0.1421281803879999,0.293848494046,0.174954565511,0.7674320569739264,0.2183389832050672,0.2126037258336089,0.2817798528708042,0.2581392819694937,0.2291743278627155,0.3058498109738688,0.7533210932241347,0.1701283578407018,0.1910753525482815,1
2017-02-24,0.0361282259225845,0.1895675567491,0.163503750212,0.081313017013,0.0530654705119999,0.028830001793,0.174069115374,0.066225929395,0.0312017881166,0.1352579883709999,0.0769653733895,0.6654401217464315,0.1379067859639628,0.3588801017596435,0.451998313409849,0.3301840279019662,0.1960658972923134,0.36279593985569,0.1002831347227024,0.1251141448142737,0.2342721324532712,1
2017-02-27,0.3095367764122784,0.2012369309654,0.0360001333519,0.0364936608789999,0.124282311564,0.065679447848,0.005156765592,0.1044868347079999,0.15018048024,0.18643113783,0.0900523373362,0.3396436565837885,0.2702010112369814,0.2494299279891351,0.5965297939376378,0.2784438748400153,0.1194950649860208,0.1854018941044734,0.2119076207967251,0.3733561786542386,0.0430201290066803,1
2017-02-28,-0.2183093279600143,0.0969980033024,0.058977200208,0.159220753751,0.03485743359,0.0618544284685,0.152876305704,0.184303061808,0.164288001288,0.0710556691714,0.0155691392322,0.794480179951411,0.3683683876881413,0.7449050041753764,0.5349065361321843,0.0945423168174119,0.0546986565288769,0.2333430130495711,0.2993331846919161,0.210388834113998,0.2168152437100557,0
2017-03-01,-0.2834997572004795,0.3759647905574,0.024441532724,0.1030030679463999,0.0218478556964,0.0102861693689999,0.123012688429,0.157927914827,0.1508958824736,0.027985327969,0.0046347842345,0.6681042461106672,0.5732620975508318,0.4071164588822595,0.7916714207364073,0.2293888133827,0.0918062890156875,0.177699431980862,0.1440652018463709,0.1850156152302931,0.1121112268385033,1
2017-03-02,-0.4702043811790645,0.1962728953462,0.0002550370455,0.024591869517,0.016215201706,0.007949551801,0.1946131705344,0.285425155701,0.247914202154,0.017681115981,0.0090817906203,0.8132363124497347,0.8761043688707719,0.3856304580119125,0.7060646423136149,0.1156267437275443,0.0254903201112848,0.1722031679511653,0.2682340778105466,0.344857452694094,0.1001759793126378,0
2017-03-03,-0.2293173751793801,0.100437724929,0.03100042252,0.053739549516,0.032849755279,0.000464011734,0.150587170092,0.314780211317,0.2037425881786,0.084420521358,0.0279780157569999,0.6293367970527471,0.8407880153423346,0.4333820513512948,0.3346659843592802,0.2642369279432199,0.0392136850250143,0.1742555265490925,0.264911491745758,0.3621366603022385,0.1786967478591807,1
2017-03-06,0.2175435971468687,9.4912606375e-05,0.2393289492375,0.0416094306475,0.16394639740875,0.1667086083375,0.119666068975,0.00044367255875,0.072656416985,0.10367499918875,0.091870547790625,0.6527444831417911,0.0124257078395948,0.2140149122335845,0.0184253612795095,0.0600796834102626,0.2200857534963534,0.4662428682209062,0.4385588682647864,0.0210251201966139,0.1711714168529912,0
2017-03-07,0.1241288620978593,0.2767289130245,0.070171118619,0.173380488713,0.045917780961,0.0383241429704,0.07289405018,0.1483308969894,0.1102418162093,0.045499454961,0.0185113493821,0.4402225817481514,0.5425975520367443,0.5077299288380407,0.6862650401604216,0.1775282601257168,0.1554912249032151,0.2081120927209741,0.2307021346299143,0.1276152964059343,0.2013958710284732,0
2017-03-08,-0.0161441051401198,9.25256951e-05,0.133685800351,0.148419341546,0.070242934969,0.078738945843,0.182332706025,0.180895255126,0.069517687089,0.060972086929,0.075102732136,0.7300273142825143,0.616187641534246,0.5695747704615531,0.1293611745943408,0.1675876083172494,0.2182744729277452,0.1755273372851263,0.4953454452116507,0.2413384268048921,0.0447738214921805,0
2017-03-09,0.1360501740127802,0.292075762374,0.006480187982,0.093729524842,0.0373671161156,0.052910585812,0.1780184106545,0.1492365106585,0.0699637507916,0.095368379529,0.0248497887903,0.6975933774308571,0.5307432194424291,0.3977268711054077,0.6337121838675073,0.3068150578333471,0.0575982260325774,0.2250678596651263,0.2252124682480622,0.2404709859113099,0.1273845119286554,1
2017-03-10,-0.1321430668234825,0.194231073628,0.0109794991339999,0.007741810227,0.161476464115,0.017507708027,0.1638820209624999,0.213991044648,0.150067311156,0.066848838592,0.013274211955,0.6073471993616357,0.7169899507497886,0.4579627820389896,0.5006716682430173,0.1007478280841528,0.0618490078520831,0.2501415652550797,0.1660262519852132,0.3436484903927032,0.2267736063204463,1
2017-03-13,0.17931509912014,0.001468648308,0.106510823949,0.082789596998,0.073714622099,0.073500274632,0.234148813309,0.17617072398,0.126018255726,0.105000842033,0.020677405779,0.9222945600671304,0.7709534709116422,0.3297713528952172,0.3074075989132475,0.0832555289617382,0.2451163450579994,0.2447205351463791,0.2320880391503911,0.231983192266492,0.0492833171211933,1
2017-03-14,-0.1310836711898446,0.193331214057,0.062969107907,0.160086942176,0.0607084823509999,0.0258043149529999,0.103843211136,0.0960596763019999,0.1165158095874,0.083871183808,0.0968100627194,0.6764439264106207,0.530691829737224,0.2731836281553917,0.4822616305089283,0.2735734224664851,0.1151362540527026,0.3383687923668616,0.3738056661508747,0.1154517952572573,0.1632963338963562,0
2017-03-15,-0.1002960961312055,0.0847307794299,0.041983491257,0.014680954091,0.109968244504,0.075277656242,0.0923733824089999,0.319959564727,0.136580687206,0.096661722556,0.0277835191356,0.4567962349605655,0.7594672308091209,0.3275236640325146,0.5139651660704136,0.1215373061453653,0.1561765290591568,0.2475029352640406,0.5035086481613507,0.2400149783078687,0.0242084072998705,1
2017-03-16,-0.0695782044902443,0.1964082773279999,0.0514742619204999,0.03996695748,0.085542713426,0.0576827873319999,0.1031733705296,0.1778030470236,0.1285877643886999,0.1565515000255,0.0028093406868,0.80403979987176,0.6064043635532149,0.2699484723284253,0.4457065507357972,0.320969165614991,0.1285344967349289,0.2876330424329755,0.1507992710913396,0.2126330957735123,0.1114637603366671,0
2017-03-17,-0.0590232599526643,0.0999112218924,0.00195411031,0.045176890679,0.0219999662959999,0.165121851158,0.107177523982,0.2002288388989999,0.211199320626,0.143923584291,0.003306675278,0.7528170559351913,0.6676375589061094,0.220627558234607,0.250054812108935,0.186238435798235,0.1718854057607396,0.3327260718413614,0.1569293903577512,0.4481930192528726,0.2265411591803639,0
2017-03-20,0.2953861061483621,0.012140000783,0.1640238336409999,0.064272752634,0.112163267999,0.155814243066,0.2069513923889999,0.06536806355,0.009969305025,0.089593770164,0.119703320966,0.9920801034722756,0.3690295919481128,0.1746292861194762,0.2254684445124478,0.1599768076520072,0.3759001483992873,0.2762557492928183,0.2538465856198665,0.1471659367936806,0.0559265746363883,0
2017-03-21,-0.0414337810128927,0.0006531358439,0.0961652029879999,0.073834263847,0.0197913577399999,0.009094125312,0.291692565567,0.166174736224,0.126129405699,0.114682714754,0.1017824575809999,1.0811439429999428,0.4834741081356637,0.1659379157013547,0.1762708722315312,0.3110460962962191,0.0721739706594078,0.3434829600428148,0.297178854221105,0.2333274532979671,0.0801567243787332,0
2017-03-22,0.2154478833079338,0.1033863451744,0.1850832160029999,0.0135178214569999,0.1011280260246,0.110223940664,0.157773804003,0.048645567161,0.084791468448,0.186271567069,0.0091782101639999,0.7964946957989747,0.0999042376016395,0.1130005859526541,0.4649757700775625,0.4183097246721168,0.3042889567743959,0.2612897256964003,0.0949924506517721,0.0885843810569799,0.2584884563572736,1
2017-03-23,-0.2758443148806691,0.196097197446,0.011219838269,0.195269849064,0.017999275351,0.0342529448229999,0.120870863695,0.258365566586,0.1141991556044,0.04393703523,0.0077882642935,0.6552586847576868,0.4802292600444662,0.4054774569539698,0.4695411795649071,0.3417639755877958,0.0579181284910895,0.1557570693733437,0.187435623041629,0.1885612730131614,0.158831291167761,0
2017-03-24,-0.0321947947144508,0.1892207488055,0.154381021981,0.016748285784,0.107658940196,0.1243635771296,0.147335665368,0.0910676627949999,0.027148441118,0.090550095727,0.0515255320149,0.8363046141616113,0.2460446825537502,0.2480478800886402,0.5449921324768268,0.1302286324689941,0.1560902659066141,0.2730545851983021,0.2552753042575705,0.147759185709461,0.1178162729754928,0
2017-03-27,-0.0022489535622298,0.0986119564443999,0.018540958106,0.092699274903,0.084413954167,0.0734844619905,0.181063512707,0.007229263462,0.259607459206,0.173954305136,0.0103948571835,0.8979418480766853,0.1868631870645939,0.2989224987262402,0.5269502599226972,0.3110670886201282,0.1338013810502124,0.2223141969415637,0.4991641920484692,0.4271561286822972,0.082287473077081,0
2017-03-28,0.2101265229284763,0.095816209972,0.215754426298,0.02297577192,0.1507251585789999,0.055522090652,0.0134565423729999,0.155286607279,0.0235099318144,0.1092486339224,0.157704641785,0.6226141641301812,0.3270624324284145,0.3599871837090497,0.3450340972646423,0.1326468469255808,0.155674891958778,0.3687074080523673,0.4381913013429155,0.0153648256916579,0.0927526715777716,1
2017-03-29,-0.0372478811070323,0.285749271825,0.0151672816534,0.0612633852125,0.0179098615669999,0.103653360926,0.0481428656666,0.087725586804,0.2201814657042,0.147369578375,0.0128373663251,0.8542326115283133,0.2688217498464474,0.2393300977725183,0.5468546415919198,0.3042910833820688,0.1232318926571131,0.2597396439528679,0.2641381515867579,0.453628730051533,0.2135239268174966,1
2017-03-30,-0.1895210919901729,0.282828520044,0.050183197795,0.063430298163,0.0254532186309999,0.036254825432,0.1226120416969999,0.2179858953929999,0.0815509044855,0.104734066691,0.0149670212592,0.659689816400466,0.4731260298802793,0.4559379978552719,0.6112181805430863,0.3191421788412309,0.1969919398164315,0.1569645305539325,0.0393471370862078,0.1464074415190252,0.1504759816903497,1
2017-03-31,0.0551242124289273,9.56951266e-05,0.047156228365,0.233520177132,0.01467223075,0.0879507246229999,0.016107466919,0.269645234671,0.045224384055,0.23890380362,0.046724051388,0.382356070870974,0.521256315869661,0.5184910721280105,0.2757975225002151,0.5024429978544535,0.1948205730193935,0.3131954515231701,0.1665997595079633,0.1798613562724355,0.1186403714767722,0
2017-04-03,0.0725892040878534,0.3910518639093,0.0065875781685,0.031582978823,0.160255258116,0.147480199754,0.0685729497719999,0.1178796107039999,0.0461235341879,0.029837144087,0.0006289019814,0.2600590901693017,0.2986475731653694,0.1017719419372148,0.7007681110701687,0.1571946608395109,0.0906693354387215,0.2557711850028512,0.0334145612716238,0.1600084781919047,0.0951187090467187,0
2017-04-04,0.2309134664013981,0.1142024409775999,0.071114545037,0.120320052813,0.173947963235,0.087866534761,0.070096385246,0.135435955818,0.000253297856,0.210886614393,0.0158762021836,0.4151865251942641,0.4752825629595119,0.2583343724864479,0.2965166523634516,0.4977460487418943,0.27217182168507,0.2137599815751561,0.167354198487071,0.0648320029773668,0.0726607433869177,1
2017-04-05,-0.3150797590613365,0.1077833534277777,0.0003213990577777,0.0362657427551111,0.0096087041722222,0.0227010901077777,0.5097815070455556,0.2865088828888888,0.0002873806122222,0.0265640169388888,0.0001778722966666,1.1478613885962916,0.5037827167074781,0.4347138942652112,0.2293659795308226,0.2507729161093099,0.0250437346164893,0.3035992004165303,0.121265721616631,0.0258097568351418,0.2322618302428664,0
2017-04-06,0.0867105454206466,0.1879510981196,0.0162015658286,0.1518383301574999,0.0292942446139999,0.0958351758959999,0.165609532567,0.173620864166,0.0169049560767,0.114417819248,0.0483264379481,0.5893337860113731,0.3343177278085693,0.5740727460795789,0.4513739667104189,0.2645350049941136,0.187677927746379,0.306387248871153,0.1860573545163373,0.1897129905433665,0.215998361274824,1
2017-04-07,-0.2622547061182558,0.2990616672595,0.0005348043765,0.1089894668739999,0.003490144899,0.067052518188,0.086215269786,0.215536937915,0.0827328812105,0.136253566746,0.0001327487106,0.2359911911553486,0.6100501476779736,0.4813154418549465,0.7381361071278327,0.3515455889109176,0.1494560005714618,0.2643064468601599,0.0492693282116947,0.2668127412293407,0.252410194068006,0
2017-04-10,-0.023642848059535,0.1031456208606,0.029685529045,0.002399252412,0.076409787381,0.1401388190066,0.157903834533,0.128375800924,0.130919376763,0.1520292524524,0.0789926990707,0.7122677187507422,0.3080376909213939,0.2244152634254707,0.5129817273398102,0.5230437583818276,0.0412333085073714,0.216476539828342,0.4409720799683643,0.1905406579210339,0.1875670983513299,1
2017-04-11,0.202536148391664,0.2880581932632,0.0328591205229999,0.025412187976,0.0943765615195,0.206040460486,0.0290814010394,0.1033378382405999,0.0979751266436,0.0470900097759999,0.0757691488685,0.4773466994649422,0.3260618121991917,0.2606523504135305,0.6369915728588188,0.1891846639005067,0.2190302982549944,0.1306610679317085,0.4316809521794739,0.1535772756434542,0.0644599657763425,0
2017-04-12,-0.0524564299732446,0.190395696461,0.050883949329,0.111178735576,0.082352099555,0.078497585174,0.0026103356429999,0.2317774066749999,0.013737504343,0.210234039026,0.0283326479359,0.2664779140469421,0.6657330749100889,0.4407367173106924,0.5471156187161501,0.6161055680134427,0.0505600770498048,0.1384932162394372,0.15356435625633,0.1901594754686039,0.093697194324471,0
2017-04-13,0.2146803399547934,0.0951271911796,0.004869679462,0.158223664899,0.122339756556,0.145202494823,0.090172310022,0.246242741203,0.09046723485,0.043267456785,0.0040874478314,0.4827023596550668,0.9222868479353568,0.5493827336322017,0.3993065257675869,0.295475223179803,0.139640789672447,0.182994238418225,0.1243116792473437,0.2491589724542226,0.1383111421066228,0
2017-04-17,0.2464294727891683,0.0001128758085,0.0582419764249999,0.05495795738,0.106935919988,0.205796443938,0.166235129131,0.168632679795,0.025906267509,0.12171250652,0.0914682128696,0.5825762882459002,0.3439450038635808,0.2770970189114342,0.1545799298274474,0.2130915007261448,0.2568014350188873,0.1881170295586297,0.3556609799651472,0.1155410963962979,0.1120953020226053,1
2017-04-18,0.2903761569410562,0.2920251145842,0.0699839934956,0.171469142053,0.0422282852005,0.0462899516219999,0.025232721809,0.062353236662,0.0848417033104,0.184732822894,0.0208430388347,0.5492991388990331,0.3182374178115724,0.3701305810294803,0.5072343133166074,0.2303234511281778,0.1362167572205162,0.150754428868217,0.2184737461935855,0.1005799046767803,0.1954973248022634,0
2017-04-19,-0.2956529727205634,0.1823562573424,0.0304450832595,0.076279259432,0.009954237319,0.0202645092939999,0.088781504668,0.152444804656,0.191214525215,0.235786400421,0.0124734188301,0.5902499134981583,0.3276481352198446,0.3102763937334855,0.5346979694669589,0.4467742808668344,0.0471640098181755,0.3145128618052743,0.2306395417155605,0.2718358319605815,0.349698842775237,0
2017-04-20,0.2200038507580757,0.1944318867732,0.121415656092,0.1378249629339999,0.1827055633625,0.08877554863,0.0514941295989999,0.130919087814,0.0176247716916,0.0373591016264,0.0374492933824,0.4357416775412875,0.2888697590994794,0.4974073446004438,0.4259753932847223,0.1101795533038661,0.2350244632227012,0.2020112689884108,0.2252621243575377,0.0750719526953209,0.0908591346724043,1
2017-04-21,-0.0277964871376752,0.0021107278422,0.083228862507,0.065457445892,0.108177125899,0.240441091966,0.157986589145,0.0694351529199999,0.0522201475425,0.1633583387719999,0.057584507259,0.6860674692200376,0.3370399163279942,0.2366142560192705,0.4041533663427361,0.1660630865413219,0.2845394650315581,0.2808358827274913,0.1893458629049168,0.1761249102936046,0.2323751032196218,0
2017-04-24,-0.3102987979538739,0.0004426971575,0.125113785952,0.106658347735,0.023924386861,0.0939909548579999,0.27247579666,0.0264696929799999,0.207837963188,0.125009094044,0.018077252511,1.2702200631195455,0.0707653464487227,0.238462658360721,0.1380229326211329,0.1292787453576125,0.1764769036798482,0.4460209044562702,0.2506578710898019,0.3001989704113059,0.4659435866577254,1
2017-04-25,0.0492148745805025,0.1374015385815555,0.1554719866155555,0.02286713283,0.2601099783833333,0.0990817793666666,0.2334165470522222,0.0118977553022222,0.02884672072,0.0449203655633333,0.0059861519299999,0.4316691393452328,0.1757246910731013,0.0946065667450797,0.1974444991056213,0.0516641316220169,0.1883817914087837,0.0884565481971323,0.2074954077823495,0.0355009986748668,0.5633932539351825,1
2017-04-26,0.1409643918275833,0.1032321717842,0.086873495817,0.0070515716695,0.273765923687,0.207280872851,0.062909742255,0.0091992996969999,0.104200398111,0.129651304312,0.01583520936,0.5717996293742156,0.2019841680967646,0.1279940919165019,0.3143467347395318,0.1386819693957726,0.3001230069136198,0.2406575598796457,0.1484698667685146,0.0859812180421751,0.0972729075346875,0
2017-04-27,0.2546507488936185,0.197138028453,0.017530390863,0.136170633012,0.0866961329109999,0.024297014944,0.113841953987,0.1280759881939999,0.1430017885035,0.1429206600395,0.0103274016928,0.6806949747067168,0.4301849956966167,0.3869413657831698,0.4755049261956663,0.3942279967958482,0.0946743806535487,0.1948711601418941,0.2493980231297773,0.2426037139387442,0.2198766712668063,1
2017-04-28,-0.1765261128544807,0.181294360343,0.0545642643019999,0.0628373722654,0.138727705601,0.164187954977,0.122010690503,0.073467262212,0.086442662918,0.1163481242565999,0.0001195750289999,0.5720911524004488,0.1246310313776507,0.2625954242514942,0.4257941898201242,0.3159374141867553,0.3025990709083704,0.257467504441531,0.1039045640156604,0.0338093863336981,0.3052759680947951,0
2017-05-01,-0.1691856399178505,0.0970518289081,0.144210413118,0.03650363214,0.181228059285,0.148202876868,0.1363434722829999,0.0406331522114,0.138765104154,0.062576564497,0.014484864906,0.4576071724445926,0.2111172928634353,0.146060237493203,0.5184097600581377,0.1186573754192258,0.1933491445546702,0.1928804614254016,0.1111482412942629,0.205330582561187,0.4408132168102062,1
2017-05-02,-0.0934577375650405,0.2079433037242,0.069782562417,0.017253527397,0.0822991472926,0.038504830164,0.153455201461,0.047026641038,0.2604011502505,0.031558027778,0.091775657062,0.7602207646273874,0.3609168285540586,0.2380356458743167,0.4722875503984268,0.1242021946043118,0.1802960293229247,0.07882951713715,0.4453255138358022,0.3967400300111767,0.3006328877618208,1
2017-05-03,0.0811892551369965,0.0617532575914,0.089709725151,0.068828902517,0.0964552033799999,0.004249610511,0.304818748772,0.17262653244,0.097472951508,0.101578677777,0.002506377236,0.5718513225990576,0.6653471961464887,0.405312747395533,0.3396523192420788,0.106517037007814,0.0812631149098213,0.1639168571077486,0.1548014736382129,0.2774686087156111,0.5139698268944825,0
2017-05-04,0.1102014958858489,0.474378878611,0.0721870299548,0.062561907386,0.0047755757925,0.0044725783174,0.2033768967213999,0.056158325769,0.0813461815702,0.034392632212,0.0063500340306,0.5883956915589316,0.3090426169108532,0.2969530748358774,0.7935029938222192,0.4237287665356007,0.0185766070727105,0.30151724552617,0.3090721645245077,0.1193356538270179,0.2191133942739531,1
2017-05-05,-0.1195658413693308,0.2037257875783999,0.015267602617,0.08288800846,0.0453250401225,0.009589722533,0.2342180760699999,0.187643340991,0.080326107933,0.114224780816,0.02679152973,0.7029956763232155,0.265094235885949,0.6657541582361085,0.5619157861213211,0.2534906821663106,0.0056513835788791,0.2248113081030578,0.4178250707514402,0.0991074111381714,0.2013177701269596,1
2017-05-08,0.1003182360902428,0.2942569610876,0.0626412714954,0.10350368515,0.0256158336424999,0.071644065639,0.000244782732,0.0739578492784999,0.2526918860398,0.0939948404585,0.021448813868,0.4332212298146861,0.2405434900481914,0.4194576151691466,0.6402611005463099,0.2621686166762609,0.2704119438858751,0.2436868872388601,0.1454385751430795,0.5450277013140512,0.103459649809078,1
2017-05-09,0.0699265356175601,0.2297848730711111,0.0757592235077777,0.015420835155,0.055704934,0.0047724160033333,0.1264829856573333,0.1936417100777777,0.1463394103293333,0.1369986761077778,0.0150949253494444,0.6628265337290282,0.3948655360314376,0.1999477469833489,0.446583089904298,0.2830730219003204,0.0328740405898857,0.2355056781726703,0.1175342058828587,0.2221373204500769,0.3212926842981692,0
2017-05-10,-0.0351324481889605,0.2803666924935,0.016897332097,0.1140831230504,0.0272524123764,0.008546187308,0.063182149183,0.1139355939829999,0.1871952565307,0.136720599835,0.0518206654386,0.8197085944594809,0.2497541619924022,0.3353945659414427,0.6527515029861004,0.3793654833337155,0.015916778085385,0.2378683429405267,0.192250042182359,0.1887364337257938,0.1507936684138044,1
2017-05-11,-0.012209611479193,0.102520176107,0.102764028677,0.135036697207,0.046787334418,0.017172407605,0.297153108748,0.050607189384,0.062106230012,0.159839396455,0.0260134048866,0.8034238764186534,0.2474157463107794,0.279883057530839,0.4096507656274158,0.4754932696745061,0.0783905880920356,0.1848018719430245,0.2013275385907719,0.0695508512407963,0.5810207059267769,0
2017-05-12,-0.2424178151413798,0.1011580962171,0.070604480548,0.163054721856,0.015861325704,0.026177188013,0.2664043931554,0.089856299301,0.1165851418179999,0.129348303383,0.0209500375033,0.6300792593078474,0.3503905328856326,0.5226326387421216,0.3539463705607112,0.3668771185997573,0.0309150999887954,0.1601630848021481,0.164686820826951,0.3522274578925683,0.3625660705418556,0
2017-05-15,0.1995586926117539,0.0901308237806,0.162286547859,0.0490209414329999,0.1330200023446,0.065286739614,0.128098933154,0.0459700902589999,0.192114560877,0.112458244305,0.0216131058962,0.7467839608687108,0.1801057484845629,0.1655840220243666,0.4785089627515897,0.3234406152593349,0.0771448529209248,0.2597298145020877,0.233620633893561,0.3259474245300804,0.1546262359487762,1
2017-05-16,-0.0121320370584726,0.0025705801555,0.105589057567,0.068324344134,0.221480121944,0.143219144996,0.162161135881,0.010889273971,0.137509871574,0.124136272376,0.0241201647069999,0.980090811861913,0.0360337146963748,0.3003913780397191,0.1623418191574051,0.1158073517703975,0.3031579352994002,0.2113367226148557,0.199667667363595,0.151570805709736,0.1525846684591991,0
2017-05-17,0.2395793611183762,0.0051719408986,0.058797907878,0.124362902875,0.065624265982,0.07570426777,0.181229537878,0.2166287459699999,0.114658625628,0.12883847678,0.0289833184789999,0.8895902518448324,0.6206155505362206,0.3512991740372516,0.2980977931338892,0.3216042473042567,0.1081424219080555,0.1691642361641959,0.3489299993077751,0.1958369002511005,0.2523168696660784,0
2017-05-18,-0.0274134393781423,0.1141837157866,0.0740589831984999,0.03715973719,0.085026424645,0.1024762324109999,0.140587367394,0.09782190861,0.196756131128,0.131682941914,0.020246556622,0.929436249190271,0.2921423035680099,0.1923993599126098,0.5641783056124171,0.2171743152499153,0.1094331070071205,0.2734750671635096,0.4235940606438456,0.2826853305956774,0.2604695625107358,1
2017-05-19,-0.1435534119606018,0.0143793726148,0.189881576007,0.14992855869,0.15148984258,0.018845176343,0.058198013656,0.14782826345,0.091143731358,0.167929916156,0.010375549971,0.5655364925284947,0.2538110673662495,0.4928674518433754,0.2281122229690916,0.3616311080276432,0.115530226463723,0.3192046854487677,0.1737737508760589,0.0362340775575029,0.2347426090055767,1
2017-05-22,0.3073724598623812,0.18140513758,0.084689822731,0.0537113331153999,0.1084896039983999,0.0962317261836,0.0022411149969999,0.116951452891,0.0674872424975,0.1545087469195,0.1342837753243,0.187867989539234,0.3226092963049033,0.3642246661090467,0.3778374221436027,0.324066243317094,0.1073435238212499,0.1536896168965077,0.5236740854749371,0.1883297104453049,0.0997761356721307,1
2017-05-23,-0.2662094362080097,0.1015615778746,0.055707374176,0.123943062693,0.172362770934,0.0959971814656,0.058761097325,0.038091609999,0.1887990875198,0.0980147385105,0.066761490248,0.5959024508816408,0.1451880517594684,0.5044682602996746,0.7025410759792001,0.1333405499269576,0.0340320851508592,0.2099857815946762,0.5145680824567024,0.3215038690038073,0.0518672811893354,1
2017-05-24,0.1244093896821141,0.5648914769123,0.0168072183624,0.0188728121466,0.0096318874495,0.0045683799876,0.078001245377,0.135312989126,0.0554774433877999,0.036517653636,0.0799189350197999,0.3202162684200184,0.4133735832650794,0.224613363779018,1.085712417342678,0.1634039623261908,0.022674609839174,0.2007840488313181,0.1433611916661819,0.1817323870708496,0.1366381624064007,1
2017-05-25,-0.2530291203409433,0.1944683265031,0.0049854998029999,0.088583315402,0.0347200583469999,0.0679568741019999,0.2131401138489999,0.264540913025,0.108910279076,0.007053303144,0.0156413240965,0.7273262878262204,0.4601576591829703,0.5538697481728379,0.3830886882437361,0.1773147775880957,0.1247610627907741,0.1533447095581658,0.2844722624509569,0.2032993027793712,0.0982763087079328,1
2017-05-26,-0.0868727544322609,0.290867974026,0.013507703319,0.1055798822655,0.026904760547,0.0076888095839999,0.0615144918103999,0.291001799497,0.080421861648,0.118933671098,0.0035790658475,0.4196949584751374,0.4770651907405444,0.5892937527567967,0.8479225374310697,0.2997944639381533,0.0059698273606856,0.2942863684786028,0.0299519475383414,0.0672565396467956,0.0794323696732956,1
2017-05-30,0.0609817734919488,0.0086827940395,0.114601743262,0.042935090049,0.046760658934,0.021273141566,0.15942252779,0.194136367857,0.193794458815,0.197900587453,0.020492640378,0.8347889219439182,0.363293458986444,0.55093333603693,0.4302324044932661,0.3738994070034509,0.0502740507924278,0.2873697564733204,0.3523779119257527,0.2757389211265489,0.1336370819037547,0
2017-05-31,-0.028647918626666,0.4011295396011999,0.108335055214,0.0360218361644,0.0717137304316,0.110706456161,0.011153156213,0.0310997298549999,0.0723705173434,0.107436887397,0.0500331087886,0.2787220382531918,0.0753144187312877,0.3520488137619814,0.7527980205520967,0.2434014175878692,0.087349396067022,0.2984567124912083,0.372275615888518,0.1316065526808841,0.0827206560259229,0
2017-06-01,-0.2064274907112121,0.1173482704740999,0.0554886685365,0.110445423836,0.005140925123,0.018136843017,0.040095778014,0.486234509667,0.1205337647578,0.0431413651159999,0.0034344651058,0.2516758853491568,1.034637920801861,0.601666942438714,0.2512310006364453,0.1431629721532961,0.0205629405814201,0.0486610551857349,0.0448142861129239,0.2934926607982763,0.2366141805431036,1
2017-06-02,-0.5194948187097908,0.4883786287619,0.003235034996,0.04791292188,0.0002776224009999,0.002078984439,0.1262680175506,0.2468382570799999,0.076524292149,0.001648864528,0.0068373819826,0.32559820593819,0.5760718242777266,0.5939409666194437,0.9173205262626232,0.1663380979643458,0.0166662426644467,0.1349799740434897,0.1870488883036068,0.2046052622678446,0.1766417745706446,1
2017-06-05,-0.3192437078803777,0.0054549935443,0.073905989879,0.227963512196,0.149999292809,0.088280623714,0.040591696854,0.0796163213329999,0.21384292946,0.087809020387,0.0325355912211,0.5985155667536318,0.2896185038311991,0.6258273487918624,0.2561739434955312,0.18745166480861,0.1384554741950824,0.2400981367120762,0.2050281742080223,0.3429562191577423,0.1163597804889944,0
2017-06-06,0.390883173700422,0.0178790044405999,0.109747133765,0.0523974706019999,0.1081979255799999,0.1966804458179999,0.140159348025,0.096082694511,0.102443100699,0.112683299239,0.063729584341,0.5567817778710181,0.3922129732369533,0.2514294811654247,0.2200360020595461,0.2808939515595808,0.1748839410002587,0.1779797089974201,0.6673093992213041,0.0335471994514741,0.2484673397974632,0
2017-06-07,-0.1189520243555307,0.3725706920814,0.04211492166,0.021151675891,0.0785261642666,0.17744400004,0.0010130804735,0.0970269001046,0.1202534291399999,0.052636432137,0.037262704112,0.5477854424804258,0.2824375400771146,0.2042131644488082,0.7620774178659532,0.3388296073219204,0.0985054280766932,0.2999822501613339,0.1627227283880837,0.1279035970067534,0.0447993352426232,1
2017-06-08,-0.1725309755653143,0.28353922015,0.0200757623575,0.0152608201769999,0.1005049008306,0.1256174631503999,0.1855781657765,0.1184997936609999,0.0643906319139999,0.082256356506,0.0042768981614,1.0184946446065388,0.3705460892657527,0.1977297578209755,0.6369864615993904,0.3848069606125485,0.057865016725926,0.243576559121026,0.1271367557040804,0.1530185738634129,0.1302581441729847,1
2017-06-09,-0.0191842015832662,0.2846630831755,0.1413439341624,0.06400880441,0.0099948258414999,0.0715593577676,0.087753422451,0.0514598088014999,0.096141055306,0.168200717435,0.0248750213316,0.6893216203301817,0.2192734228153258,0.1390510175514507,0.6054688561660038,0.3080063573206314,0.1445461675769382,0.3099058833542961,0.1977437139855744,0.3628520333229333,0.1817034804515631,0
2017-06-12,0.1511229655705392,0.2903392295474,0.028877198532,0.0385804696305,0.0678728110446,0.036750444758,0.0910319646716,0.112253983807,0.119945518409,0.2027304060746,0.011617965065,0.712274977217247,0.3805178038324712,0.1743994706658528,0.6879438106715855,0.4123742688368121,0.0837899672821797,0.4324307698678631,0.0172116442719825,0.2370089146428777,0.0785860930395388,0
2017-06-13,0.1333180963993072,0.2171780588244,0.005282568042,0.0473028672469999,0.147113708983,0.064448880083,0.10977401506,0.178453128445,0.054511153651,0.15230496788,0.0236306728659999,0.6789782352112164,0.5739258473240448,0.228028893970785,0.5797878857975831,0.3627803337609471,0.0581227476231391,0.2660775406513341,0.1630708517655738,0.1752641542552612,0.068323436791109,1
2017-06-14,0.1754931701347231,0.1885116960012,0.015473078058,0.0163401265039999,0.0044578399044,0.0129817268629999,0.1017117572859999,0.378714436269,0.173612205123,0.0250563065204999,0.083140831324,0.6475367503806401,0.7901130620743049,0.3878372989543137,0.4644384255348207,0.2965559271266754,0.0366370514024928,0.1988732257322177,0.3130910522676593,0.3590627426954128,0.1425621348358751,0
2017-06-15,-0.0606674112379551,0.1977180047341,0.0186922099934,0.1747257715294,0.009593403856,0.027314501054,0.095045362147,0.117650630036,0.144964004197,0.105779358319,0.1085167530963,0.789014836774429,0.5151035066239245,0.3349902080649079,0.4943503248720725,0.3463986341965972,0.1486966958530282,0.2161550422189822,0.3699235462877659,0.2775741273094341,0.0476957331393427,0
2017-06-16,0.1053361609578132,0.0946121753446,0.0799559473874,0.0703012453709999,0.046725417493,0.212466687654,0.0147212378654,0.2236960494739999,0.033027890687,0.21464021514,0.009853085761,0.1404576186159727,0.4587151618091762,0.616279042062765,0.3245643904004671,0.2256916687180959,0.411501944056459,0.1089399624350445,0.0462779648983914,0.1430434927024392,0.0423194360544905,1
2017-06-19,-0.210805931687355,0.2736643742055999,0.0164808554185999,0.046879886666,0.0436797929586,0.058007061119,0.24170578086,0.094974630955,0.035455078269,0.180896207043,0.0082563424761,0.7857389481235858,0.34990054414872,0.5867617607227573,0.534978485957771,0.347682725969731,0.1185820107667671,0.2716621121681192,0.1236938765603579,0.0574213432211623,0.0952022658876984,1
2017-06-20,-0.0173614703118801,0.0995583785624,0.0487076774219999,0.0076639132929999,0.074387605993,0.0879653377185,0.15426167443,0.275943891987,0.149444687328,0.080503854873,0.021562968455,0.619395376048654,0.6441181492436859,0.3614622950181354,0.2869544376112806,0.2138815240069649,0.0160635290946139,0.2562400947422847,0.3127223028014926,0.2881697130155305,0.0303824598328507,0
2017-06-21,-0.0357247294858098,0.0089497795295,0.0859998978219999,0.035551712011,0.0339505369419999,0.143908369113,0.2422995638519999,0.134699454509,0.091835838314,0.157164976097,0.0656399152609999,0.8309517085209137,0.4543851083989295,0.2819576736097705,0.4396333926653796,0.1326732209426184,0.2861249120776006,0.2713303950962188,0.602885318249579,0.0688395693568418,0.2804477335702894,0
2017-06-22,0.091102135926485,0.193107269408,0.0431389004459999,0.0483475588743999,0.053792206034,0.0623340834654,0.0406681595814,0.3014076086175999,0.0616377779759,0.1899795249949999,0.0055869064085,0.4253496497315024,0.703935046731901,0.3449700276280042,0.5844461079326853,0.4905050376418758,0.1445729362832145,0.2934813304086973,0.1193169588311723,0.0569454530224808,0.0610207295772667,0
2017-06-23,-0.2784065902233124,0.5735438871854,0.0083764330903999,0.019254112259,0.0076583231124,0.0003022281951,0.0652856658665999,0.1685325562014,0.1205299203931,0.0160469733831,0.0204699687683,0.2735871615495317,0.4140110501226987,0.3344233106875663,1.0212318634548578,0.2538371955608943,0.0,0.2023910402400077,0.2789232921025047,0.1994285523692481,0.0990340500610235,1
2017-06-26,0.0596320684999227,0.2903873487256,0.0621772339204,0.016856324396,0.1231095104705,0.0795722985415,0.0360655618935,0.096669249443,0.1666491354440999,0.107972885397,0.0205404777174,0.3817833332260399,0.3741311091126235,0.0895917068728291,0.8111059614736241,0.3282506488783395,0.0985858533451834,0.1901838707310051,0.2846739260203972,0.4031651105287811,0.0558696854465104,1
2017-06-27,0.0703101406805217,0.0942322265482,0.056987164247,0.0844480366566,0.089766360366,0.0601865609655,0.149136927304,0.3225605188379999,0.036516621957,0.103145534633,0.003020045987,0.5785755644323529,0.755905547496855,0.746248219245013,0.3618353033454916,0.2455401340116072,0.0244004663541783,0.1638738921481024,0.1082334062322876,0.1028357260916171,0.1035142543978386,0
2017-06-28,0.0362260345369577,0.1246900058537,0.143557869673,0.02782651529,0.0200297689159999,0.0248575588669999,0.19552793041,0.120241836055,0.080042435321,0.2267705784159999,0.0364555050458,0.8366147175889207,0.488750134466111,0.1937406601926576,0.3477874592621727,0.3957564114067345,0.091194983201315,0.236748144043487,0.1505295345845237,0.1838322413073223,0.3741263546496552,1
2017-06-29,-0.0052912335842847,0.0005957718131,0.10284239893,0.103983153129,0.1114906266579999,0.156893251267,0.049135536286,0.14502929857,0.105415289913,0.22112336645,0.003491271635,0.5591760815318818,0.3456465566852973,0.3910953511901368,0.4987694283960252,0.3443326469289801,0.2579384305092645,0.2936123008312562,0.0329866592112969,0.1968435202217746,0.1642655365357198,0
2017-06-30,-0.2798344517126679,0.1002291166584,0.134413445863,0.284847038862,0.078667607542,0.082811826469,0.099935314488,0.103945269258,0.020822633849,0.0879234921369999,0.0064042007959999,0.4653112143691834,0.4503279469552808,0.8652045798088096,0.2031980877375697,0.1570696669763838,0.1236479341906071,0.3426722049403753,0.1133114113266811,0.0731005282068103,0.1291333491211514,1
2017-07-03,0.0667963637039065,0.0985680522609,0.063936328713,0.045358326211,0.0802310543339999,0.17245781203,0.0541458889259999,0.107152322419,0.1549205329106,0.186651651493,0.036578023933,0.3936302212954196,0.2943745494269631,0.18688605871779,0.4438522385392011,0.299220100106868,0.2776383307739445,0.1361064135957617,0.4050929857573037,0.1635129625089315,0.1988273095806943,1
2017-07-05,-0.3130393479019403,0.3917241042235,0.0217384770679,0.002996478533,0.0194259532379,0.0651143654034999,0.056561742111,0.129784166989,0.221819415062,0.0828597583194,0.0079755762341,0.6488178548791276,0.3576133115765308,0.1230383872300258,0.7032104370745619,0.3834556850357602,0.0274401766278276,0.1944534300774081,0.2440094937932494,0.3936553397457619,0.0551623097846489,1
2017-07-06,-0.1128919536247849,0.0987138014533,0.096794301778,0.08878422781,0.065807428316,0.208970889129,0.067249901962,0.22004651889,0.1165531222506,0.032777710742,0.00430210941,0.2081387055453361,0.593805299400046,0.3264160312413052,0.2849580135869148,0.2592490498476383,0.3684057805422599,0.1093442672546072,0.1414088049525323,0.2471777392760176,0.2462415080830819,0
2017-07-07,-0.190304079093039,0.102508550494,0.0289455871616,0.047250468988,0.006179881138,0.06732825806,0.170458759467,0.264906692972,0.1774115720629999,0.127765731583,0.0072444982304,0.7234994367936208,0.6259376303730914,0.6290347620931845,0.5607129119956296,0.3825016469006778,0.0590596329490619,0.2029431434090915,0.2089921424515808,0.2831554782576467,0.1049221445266495,1
2017-07-10,-0.3624352376908064,0.0009953135701,0.076034386847,0.1958859511689999,0.040559521603,0.076364441115,0.216208096862,0.123060910505,0.11673943511,0.149164843934,0.004987085878,1.065614459343143,0.3277446468284872,0.5544732802132187,0.3689542732518639,0.2931713689409103,0.1551714972125621,0.295452760880859,0.0985832425459194,0.3031483983032201,0.1223658252300743,1
2017-07-11,-0.2124249160289764,0.0977197513858999,0.023324770773,0.036552052696,0.031451476709,0.0022995930549999,0.0617438750294999,0.503430953307,0.1932696723264,0.031011549973,0.019196315286,0.5323210733574057,0.9882010557638572,0.525772970306163,0.357855577534833,0.6172003397850867,0.0379679101613176,0.1507068038243815,0.3424049422743269,0.26514866710278,0.0691941251398116,0
2017-07-12,-0.1921883404254913,0.0947951562354,0.010612261176,0.0777830940039999,0.041981498316,0.0623220937049999,0.153470958434,0.432028429928,0.063146425224,0.053297712018,0.0105623519611,0.645176840071008,0.8622671304749888,0.723139373570241,0.3540804220767573,0.2433281280576816,0.1540976739949199,0.1685882575794792,0.1461124865155418,0.1466603555979893,0.0726371901775636,1
2017-07-13,-0.2014955712482333,0.479827224078,0.0319531319787999,0.0416549088855999,0.057137098881,0.021267666873,0.1019628054398,0.1112510058684,0.0711614154491999,0.070107476991,0.0136772593749,0.3983866479324865,0.3843277635451773,0.3158027110999401,0.9672269229100297,0.319645614499053,0.1397281704702928,0.2225238493200457,0.1349272642704034,0.173069579240286,0.1914884608923791,1
2017-07-14,0.1293811350129544,0.0885489000452,0.0031754214265,0.1015593825169999,0.006145094225,0.0132277867509999,0.309864396423,0.29847847513,0.078435396957,0.100380071417,0.000185029354,0.8635930783593349,0.6504807142212913,0.6874657028887043,0.4033996263816816,0.4113375406449321,0.0573142100936933,0.1633922546409751,0.0721656509214621,0.1183901245709401,0.3059422875880008,1
2017-07-17,-0.1399572093971073,0.2857670895123,0.0398502145154,0.063599858962,0.0881545676625,0.087350285968,0.121131388013,0.058135430467,0.2029547155586,0.040340258737,0.0127162050156,0.5208843392777867,0.3609504480394503,0.3508866124407798,0.5032274301327495,0.0830596497300669,0.269530920706682,0.2670264029606812,0.1620632998819436,0.4069335934031446,0.2106796221607239,0
2017-07-18,0.0267477934248745,0.0960003711655,0.033729683626,0.044883252528,0.10812139056,0.15470214477,0.134632248198,0.026982915798,0.0927321498985,0.290403976768,0.0178118560029999,0.5630381886757304,0.2617873052501638,0.1345292510542581,0.3352319602801407,0.3930958483134384,0.1383261679299882,0.2524889089448403,0.1297606102510111,0.056238338294629,0.4137713380746063,1
2017-07-19,-0.0588112705387175,0.0946265080690999,0.1046534252446,0.048374852019,0.009866852627,0.100223966233,0.1847706298609999,0.111103304157,0.1886460730845,0.049790156106,0.1079442268095,0.8033220849706856,0.378050729230581,0.2878649791647556,0.465063818511648,0.2072514630297937,0.3420259572429077,0.1450178933477975,0.360660250277214,0.3561392609036553,0.210726949393035,1
2017-07-20,0.0551876591518521,0.010842828535,0.067319663662,0.056553041479,0.114715275759,0.151260516894,0.1348145571189999,0.173296151896,0.118252276403,0.14449479962,0.028450847298,0.5458364060562209,0.3992208681960714,0.4661482518313461,0.2546014779549772,0.3473173348071214,0.2466723184403406,0.2058346636811139,0.2987768733297818,0.0313692606723695,0.2680692717030618,0
2017-07-21,0.062958850339055,0.175835146392,0.044580239063,0.064855296911,0.0958963991435,0.023523758504,0.142501407328,0.085915231192,0.162887761326,0.197085249758,0.0069195305065,0.6664995476379094,0.2553014826421106,0.3332809691495352,0.5070070862565248,0.4766081484060215,0.0701859817428008,0.2399732641314698,0.1672103337836891,0.237510282018674,0.3388652421386378,0
2017-07-24,0.1701834138482809,0.1106247927215,0.039420236167,0.177676201174,0.029900634287,0.128148780816,0.176471780677,0.113259634948,0.0570761409988,0.14922104424,0.018200732193,0.4749365794671029,0.2570134933767353,0.6470290470917366,0.3851983036120587,0.3073386836714131,0.1753457841261579,0.2218832299955965,0.1807786887088187,0.1122425308708606,0.3429470604309794,0
2017-07-25,-0.0427633068524301,0.0936450576349,0.1225837999679999,0.020901331934,0.087991454577,0.12140875554,0.1120235420265,0.126779874618,0.124685513576,0.157362611366,0.0326180677024999,0.6871429373707365,0.4829715134031881,0.3822233510114424,0.3769018109791876,0.2647084373130705,0.1203727764599504,0.4383334908747623,0.2740144036156916,0.2453607261631314,0.2574508501193582,1
2017-07-26,-0.3911761693656445,0.3051574510276,0.017467721711,0.0040329679019999,0.005514334426,0.132688580714,0.327704003624,0.1714260734959999,0.0012481028955,0.028082552522,0.006678203791,0.7189007350318126,0.4321462303023226,0.1805994447208993,0.5472218134901524,0.2653598818320257,0.2059198210183127,0.1608296121555886,0.0548099237376922,0.0480812263687815,0.4838650931099694,1
2017-07-27,0.2862590495496988,0.191819391089,0.110793495624,0.00577002954,0.048070091413,0.092264666181,0.159966888193,0.126769556597,0.180208503593,0.08420383002,0.000133546034,0.6406437018663322,0.4958159792640039,0.1247852828828649,0.4023171466948933,0.3977262655893295,0.1719285161437062,0.2026224837284896,0.1597159855356876,0.2642367547072378,0.3662729169960907,0
2017-07-28,-0.1358986699022353,0.0978230582495,0.011168984558,0.0954628413814,0.055478785212,0.00984310542,0.294752598451,0.063589644746,0.2046395300586,0.166492132186,0.0007493329306,0.9471345651321444,0.1460691617951407,0.4159272184336253,0.4639244806646062,0.1794900914567842,0.0212562218386511,0.2486638183588863,0.1839568897493349,0.4066729014885449,0.4088064006301662,0
2017-07-31,0.3611487128771841,0.1929504403921,0.124832998925,0.0438121361435,0.087258276389,0.121745656116,0.00525818589,0.0555029071649999,0.119427662988,0.2098453151469999,0.0393664616117,0.3511942671778034,0.1094332273444591,0.2678982624932263,0.5505226404536672,0.5020127780467688,0.2083278983885368,0.2159901057817386,0.1788690647191105,0.1035760497490564,0.0496223126945168,0
2017-08-01,-0.2554060310125351,0.3667904261482,0.0186783412496,0.02642799307,0.0212291523495,0.0186795710164999,0.196153454131,0.037698666739,0.1495944010175,0.1511060357115,0.0136419746459,0.7241438454151667,0.12234709791042,0.2304604093888471,0.8304008094494411,0.259663409632752,0.0512331455614156,0.3293137082083039,0.2239284642511215,0.2835840867667849,0.3651515484734794,1
2017-08-02,0.0787351693958043,0.1913585832004999,0.0177177010395,0.024132781365,0.0239323705854999,0.0804216809465,0.0924676917124,0.310438187295,0.1465171760384,0.1058524481174,0.0071613851977,0.4888441979403716,0.6260461160251818,0.2782756724408733,0.4792108808403156,0.2922432473213371,0.1212714629642665,0.1445608781672623,0.1039218133941041,0.1960645782922774,0.2043790724291006,1
2017-08-03,-0.0374719053506851,0.19128702947,0.072940860311,0.1493449178599999,0.009645140837,0.0656328885965999,0.0452790506554,0.149010979966,0.1675888321057,0.0492156010649999,0.1000547111831,0.6434416457476078,0.4198833336740463,0.4197329565789258,0.4414132856667255,0.2387383071932949,0.274013811718565,0.1949718779616039,0.1288904418932097,0.3800434299396013,0.211291290164942,0
2017-08-04,-0.2004682034254074,0.0001032870532,0.040957745632,0.038292894009,0.026621768494,0.017717258992,0.2978144261929999,0.137061952298,0.223937208919,0.105410904422,0.112082542742,1.1256516625360922,0.3122549874792582,0.3665152473557111,0.2423999859704611,0.1431993307771962,0.1125486360486276,0.172053877130356,0.3101045845405806,0.4565503839298619,0.4765422004910579,1
2017-08-07,0.1613745597191155,0.369269625553,0.034111897455,0.047567384548,0.070273619469,0.088787039857,0.144040077066,0.03320624227,0.142100189263,0.045789013222,0.0248548867955,0.7255445646484746,0.1589651762538657,0.3115873922972064,0.6536057812811047,0.181703876063879,0.2313068827552639,0.2717470748790413,0.2448070206029088,0.2793808944523284,0.3158990458839201,1
2017-08-08,0.039110133331269,0.2919719970775999,0.123319400363,0.03983390451,0.0874117584459999,0.080107746379,0.162288509412,0.0153423536245,0.0392777661245,0.101341966141,0.0591046424379999,0.6040494330353717,0.1147245410685627,0.1694790451377254,0.6775025930421494,0.0782583991922832,0.1283368711031595,0.2210788108510329,0.0584638475404809,0.1314171157079484,0.5081417037169291,0
2017-08-09,-0.1361079096794128,0.3856937406575,0.094438103311,0.0555472706646,0.1495105792125,0.086851826249,0.0309734590324999,0.139383687165,0.000193027846,0.037635963549,0.0197723434957,0.1157910531534977,0.208399833576804,0.2871940351349964,0.6755089410935651,0.3042321020988267,0.1428232939074475,0.1562822622455223,0.1639873625361085,0.0350842043764204,0.1540716551996934,0
2017-08-10,0.2783282937481999,0.2791221533044,0.0101179672884999,0.0206390642929999,0.0454284618899,0.131949596904,0.201093985804,0.130614190225,0.042055583743,0.134547741478,0.004431281774,0.7219939674572584,0.4381439223626067,0.1356272406212139,0.6488340909710285,0.4152525965006923,0.0854792438291173,0.2252159009847914,0.1068014531162226,0.0901308772192321,0.2566978939801535,0
2017-08-11,-0.0623895663768053,0.1767338631171,0.039843425811,0.115844593937,0.0033933036269999,0.09616746903,0.125937061893,0.1986448973776,0.107230677064,0.084842598557,0.0513621056696,0.5882303074674885,0.719439603626666,0.4032383030645487,0.5167502440110343,0.1168768069032239,0.1472906143481694,0.1666064232979757,0.0968094199485633,0.1634615020542903,0.181125557465572,1
2017-08-14,-0.1965625906363129,0.1040100188753,0.0454558476199999,0.149587374216,0.1450878980585,0.1020201196199999,0.080093145276,0.090753577834,0.255163861642,0.0156770246219999,0.0121510907948,0.6654280584386003,0.3990767138416403,0.4133164448667306,0.398480125433411,0.1121742553777228,0.06936862941795,0.2226561863034636,0.0409468014681192,0.4155966921340112,0.1872866040741848,1
2017-08-15,-0.167182174604386,0.2257658838179999,0.057535102573,0.1986543125439999,0.0415536994649999,0.073323229809,0.021242589003,0.118935740269,0.0596491200924,0.108952490817,0.0943878278161999,0.2335421989446128,0.2212665688523545,0.432608840090238,0.4259682484164665,0.3178862172539608,0.1432041521937355,0.1690837910307618,0.2454943030932902,0.3761321453089574,0.228599425987476,0
2017-08-16,0.029826832562685,0.0863058951422,0.070044995447,0.0529169579876,0.08318698922,0.073458708422,0.136457976086,0.2085115421863999,0.127256719131,0.0756146595649999,0.086245553723,0.6488771996556999,0.5101165543421323,0.4234559146240076,0.4354926775297194,0.2244094110909208,0.128009964388139,0.2239732418315244,0.2404519429345832,0.3005365683107236,0.1590087916796446,1
2017-08-17,-0.0436168378219008,0.2821628773635,0.057259096837,0.033645167243,0.096586070765,0.09384629391,0.1792657344374,0.0900479536605,0.1045254896922,0.031308470642,0.0313528382632,0.9158020538979076,0.324105874891441,0.3924711230525296,0.711623173558675,0.2609912180139079,0.0389385818011125,0.2769935022005411,0.2834588320982577,0.2112142762171774,0.0927653644091841,0
2017-08-18,0.2157128084450959,0.28651242464,0.0181906115546,0.0913566705216,0.1109885406764,0.046635296649,0.1681689464831,0.089987058048,0.031726854195,0.156328912812,0.0001046854606,0.867650726838146,0.2223422052849511,0.3688140310360036,0.7096491585213431,0.4048057836151306,0.0290584715061,0.2514239788208124,0.0119412938192204,0.1136756846454996,0.1144585306913811,0
2017-08-21,0.1385990388691425,0.1244353366861111,0.0503062595173333,0.07183507668,0.0839410285011111,0.1655856400788889,0.0475012528644444,0.1130469062422222,0.1058784588211111,0.2189243123844444,0.0185457039883333,0.6189828035677696,0.3138121880380293,0.2601124221324695,0.5051507742374105,0.2527005232164797,0.1783932394701753,0.2750404485408669,0.1594482582170779,0.2307430782554364,0.0441833522876946,1
2017-08-22,-0.0214655008167028,0.2109846876224,0.083293382262,0.0232150008729999,0.1167107681389999,0.2219857499559999,0.066938273592,0.0581789399279999,0.1798994474734,0.019016855947,0.0197769264837,0.8120513132087798,0.2126186525209731,0.0737376572237766,0.4982071538214151,0.1370043529824587,0.351213243211376,0.1687462164995092,0.2723040895207912,0.2304266057258399,0.2080859304237031,1
2017-08-23,0.0223146772012114,0.0107302733929999,0.021198298391,0.06536330579,0.213569487459,0.07125605678,0.101400131328,0.2548120588699999,0.1864948496462,0.069579228946,0.0055962905945,0.7807850950834779,0.5829084519369349,0.3837997488683564,0.5955661368306691,0.2579072421847986,0.0835635275033186,0.1833729331639828,0.1347680164448243,0.2855088316244821,0.1895141734094678,0
2017-08-24,-0.0874655468389391,0.0065504545102,0.0672784981,0.00365101316,0.05680835578,0.132515210038,0.155939641417,0.1126003687599999,0.230977083542,0.1491119212309999,0.084567426056,0.9975937940754672,0.3238671064616004,0.1076466039345277,0.4934698824023849,0.2070112489129708,0.1683869342881993,0.1420617548235353,0.1119839981595118,0.4037868443168693,0.2641435271542082,0
2017-08-25,-0.4685817271471023,0.279878311606,0.024703532024,0.049472929557,0.073998090379,0.123287238713,0.094997109966,0.1109401405539999,0.1233358865924,0.098730214413,0.0206564810325,0.626788206113515,0.3158133475666719,0.2655615993768161,1.1229906571821624,0.1480954117159791,0.0874197556339076,0.1921449386931162,0.3250693655998805,0.2428194044648801,0.147785504970327,1
2017-08-28,0.1749241152778267,0.0952317885995999,0.185675374076,0.050426240025,0.053730788958,0.1735838058779999,0.128932314006,0.028580865243,0.1291737137124,0.0922294645,0.0624356272974,0.9652382674699416,0.1255111253919229,0.0879892654825559,0.2500530322560311,0.1011857997262715,0.2937197029123767,0.226144292505563,0.4154964404524423,0.1809500629127752,0.2812446261911935,1
2017-08-29,-0.0910007942467928,0.192989636804,0.06737507754,0.1562165439626,0.0671087440165999,0.161575461222,0.0431955181094999,0.0451564276464,0.120776734332,0.07628932072,0.0693165019411,0.4879336541372602,0.1184771229690629,0.4472456167040597,0.4942794861877545,0.2397854997586366,0.1736762364817087,0.1156870099172277,0.1772365906097903,0.1701066072985568,0.1346323773264117,1
2017-08-30,-0.1911595195531845,0.1047051398564,0.0731482522955,0.140837103994,0.079729043982,0.0452160913124,0.084433537223,0.043872603614,0.223514272267,0.1555819021299999,0.04896206554,0.8363601641627552,0.1424820740236403,0.6119522358577398,0.3814499964070297,0.2970655873848454,0.04873969429307,0.2728419850596039,0.1690516917638981,0.3433251975584774,0.1243174201197119,1
2017-08-31,-0.2811658382415771,0.1989113485538999,0.021887843471,0.1033085401356,0.0522085397125,0.0621147020899999,0.0843034648805,0.112673683153,0.0826058017829999,0.1806289213316,0.1013571551017999,0.4614352884955897,0.2904617219432204,0.4563398543931029,0.7446727131933082,0.3091440732284075,0.0527668576971416,0.2042947343922658,0.284097161426772,0.331672793206638,0.1139748143371489,1
2017-09-01,0.242764779087156,0.1038452853238,0.029956491231,0.116604269007,0.089879970164,0.017087220877,0.178657712859,0.2238208457769999,0.085922828217,0.137898140107,0.0163272216369999,0.7990360083655976,0.5814819924284335,0.6061938094916469,0.4224398185748844,0.2278021969005558,0.021441063382613,0.1793664388131552,0.146275707751624,0.2984050852370019,0.2563046481313217,1
2017-09-05,-0.1093919429928064,0.2893331046855,0.0133700404534999,0.0560090522079999,0.070505689549,0.16035560427,0.150991547843,0.1462426511589999,0.0717435275544,0.031504981565,0.009943791744,0.695063221198537,0.3981322781860696,0.3302150542451145,0.5947044498619265,0.1378532631086757,0.2402337557471719,0.1652504925340613,0.0962910081271561,0.2012282385998307,0.0693729316031796,0
2017-09-06,-0.0006932187825441,0.389982984109,0.0259315041746,0.0220008734475,0.0438317323485,0.0492473050019999,0.015209040108,0.251506301588,0.121411848811,0.0632769511355,0.0176014849405999,0.3018278658066646,0.541088047701093,0.327106300073418,0.948359369679446,0.3611791272250578,0.0370243102296279,0.176971535526392,0.0983676336513564,0.4110082500694944,0.0505628189128988,1
2017-09-07,0.1015353659167885,0.0011411341105555,0.0457802702666666,0.0903068635644444,0.16780349983,0.0768428250144444,0.0460299374044444,0.1906710742222222,0.1918134063122222,0.1716053234377778,0.0180056434544444,0.4710150415030434,0.5045168383496884,0.3146992117476785,0.2881898285141088,0.4904629297833492,0.1548769966640479,0.1382210830812064,0.232438178312963,0.3359617914002824,0.1973076664674963,0
2017-09-08,-0.0720194324851035,0.555505518991,0.0151900555608,0.0053161468921,0.1317147988514,0.0834068343391,0.081783476069,0.037824643346,0.0466454125508999,0.0313029012341,0.011310237929,0.3317523819627372,0.1584288920728023,0.0934794860291669,1.1870177341755903,0.1737439507365466,0.1465367102450905,0.2563728109925359,0.1552748689646613,0.1016000305051322,0.1352772840379394,0
2017-09-11,0.0046640465036034,0.098282236437,0.0533801708429999,0.059147593878,0.061841900426,0.175915707024,0.021761907835,0.109649620615,0.185790924498,0.161535975534,0.072693947756,0.4473586952954745,0.2712570949455567,0.1556918335756698,0.2461778396064721,0.22876595715228,0.0702498290579258,0.1529512243281462,0.3537081718997777,0.5899041906781781,0.0789149981726608,1
2017-09-12,-0.2436632708646357,0.380155558696,0.0490394538614,0.0073603505089999,0.0757257985645,0.1129662598279999,0.0215398539454,0.045733014025,0.1320931713095,0.135690664831,0.0396958998171,0.34647977577559,0.1876661819292505,0.1607728993139945,0.9315912754639316,0.2095811504326708,0.1535841463108487,0.26734623369678,0.2296009130306242,0.2329936545621708,0.1946319571825023,1
2017-09-13,0.0555218752473593,0.2830755871856,0.0863868340254,0.024791511965,0.0153043195285,0.065685360031,0.149716918382,0.093199875884,0.1677996010095,0.036183046725,0.077856935311,0.8969806647399569,0.2359360239644283,0.2729111806505198,0.5953369666245234,0.1455813553907569,0.266338457025435,0.1958004348462986,0.4308286275280645,0.2583944578367771,0.0880983069663342,1
2017-09-14,-0.0919333484023809,0.1032961777264999,0.025600418453,0.025790420792,0.1067643697619999,0.116154364126,0.268998906243,0.071740148149,0.1821041412926,0.079601278893,0.0199497634908,1.0062017215969283,0.4196675059213985,0.3907675357741395,0.3537520327649029,0.1904682143369011,0.1744030527371972,0.1095999584836008,0.5006033392866136,0.2868071674157326,0.1416974897259287,0
2017-09-15,0.0360142406076192,0.29559814183,0.0362012039399999,0.038824225285,0.007059712374,0.032427934369,0.116519823164,0.2376557850893999,0.1540792295833,0.069239479738,0.012394451478,0.5702283044387003,0.6667730436579526,0.4124072273849461,0.675719806007148,0.3384592696653563,0.0753483698555282,0.2276053878724723,0.2393204478667598,0.2845397049905938,0.1264484906303433,1
2017-09-18,-0.2637253131717443,0.188870829715,0.043515512852,0.040389374427,0.002517068969,0.072415081726,0.085453310053,0.2375626638431,0.2391084628313,0.0705908019914,0.0195769013009,0.7569177634095372,0.644421803619451,0.3157716597767687,0.5440686533401629,0.3484139751242557,0.0557806894154051,0.2629994245997041,0.1769537636344401,0.5226820373790106,0.0769267726553966,1
2017-09-19,0.1814477160573005,0.1819996137244,0.095017039739,0.011163079082,0.1286493078994,0.0854141064759999,0.196673474395,0.100513377351,0.1559306519555,0.034810744658,0.0098286053996,0.6722772903451992,0.4798780771991842,0.1176457095803321,0.6075832410473544,0.2323877686562948,0.0127892169347309,0.3136127040628131,0.1346022749851144,0.2578913938201709,0.2582825339026426,1
2017-09-20,0.1062609550543129,0.190618943702,0.015179501887,0.010059003405,0.0068538407616,0.0073713246166,0.252634931184,0.347287411575,0.0552370260202999,0.109752924968,0.005005104296,0.7293434555548015,0.975070560661611,0.3344431443980394,0.6651729733981544,0.417876171280823,0.0106914811135479,0.310102232572389,0.1089122777656138,0.0517429185013905,0.2696162500382671,1
2017-09-21,-0.136510556563735,0.295090712645,0.0222048520394,0.0882160241899999,0.008477613844,0.0997148000264,0.061839150519,0.159785131736,0.1188883206444999,0.048069377342,0.0977139933897,0.4107210340422928,0.5634757736801324,0.3479366960705078,0.8678106801341195,0.2883303309786819,0.1418796326336421,0.163267114452671,0.274933209625244,0.1763641565479226,0.1092627465611038,0
2017-09-22,0.0983054023236036,0.0056915618276,0.006203082877,0.018545042168,0.048809560495,0.116683047394,0.026786158027,0.2354522511249999,0.189003160216,0.1920056349909999,0.1608204940599999,0.4759029483563752,0.6000712976608374,0.3353523352507156,0.3600339680333002,0.2392875269856159,0.1032740726953769,0.2579323018002307,0.3412647725493818,0.430191453452982,0.1024697500612561,1
2017-09-25,0.1871001055464148,0.1941295876406,0.011213896437,0.051181579597,0.016452973929,0.026278946647,0.065495904401,0.4183924144399999,0.084867393476,0.128063432126,0.0039238936476,0.4121521382742483,0.932817580907753,0.560903802324168,0.4950546050635009,0.4539692700885963,0.0467397206392741,0.2471353947760917,0.0871793652484516,0.1976031259352633,0.0642845153031107,0
2017-09-26,-0.0601024474948644,0.1131395342622,0.074278354278,0.060581931219,0.055098934211,0.050867567415,0.197562057094,0.229487472885,0.091945416498,0.030975057649,0.0960636454706,0.8154285060799055,0.478021816900756,0.3784608081372252,0.3441907529149343,0.1672540971778451,0.0137616362559402,0.1581268815702605,0.1406529388489166,0.3328782255806105,0.2721574455925017,1
2017-09-27,-0.1406855039298534,0.2765969953066,0.018717381511,0.058213901983,0.275569758961,0.032780056688,0.1296448703695,0.073349366531,0.0247176051923,0.1096125381175,0.0007975329905,0.6199644979381237,0.4366055113485543,0.3054613410457711,0.7639320559288933,0.1898954994103635,0.0089951595567669,0.1778298122925319,0.0487815159811989,0.0533089584416296,0.188984942520575,1
2017-09-28,-0.1389762341976165,0.1950482452251,0.020936346099,0.026466665896,0.1258057360064,0.2063217139479999,0.057897173341,0.130032051336,0.068826251348,0.167372502275,0.0012933192846,0.3580585821997545,0.4837993414746632,0.2175741248113803,0.6390933242302735,0.3591725785756988,0.2382844102332598,0.1079081238628581,0.1197910564479284,0.2080765303550196,0.0963871433391288,1
2017-09-29,0.1828447828069329,0.1688939655305,0.041710168844,0.093435267967,0.141991656212,0.046601246848,0.0335874373609999,0.1107167302619999,0.002118877586,0.341612524006,0.0193321061855,0.3494690315823563,0.3821158653998212,0.34929102075819,0.5589036431344127,0.4094676552081308,0.0507637430085375,0.2979988370440824,0.041384216769273,0.2604805948251035,0.1338616284184809,1
2017-10-02,0.0155153475701808,0.1919020109799999,0.0832137127434,0.097218770543,0.1697798314746,0.1396734399586,0.0574325135539999,0.1214347664099999,0.006882189473,0.1154136637186,0.0170490921566,0.2546720285442486,0.3535756090427861,0.4256744911046837,0.423559559833722,0.2889078660012386,0.3081745100698407,0.1358948756184559,0.1595448396384148,0.1080285128680531,0.1868236375838673,1
2017-10-03,-0.2038012852892279,0.387288816598,0.1311193518044,0.0133398515511,0.1286405013709999,0.0343454554322,0.0990804406939999,0.0263556438092,0.0505470977837,0.087542865801,0.0417400095189,0.5796943747710477,0.1838014005646662,0.1118305034556794,0.8086400821962222,0.1796693698099339,0.0273800734112353,0.2201965347204268,0.3119257285187282,0.0488965344141353,0.2187014768757869,1
2017-10-04,0.2163344822824001,0.0926132878778,0.16434060229,0.1218889787476,0.164372157757,0.0552607475874,0.024991343685,0.063839528177,0.141728826584,0.090840778307,0.080123734262,0.6007697580581194,0.2764838506005695,0.4379818553927473,0.3519707560734617,0.194649526109554,0.1905589234068278,0.2785431458192707,0.4680427299932519,0.1022253105836106,0.1680986914148064,1
2017-10-05,0.0040277868509292,0.1007401975076,0.0053336154555,0.135879237331,0.1040674135139999,0.009051642164,0.079975336407,0.330385521026,0.0488299764354,0.18361079645,0.0021262258031,0.8242117059369622,0.6916179806218501,0.8413017547237874,0.2618868698807921,0.3160488988437359,0.0898102346883497,0.2011717872839187,0.0116083503014426,0.0805278445174734,0.1801544545175549,1
2017-10-06,-0.0451507305726408,0.1827513924965,0.0470529013775,0.0068886414179999,0.08798360966,0.06692292922,0.005518133979,0.399549910784,0.078078682529,0.109677030873,0.0155767681855,0.3870737564202006,0.7559019780311836,0.56293851370976,0.457831592226991,0.3455707426740276,0.1626300715201158,0.2327826198478873,0.1691661592754383,0.1840894860544695,0.0258029588226481,0
2017-10-09,-0.0057524799369275,0.1995555770066,0.109259521339,0.0397764312,0.209036687956,0.09587378313,0.1428364101149999,0.035114683499,0.101704644697,0.032549543347,0.0342927019218,0.6343509767345292,0.2081758675038694,0.4779473616401336,0.3256419040539811,0.0901275212073941,0.221194445108828,0.1434979859767768,0.194292394222193,0.0828313634284958,0.2165318689650877,0
2017-10-10,-0.0251810513436794,0.4471527713505,0.060824641569,0.0224025219594,0.0072381314748,0.1334951113824,0.0434455389117,0.0295589385564,0.1825306388713,0.05700025942,0.016351472776,0.5932432463278262,0.2338699324851313,0.1972482810619351,0.9103496355624718,0.1566936764132238,0.149726197461269,0.229269928497072,0.4161125090295016,0.34332269959724,0.1333951784296469,1
2017-10-11,0.3124591306783258,0.1910641741979,0.1036462311453999,0.0162320577779,0.066129946259,0.213270877945,0.075754204313,0.142582502296,0.0566118111924,0.0422236180859999,0.0924845818522999,0.568521376151286,0.3346923237909817,0.18834828764401,0.6101565904939616,0.1560778607703905,0.3100919477453551,0.0902356085228734,0.2672516951412204,0.0357125762826352,0.1091900569747962,1
2017-10-12,0.0604078404605388,0.188054367936,0.063228636886,0.068163992282,0.039538576303,0.02346681139,0.2189264141329999,0.2537684502035,0.121611875562,0.009490206031,0.0137506173044,0.7772147352216592,0.5273362684276528,0.4861280641258209,0.5263855879794388,0.0783609852117274,0.0539509377487791,0.1738617343798378,0.3386231122708512,0.1871906043852492,0.2192221327539333,0
2017-10-13,-0.0334495674818754,0.0926530786545,0.0243404948419999,0.1446061773249999,0.009834815442,0.0339949388705,0.2102634247,0.18304039246,0.096686410584,0.182278950028,0.022301322704,0.6320889681800683,0.6217364682836747,0.6504611100730793,0.4282246783902353,0.4905363575870978,0.0794748069838352,0.2303223524251869,0.1408605849451207,0.2072671052769744,0.297857621822824,1
2017-10-16,-0.1914265424013138,0.3785614025042,0.0266660759646,0.2352650636729999,0.0284615925706,0.0238228433386,0.002107488334,0.0976188482405,0.001662249865,0.120252147942,0.0855823206132,0.1853699347522981,0.5181672922948585,0.5317739251852781,0.7025690456805005,0.5338705687317173,0.038359935787917,0.1702154513321793,0.1899944163291835,0.1206213986920328,0.0912471059055994,1
2017-10-17,-0.0136249277740717,0.287270284059,0.0019573186546,0.0115839930386,0.0197532639384,0.016094790132,0.13740205473,0.284740319407,0.1128767095436,0.098267784543,0.0300534918724999,0.716799981548131,0.6005560931172458,0.3722428618775731,0.8009820432707343,0.4385352945199071,0.0753846163732088,0.2220638549088558,0.1765301816602046,0.2618681991338059,0.257770504636162,1
2017-10-18,-0.1981566505506634,0.270368043892,0.1084358501829999,0.1259918619746,0.1484125215009999,0.0357421257594,0.0001931674908,0.1095730584959999,0.038457883859,0.1364624233581,0.0263630934577999,0.2214338919817842,0.4471839972484969,0.3651914725413247,0.639258089218298,0.3236257039255353,0.0950017948033113,0.4097766729306309,0.1728335849030015,0.313740188696423,0.1478204953787781,1
2017-10-19,0.5045076407492161,0.2981352459855,0.1228037416775,0.038889567839,0.029637893154,0.015230210202,0.055428094047,0.065954908406,0.071653967717,0.085393896954,0.2168724898586,0.6778085105620841,0.2174445494442135,0.1462001219998565,0.8273914017529606,0.1616587223023609,0.2181104093541968,0.1315727352436744,0.203599644462968,0.193495635472696,0.163616482533577,1
2017-10-20,-0.2513929575681686,0.3855095708215,0.006712084181,0.002580597926,0.082458171866,0.008780583352,0.1411746044891,0.3634646254854,0.0002682313309,0.008299483191,0.0007520480538,0.400191589248964,0.9592741144965208,0.2478915393979383,0.6637954959718113,0.1578274823565619,0.0015157905479328,0.1442649879606087,0.0090496640025304,0.0153698702989696,0.2845557871762033,1
2017-10-23,0.2051315534859895,0.0066257250822,0.137123836429,0.045554899235,0.1070571731009999,0.3430505295559999,0.0422742989845,0.010364185089,0.0816930199706,0.128158974418,0.0980973663189,0.541521650187877,0.2165057103572771,0.1951661926354698,0.2266190679226972,0.1946778838642338,0.3309297718746873,0.1619686397672752,0.3433207943160877,0.1048828237976692,0.209152471399499,0
2017-10-24,-0.1238163515925407,0.2871131575878,0.0351579321336,0.008025191375,0.1206198232418,0.1204443271805,0.189526941357,0.0393200766144,0.0707325324535,0.0176437338315,0.1114162931219,0.6358595467327011,0.2622186424049294,0.1289124936964367,0.5524485605472543,0.2308371326859829,0.0435052924925509,0.2000832883562779,0.2533768529228565,0.1725947571219251,0.454256443402509,1
2017-10-25,-0.1721171103417873,0.187640100166,0.0125783696543,0.069037387949,0.091983183447,0.029351360072,0.1008422624744,0.1114843378406,0.0564930895523,0.27924123078,0.0613486852897999,0.4511037245918795,0.3814036570240915,0.2534961262770261,0.5640701529766046,0.3765940149915903,0.0307075142711829,0.2832462012870427,0.1354319720614961,0.1197172076785803,0.3975747636081118,0
2017-10-26,-0.0314194910228252,0.0911283964175,0.187896908131,0.030430833297,0.169524745122,0.138823409091,0.1472033581724,0.0887472555649999,0.0467572076575,0.0602915413814999,0.039196308771,0.2704298945679538,0.4029545494375856,0.2058302246501737,0.3566912546679669,0.0919543954961586,0.0861921155024799,0.1123393102318086,0.1673805766168707,0.1789080343252024,0.6036148977501938,1
2017-10-27,-0.2060036733746529,0.2653584392396,0.067457922704,0.0650169389123999,0.0479737389565,0.046267827324,0.1145439857904,0.071564511023,0.137266241195,0.174425004348,0.0101254008632,0.8247261319283308,0.1765422227361028,0.4999508945308105,0.7087582119338987,0.2977517940363019,0.1299568040039243,0.2733936500002996,0.1993919256942705,0.296234829066015,0.3112069655793577,1
2017-10-30,-0.1340013661421835,0.383875595601,0.007731124295,0.1206512583709999,0.0466841041586,0.0084926944026,0.1333531739389999,0.134583381863,0.0839957111405,0.078041792731,0.0025911648082,0.6731431258017362,0.5495589876975209,0.3511312385710569,0.7304028962981544,0.3880974838615451,0.0079994763054964,0.2389376672298943,0.048110138168278,0.1382588861146874,0.2926486632247982,0
2017-10-31,-0.1520157150924205,0.1001905712183,0.130702383983,0.044183761574,0.120625787972,0.007002694088,0.246596483102,0.1185324433949999,0.118290350222,0.1120645841265999,0.0018109539982,0.8416323936357152,0.4348791462217843,0.2396027111611916,0.2494460958981391,0.2017007317031572,0.2820205677018625,0.2300778790407084,0.1360979067526802,0.3350375366863521,0.4039048417975591,1
2017-11-01,-0.2796187587082386,0.0960480127542,0.022586043804,0.1060480403016,0.0141026333529999,0.005038976148,0.148368960339,0.33881705769,0.1735891389973,0.079361764214,0.016039353757,0.653695870002855,0.9109719846032608,0.6789173276729096,0.4378579489638762,0.3404014048263316,0.0573048011530601,0.1227745997188555,0.3315330601387913,0.178782256608336,0.2924978195959408,1
2017-11-02,0.2074402414262294,0.2016852833937,0.016522624861,0.001942772533,0.16465865714,0.0695356408709999,0.140919140098,0.2756450425054,0.008024184782,0.117358713726,0.0037079194089,0.4612545751205097,1.012783826216682,0.3801302760870517,0.5993812143001952,0.2639067498639791,0.021565005188478,0.2007685198833538,0.098450694728899,0.0363851944488943,0.2075984834608286,1
2017-11-03,-0.3202667340636253,0.0011256415008,0.049844400285,0.122183580433,0.04175112288,0.106903121229,0.243096296396,0.19297711989,0.096207014762,0.129294960447,0.016616716966,0.8858773522303778,0.6121810317294617,0.7415349652995671,0.4948635752902834,0.18351831006661,0.1334359417177846,0.1261386880470702,0.1196054828539074,0.2064846869928492,0.2360123145219995,1
2017-11-06,0.068022748734802,0.3655535120829999,0.0102753315499999,0.050158191628,0.044248794766,0.2632204638679999,0.0002812676399999,0.098860038543,0.079860865122,0.0475206079919999,0.0400209661772,0.2892266975399248,0.3896664122371774,0.3773072981841555,0.5884767370985042,0.2326545500522522,0.32194446755626,0.2767445406542486,0.2315939354274424,0.1350505554705791,0.137517416813837,1
2017-11-07,-0.0278553152456879,0.282975499839,0.016820166569,0.008862747394,0.1161146808259999,0.154612788231,0.148761701289,0.1296290723689999,0.008638595146,0.118845954372,0.014738826458,0.6179719149029349,0.1910725028463065,0.2932373331579678,0.5207211647105673,0.3411125462147397,0.1772954970393402,0.2124436917147067,0.1310032124884595,0.0643628513981557,0.2851893368116235,0
2017-11-08,0.1010149670764803,0.3829428611872,0.08262274534,0.0526411286606,0.061753729082,0.175762615596,0.036358685828,0.083881788117,0.0534082353961,0.048287736611,0.0223404686624999,0.4517326612499419,0.2686958348213754,0.1866458656609121,0.8650098313804826,0.2771617331407535,0.2985489369862042,0.2741079951507478,0.2016966957964798,0.0576471333083481,0.1250969173951258,1
2017-11-09,0.1233160458505153,0.0945167475327,0.155852035569,0.017495280917,0.093048122511,0.063523807103,0.132204672231,0.046444754702,0.066958685684,0.258060667837,0.0718952158424,0.7473897527358809,0.0900238823989355,0.2652379838344197,0.7475242085638025,0.1841046562449797,0.1724995784667597,0.3593027741941298,0.4654838635147259,0.1457031810876797,0.2855869428724535,0
2017-11-10,0.1903958283364772,0.1777646407445,0.0063475781205,0.0462516450725,0.068793714921,0.071168369669,0.1547324775045,0.064803166769,0.2302419179136,0.115635845624,0.0642606598493999,1.136412529494562,0.1622853936068966,0.3476587368983783,0.631620671673913,0.2055464040141689,0.0810194294230029,0.1164164452804086,0.3286261159596108,0.2348224581884469,0.4421853781456981,0
2017-11-13,0.25996815264225,0.3145932353,0.089732171618,0.0177984530624,0.099558948771,0.1461950340956,0.0359741715089999,0.166208244184,0.0002291963821999,0.123433953801,0.0062765788026,0.254703053151512,0.4420358570225674,0.2912785514439844,0.6681278635863205,0.2424427827737751,0.2063943295624375,0.3604420388473823,0.0095473892845946,0.0269108547795445,0.222687262934567,1
2017-11-14,-0.0758761623874306,0.0056519856452,0.0301958730879999,0.119758993898,0.08577096912,0.021883800059,0.06675375098,0.31755549821,0.204029092721,0.1303720779459999,0.0180279541466999,0.540947176003504,0.8040619815636132,0.5789123659771546,0.4668153548212436,0.2009604022831196,0.0716075536878934,0.1926760443903287,0.1658240157118515,0.2405171171041333,0.1363636377125593,0
2017-11-15,-0.359912631008774,0.213763318715,0.060480975517,0.135372327025,0.050557410445,0.0063382580359999,0.1254709856486,0.105669585867,0.165274678024,0.092849014785,0.0442234484264,0.6692861115658324,0.234645929204661,0.604799810105891,0.8749909772421484,0.102338300194599,0.0364461788289642,0.1290594741132723,0.3381174792644402,0.0911641351557827,0.2575518656125908,0
2017-11-16,0.1208911217749118,0.1936487810113999,0.071186523887,0.14318357603,0.1168037389213999,0.0557659331349999,0.0297028500585,0.063289943069,0.0504289568036,0.25066214069,0.025327553108,0.4709511112609026,0.3166284619138692,0.358894778134012,0.6136068056407773,0.2434901910622796,0.0512104784093777,0.3601379406272484,0.1345903105856896,0.2798938659196632,0.1416467083303658,1
2017-11-17,-0.0821767803281545,0.090094980105,0.036920639043,0.046784981083,0.128633550774,0.028403386326,0.189255862422,0.0529649894165,0.1603930326616,0.252547859567,0.0140006771175999,1.0341658675042702,0.1408759994870486,0.4649303160609673,0.5219514189099773,0.1279355011752211,0.0665417308657988,0.4763800980504201,0.0830386887535824,0.287836651914453,0.4241959129954701,0
2017-11-20,0.1372296966612338,0.3755725042536,0.0235747586476,0.0374247371134,0.0806311092275,0.061516233799,0.00306387019,0.067172742772,0.0405679253358,0.303975254072,0.0065009133180999,0.2508995974420831,0.1929377611176603,0.4955570466429831,0.7038185542909658,0.4995229960256934,0.0563331637004658,0.1721670547254036,0.005724462095678,0.1304856041627153,0.0630757709185504,1
2017-11-21,-0.2627307422459125,0.2207172719822222,0.1197342099849999,0.0223381816233333,0.08387179394,0.0781013365166666,0.1364633270733333,0.0900419490711111,0.1063910900928888,0.1309972096277777,0.0113436238562222,0.6397242970441863,0.2233149091701473,0.2917168409382568,0.4911185415083253,0.1914451539283476,0.0913875940064516,0.2939141455365979,0.2519348819144207,0.1688211057045556,0.344572201683017,1
2017-11-22,-0.3014418631792068,0.1993602499456999,0.003526220169,0.000368780957,0.000294382662,0.004330478543,0.306793134108,0.21494265851,0.1990855205659999,0.0443234380016,0.0269751305095999,1.115024258176993,0.4415182868652189,0.2760544594055465,0.4768288641454011,0.0825608909387555,0.0173720130463567,0.2141587831660419,0.4061217398070201,0.3858375858715804,0.2556105885735388,0
2017-11-24,-0.109952674433589,0.3043891714573999,0.0029130061807,0.090690508967,0.0333653116984999,0.0636913694016,0.0574626028979999,0.116776096353,0.1622307317105,0.148385142941,0.0200960568001,0.3901077112080801,0.3425662422134883,0.2997210432061902,1.0873999297396146,0.2528626108560587,0.1205412423480251,0.212462778115669,0.1818752819812568,0.3316338354137705,0.0984729049189065,1
2017-11-27,0.0229218125343322,0.3684445476676,0.038685573513,0.112136465135,0.0973073516099,0.015701301695,0.0792707267165,0.0946541846799999,0.0085834434192,0.168444571031,0.0167718192804,0.4588038875003239,0.3971854298632085,0.2187239758237677,0.8294879390458227,0.4581995185725887,0.0,0.0945968745965204,0.0840063997958421,0.1205655743091865,0.0847397755951471,0
2017-11-28,-0.1400089599192142,0.4810778672818,0.0141315207264999,0.0828991585483999,0.0381112845296,0.104675974128,0.0217375435085,0.094733213475,0.1208808603482,0.0381635834626,0.0035890423163,0.5036587486112415,0.2894451180954763,0.3295021539747416,0.9458601581604804,0.2329515472439955,0.1668413281671798,0.1916284021920302,0.1226094364870138,0.1221323177849446,0.0823943453478341,1
2017-11-29,-0.3016271486878395,0.2812322402068999,0.01106995363,0.0928493140414,0.0378795566296,0.019166022201,0.055692563738,0.366470472389,0.0473468213739999,0.0876053338274999,0.000687732563,0.3032523512407238,0.7622418664576517,0.7878784487517245,0.6549490577580311,0.3444489658573355,0.0501098963365127,0.1505050116584334,0.0291908957669794,0.0747529403035761,0.1525674455723697,0
2017-11-30,-0.2616480782628059,0.1920955533494,0.0246135736445,0.144609439898,0.0451830607565,0.018709925266,0.0605507218339999,0.133292873342,0.1223784209813,0.24305512857,0.0155113107321,0.5432510372244799,0.3873947950551343,0.4446991008383877,0.6886976063922772,0.5804583176512778,0.080628392059019,0.3544878729535969,0.1395894006396965,0.1674134500854814,0.1660403131736768,1
2017-12-01,0.0167278096079826,0.2955437139701,0.0117051808509999,0.0738395229243999,0.2093276728806,0.1482598959684,0.0433032351139999,0.128616491173,0.0006394606806,0.088661686169,0.000103135999,0.3088140965720137,0.3216732433022192,0.2879616843515581,0.8282826967625905,0.2229026190237152,0.2621599491605362,0.2615543366302502,0.0333479668077982,0.0273221747744774,0.0942239527430666,0
2017-12-04,-0.0598917370662093,0.292200561871,0.005625365169,0.040875924597,0.090877515531,0.081187525954,0.106303962236,0.121615241494,0.181255782245,0.069926671597,0.0101314518990999,0.8194824623792734,0.2944076881955048,0.2014078039999563,0.6142167182553221,0.3322572599989915,0.1518373410426176,0.1470489201969952,0.0346877154209698,0.2688148043086473,0.0946780756043398,0
2017-12-05,0.1234749030321836,0.2892107471436,0.017001614701,0.016993728492,0.144760985755,0.193438767942,0.0340165540699999,0.039081170114,0.053696049206,0.200669884416,0.0111305062279,0.4262267560933557,0.1897238116077244,0.2217141864827741,0.5229287469180848,0.4248536635324813,0.1403002730608318,0.2497653140858107,0.1124559524360913,0.1889935632444863,0.096010928933198,0
2017-12-06,0.0833556333556771,9.86365459e-05,0.148691813056,0.0532281376549999,0.2097885300069999,0.080082159695,0.093318497648,0.102121472366,0.1644071989493999,0.1182148558959999,0.0300486831972,0.8682884294513663,0.3287531636374315,0.224584700090502,0.2305653575189716,0.1255837052041525,0.1687055537007421,0.4425769106537984,0.2953949060724889,0.2198180482818103,0.0579424440557929,0
2017-12-07,-0.0272692114114761,0.0063761673614444,0.0003295450955555,0.1177753161011111,0.1287011791677778,0.0830369715677777,0.2489026543688889,0.2143310407555555,0.0789078741555555,0.1152228124544444,0.0064163935966666,0.7820028300089976,0.454125579184776,0.428380422638376,0.3072787656700902,0.1383669665493052,0.0874440389202593,0.1836592485668952,0.1271670048911463,0.1150226083760206,0.2678839215555241,1
2017-12-08,-0.5558836251497269,0.475593864006,0.0022378513736,0.035523959529,0.0422967520525,0.005603714292,0.144514235015,0.099420356684,0.1504737662986,0.041727323515,0.0026081839617,0.6616809744152137,0.3825953081275554,0.4079377971238512,0.865133617632939,0.16890480816008,0.1182965776259707,0.2204235913522269,0.2157767887742439,0.2442977417313239,0.1369500806879165,1
2017-12-11,-0.2191596142947674,0.2484329581965,0.0275759875884,0.0492171648549999,0.0606274848456,0.018051871666,0.103308720284,0.2097407584456,0.1354384770737,0.0883296774324,0.0592768875205,0.8596053213062523,0.5908935314399402,0.4761358576534017,0.8523154186722692,0.1590101837781771,0.0363731257313582,0.1945388535466973,0.2450426428817063,0.2277884810175918,0.1392514906976595,1
2017-12-12,-0.2493080107495188,0.000102592343,0.026795796425,0.131642326962,0.131163297421,0.008183329161,0.153617429443,0.150815385445,0.271701665651,0.061129546878,0.0648486106929999,0.874625567941556,0.5349719750541835,0.3724038950278697,0.2992534566899521,0.128818646997721,0.0250806310978073,0.2039783869981475,0.5611880132405531,0.3360046347029891,0.1952930692026737,1
2017-12-13,-0.1471068900078535,0.2669666054934,0.030898253744,0.072301776989,0.048993847826,0.0055837351189999,0.13380001498,0.3415549133973999,0.0866729091005,0.008112743994,0.0051151865152,0.5568436977034243,0.9350422325047856,0.6056942935995004,0.6137302980986232,0.1647734409264931,0.0145978244067013,0.1565584093683212,0.0519035439774693,0.1704377530727444,0.1642241665870055,0
2017-12-14,-0.0100423626601695,0.190646748776,0.06407652209,0.027573222703,0.012723581332,0.113918105405,0.022461989618,0.249162586565,0.109854189481,0.128238136062,0.081344946051,0.434869227708255,0.6366915520550368,0.3566089833139215,0.6817927703798277,0.2767798161653964,0.2008200748797209,0.2144065341147968,0.301559564929552,0.0619694769622619,0.0573056784214313,0
2017-12-15,-0.1953573238104582,0.3802523402876,0.0586020869200999,0.068488064831,0.0940755085374,0.076970760123,0.022155719179,0.107699336277,0.0694410017372,0.09955994317,0.0227552759920999,0.328372714173739,0.3173150897946564,0.3927571777875301,0.8143580828523078,0.382785701144515,0.1889517728139579,0.1324111745758922,0.1273549138435755,0.1309803108891568,0.1430131746179692,1
2017-12-18,0.0469522906467318,0.2917142645275999,0.1346228054357,0.009733030493,0.0497609894376,0.0383867071349999,0.0603824683875999,0.0152738800759999,0.179056417316,0.092914579037,0.1281548880644999,0.6435042698356693,0.0917697156705698,0.0966734468459375,0.658865205026047,0.0861906129894982,0.0838759135266156,0.1940928558477155,0.5948536168664008,0.2613861404403772,0.0893547122210767,1
2017-12-19,-0.0818122766911983,0.1150884026977,0.08825188818,0.122679218647,0.1320658269386,0.100642660249,0.0919237708365,0.065829545674,0.0752079082656,0.19785929179,0.010451464405,0.5188360762064235,0.3021481661371795,0.4190941050159583,0.4034035893659856,0.4009814358774249,0.2083741641015398,0.202716090167701,0.0817375984849789,0.1500568854189341,0.3088966264505088,0
2017-12-20,0.0516614507883787,0.479478975466,0.035990661704,0.052515423626,0.0832945306256,0.0423449305685,0.0874055818265,0.1513707163326,0.0049221125945,0.055463746098,0.0072133421074999,0.2778517835871202,0.2809194820979891,0.349774186848674,1.0729838581923774,0.209348418477017,0.129489717296535,0.1935338682797464,0.0855082354728304,0.1060776177180891,0.1284902275916428,0
2017-12-21,0.0227186792530119,0.109262996273,0.090868414463,0.134580514867,0.1882804377358,0.071650473179,0.059205841472,0.039600430228,0.082806838383,0.2196674945849999,0.0040765559232,0.5590034389332267,0.2547284415411509,0.3508213244883464,0.5488881078437746,0.3311284845425271,0.1049165536396084,0.1973849349780866,0.1908649561219284,0.1982341415165844,0.0935589758525699,1
2017-12-22,0.094544927868992,0.1930226911794,0.054371365673,0.073224870974,0.190959050283,0.126596874446,0.24036274918,0.0077126265574,0.06981658311,0.0296939134559999,0.0142392758355,0.754161574143485,0.0568762912730015,0.4000616880854564,0.4366585885763291,0.0521697683734828,0.417125188495001,0.2265338986323435,0.1437498176601083,0.1139590094880397,0.2085615879987596,0
2017-12-26,0.0298876911401748,0.1110467300623333,0.1283636618811111,0.0278680611944444,0.1332156710911111,0.2010642436077777,0.2219483145577777,0.0060151604966666,0.0503172965844444,0.0662046632011111,0.0539561864833333,0.7750816809139468,0.0799996046627214,0.1530585284785818,0.3167473969480423,0.0,0.4905295430599382,0.1151275021968564,0.3863873242581145,0.1733413895497436,0.1844972426822335,0
2017-12-27,-0.0775889398530125,0.0026561951884,0.116168331963,0.107879717238,0.0432132989209999,0.01365628935,0.171247553152,0.028705289645,0.258378654152,0.123575512789,0.134519151589,1.2812503237728183,0.1264006233315999,0.2268225424644265,0.1199383368151168,0.1919977984339675,0.0708029937949224,0.2908998550093628,0.4687297944037309,0.2466401477183264,0.1828076062575439,1
2017-12-28,0.2166978834196925,0.0010534443424999,0.104113404797,0.069891136515,0.0421065150289999,0.198298543507,0.136654649059,0.146634021053,0.124676018202,0.116144188141,0.0604280369736999,0.5984669862878598,0.3630681715359977,0.4055548782618361,0.1273071388771617,0.3032227659023965,0.270380953660868,0.2701384405686464,0.4334515219807466,0.2535953244435923,0.1734761328224605,1
2017-12-29,0.383890982158482,0.0024248866463,0.161002709891,0.016422338877,0.176922128461,0.2350846016739999,0.0599714828879999,0.043856920867,0.1447029087349999,0.111583351079,0.0480286238946,0.4934166969403867,0.2322507928695033,0.1229114248191951,0.3238261293602834,0.0818248950249606,0.2113990647595443,0.1468136182678346,0.2347496884539205,0.2332862162189629,0.4117280061060728,0
2018-01-02,-0.3344058476388454,0.0982331326736,0.03897672096,0.0476187613415,0.0071049942915,0.12093786671,0.201082790667,0.0333192151569999,0.228378241874,0.122632733911,0.1017155498076,1.2005047947480654,0.2703125831828371,0.1266115228173314,0.395308010635114,0.1469726138537986,0.1442871526454335,0.2365631394692597,0.5876359147696013,0.2879482437451975,0.0970288682945238,1
2018-01-03,-0.0710767738521099,0.0071110362869999,0.04054298162,0.156123403958,0.0248777089556,0.267999390285,0.20431113426,0.230264786758,0.0319913962,0.033277874738,0.003500245875,0.7178311543593854,0.3856589022586891,0.8416246677089723,0.067408714057802,0.0616793236061658,0.3679408542453065,0.076587197980513,0.113321116246068,0.1717931364772887,0.1628915216143795,1
2018-01-04,-0.1286922559142112,0.0007138630832,0.030800797745,0.085356090281,0.181879846574,0.016525332833,0.201148034688,0.123454566844,0.1156426269629999,0.160598825695,0.0838800202515,0.9574325538098434,0.3829884828921383,0.4016449099731236,0.1980351375342453,0.2301749530361907,0.0,0.1183950583596703,0.2388851780443046,0.2611643597855813,0.1694532263622652,1
2018-01-05,-0.1921573378145694,0.1998881357494,0.0065974274988999,0.1532944260174999,0.0110674844309999,0.016704192803,0.1381636044355,0.391558057732,0.058108729626,0.021312230574,0.0033057506443,0.4530653597096939,0.703635909488997,1.066999299694216,0.5230459821530693,0.1161656504371081,0.0592627913921946,0.146821570585729,0.0625144334115793,0.1943512939899404,0.2083592535651468,1
2018-01-08,-0.0087379179894924,0.0006084175404,0.053579033336,0.0034736264359999,0.111829440282,0.11461723567,0.323421066371,0.108949849636,0.182610320217,0.087373014628,0.013538012653,1.1645170016898856,0.3670683505312533,0.4825689081320495,0.1975265595811082,0.1579951164563019,0.1241320895122873,0.1835948955250499,0.2392594582460542,0.2693065633194737,0.3097859290749966,1
2018-01-09,-0.1234681636095047,0.0052924854535,0.081309204373,0.001916032158,0.125674425739,0.147355300248,0.190772535666,0.1496349166169999,0.063761156358,0.124754034084,0.1095299268396,0.672752178980965,0.4009716309721482,0.3003788340402004,0.2642452215981066,0.3535587312384903,0.2662459334955885,0.3513197163594125,0.253519714066284,0.1063935601733232,0.1467240863162819,1
2018-01-10,0.2339375064708292,0.0048483019369,0.0073154080389999,0.105997433334,0.104685598316,0.106567337613,0.2828776684966,0.191540571583,0.0293000663582,0.1044062092089999,0.0624613935626999,0.6793606262527396,0.5913451732144426,0.3556737818235751,0.3823497342207094,0.1808494072358391,0.2968461121762649,0.1464205604336968,0.2671571498865532,0.1333270746305718,0.2470331779577086,0
2018-01-11,-0.1320151671767234,0.0001024072375,0.1011709095519999,0.1155248617729999,0.025922819056,0.10199750902,0.293249082101,0.168093976422,0.029462865875,0.141861169073,0.022614385695,0.9081206882640416,0.3988643006810244,0.4987444938661673,0.1905141624870604,0.0967872579092253,0.2180687961336896,0.2684256665394274,0.3526089744409167,0.1455871634275305,0.3258546490407134,1
2018-01-12,0.0580562123097479,0.0023895430128999,0.0527010119819999,0.085238095882,0.0814636697529999,0.20952451324,0.174421793694,0.187243284954,0.063986634148,0.141333621779,0.001697779238,0.5316053454643171,0.4295813992308538,0.4299253950333586,0.2030511435336023,0.2363021958347125,0.3294523243534243,0.1802810722426351,0.1014781056109155,0.1654853182457976,0.272225197238786,1
2018-01-16,-0.0820021119900048,0.024806102574,0.047724025931,0.012159309878,0.095069218544,0.159192309103,0.242886993329,0.0212786592059999,0.088986439926,0.256871773045,0.0510251569889999,0.7671670921352439,0.2027670541273455,0.2087187055835802,0.2885965880123556,0.3044631403061105,0.2321380826077946,0.1560501069218176,0.511738475253857,0.1859580714484152,0.3828751814490007,0
2018-01-17,0.1718739286996424,0.0014661783631,0.009656396863,0.094487833891,0.158277232877,0.093876579894,0.267546318716,0.084777255927,0.114526345138,0.160159620863,0.015226215327,0.7986296065175565,0.4374625027178824,0.4198959124673253,0.1655613669064571,0.2813971614483451,0.2258596034256616,0.1215422861638468,0.3021465474645605,0.2584463202582598,0.4422064240854751,1
2018-01-18,-0.0765638947486877,0.0057893557599,0.03726656439,0.148712774626,0.108179286258,0.059350336997,0.2722823208079999,0.031154221006,0.134388329132,0.188057822226,0.014818970026,1.013714162640175,0.1725370871058036,0.3907920305433504,0.4618955479657162,0.1705119215064588,0.076719537454035,0.3253562494991567,0.1348919564898664,0.1476937242755978,0.3515530460750367,0
2018-01-19,-0.0463444545865058,9.84411586e-05,0.028018090252,0.075064393843,0.11961668206,0.153319428652,0.070971020907,0.211670057694,0.223103701694,0.093050663163,0.025087490275,0.7210580334230983,0.4872697692403674,0.3782991394180888,0.3028540004709434,0.0942702488812619,0.1925466101637817,0.1590749370480663,0.4211270942792086,0.6352964957907704,0.0595185265220383,1
2018-01-22,-0.1624564994126558,0.0116388498134,0.1069412797769999,0.127318813852,0.13715727312,0.13909401975,0.118454127605,0.082213669347,0.161017392586,0.112406326559,0.0037582519985999,0.7760466682321058,0.3541119961265965,0.311214595474634,0.3912643564420034,0.1893463489551828,0.4507708972643925,0.2369400712968838,0.1766979581243171,0.1926947730086951,0.1751966860680398,1
2018-01-23,0.3411811638623476,8.244856710000001e-05,0.350456535087,0.034037800262,0.0976210897349999,0.199206125022,0.04245670918,0.099863081885,0.1230504710139999,0.018189112429,0.0350366051704,0.3351787156705343,0.369893781384047,0.2609717915512453,0.1245547883461411,0.18421989711874,1.003093522790766,0.0437098557266808,0.3710742556595663,0.1971232845401451,0.0672992078400549,1
2018-01-24,0.3698869001120329,0.0013173636155,0.057170790443,0.024174086183,0.193560659793,0.286448857835,0.0125477992469999,0.1377058227549999,0.1629929856554,0.1041980000349999,0.0198836068134,0.3571184549129221,0.3011931289938492,0.3030309861350971,0.3456682269107278,0.2038405041394035,0.5347112143697549,0.1542947174719833,0.3112815602597139,0.4858375287553494,0.0871574090084047,0
2018-01-25,0.2245251826941967,0.015768843012,0.152658998221,0.102390195728,0.097847900498,0.227862425243,0.001248531811,0.194133043369,0.0387726082581,0.097734346497,0.0715831159605,0.3910453382829645,0.4072021711724093,0.4489583841373912,0.2452859863202454,0.112455665668227,0.5494903611926367,0.0804356836352676,0.1404644988710724,0.3547007293614878,0.1322696020066744,1
2018-01-26,0.0526888314634561,0.0062525551620999,0.116113719154,0.092709761761,0.056835096713,0.22922724989,0.210393739785,0.0598469491619999,0.149624312466,0.07704879417,0.001947777394,0.6863536799875662,0.2226985830963215,0.5323661208688341,0.1255215986935735,0.0758627590724967,0.3444266725441197,0.2365499826636127,0.1042325043435924,0.438780357652506,0.3365776536198137,1
2018-01-29,-0.0271397350355982,0.0005776984934,0.118796697083,0.099466466262,0.122176336029,0.14257091084,0.284396356511,0.0885121398,0.110005924416,0.024094327911,0.0094031281705,0.6680372263569181,0.330722661326604,0.4335179977708597,0.3253246888489296,0.0874934584532212,0.2992541341245405,0.0980987554419262,0.1500492974011983,0.1901745639123126,0.485712451891909,0
2018-01-30,0.2601045459508896,0.0140093257254,0.212117854585,0.0272966126669999,0.025925686984,0.0759902905919999,0.083814075229,0.107443048256,0.193109418067,0.191697583867,0.0685961164012,0.9692988784955612,0.1185176710199289,0.3255804835612158,0.406412122451061,0.1132938691103544,0.5259291741263885,0.2342006516733967,0.2350846999016559,0.2413763700720345,0.0643053364242755,0
2018-01-31,-0.1893274988979101,0.0013416558055,0.000283863509,0.0555680587489999,0.010762006565,0.008192165254,0.2011976697409999,0.4326225993,0.2560208272659999,0.0160287554,0.017982381448,0.9317897772868924,1.019145448018766,0.4831442473906422,0.500341372146401,0.1664356703091867,0.0166484268838574,0.2038332403767509,0.3406121730454531,0.442231238595199,0.190138473896671,1
2018-02-01,-0.3482523693703115,9.05843239e-05,0.028656131722,0.254612940413,0.154963511832,0.008644153335,0.18126295076,0.0927010144469999,0.217049828528,0.050366488822,0.011652382788,1.04699802635641,0.3275041990670732,0.8369499296199864,0.3068710180014458,0.1126350089234606,0.1306995066255025,0.2096916096996254,0.0662774298842791,0.2367280358029493,0.2521498755313468,0
2018-02-02,-0.1082924948073924,0.0035822169894999,0.070889019916,0.098996747286,0.010465923428,0.000327416965,0.4285057597339999,0.212050920225,0.107157426224,0.064593764182,0.003430738481,1.3879222597725032,0.3075588618881774,0.8127992652765984,0.5652019032548378,0.0967703327014466,0.0333845288484515,0.2667905863450001,0.1326586045267312,0.1254135456392572,0.4998333585348454,0
2018-02-05,-0.1220345980487764,9.26238809e-05,0.000268275848,0.0073548096129999,0.0080280714869999,0.000373126911,0.3988896915,0.175682440648,0.2373015467949999,0.1146032435219999,0.0574061396674,1.995233301258108,0.3686788310623578,0.3147841273398249,0.7400487331474949,0.0594898413328066,0.0203607180962532,0.2440010717845003,0.2848049165090511,0.2378717647561652,0.1515586777108045,0
2018-02-06,-0.1157125853002071,0.000730722407,0.0261452772289999,0.0779055325009999,0.124469667225,0.056315614502,0.24110438894,0.091106192748,0.152700877498,0.188164191737,0.0413575408375,1.515762062455615,0.2274668926875589,0.2553895770465989,0.3256725130293832,0.1770695895801884,0.2452895799027041,0.345902624597221,0.1855404521454897,0.2982305344299777,0.0786704181369063,1
2018-02-07,0.0175355332903563,0.000112086576,0.09434566875,0.074670164724,0.04673505989,0.005298393441,0.381968810045,0.068733268146,0.114820917674,0.188734304403,0.024581310641,1.6901002564309675,0.1907517928277285,0.41240994712182,0.3388013747466525,0.1864565403644982,0.105832219561959,0.26837553197425,0.0437239086623203,0.1629009524489688,0.3134808067688427,0
2018-02-08,0.0035376530140638,0.0047969246218999,0.071527159639,0.0301788595329999,0.0998379965749999,0.033432669637,0.318864476142,0.1372503602636,0.1344583974529999,0.082788289716,0.086864853481,1.4467004700548405,0.3751953642811328,0.2998427308419152,0.5778954503544632,0.0910408232141592,0.2461167326121337,0.4196878993593708,0.3404308332026388,0.0857591652887405,0.0485901991438265,0
2018-02-09,0.0252488636411726,8.56796631e-05,0.000248155917,0.103929567822,0.0031866550359999,0.014058964975,0.426333984557,0.2285401879999999,0.12202149182,0.092468249762,0.009127040144,1.8753638535855208,0.3093924581372094,0.5182264386718217,0.589642892112478,0.1685247101974822,0.0587845084624499,0.2670112429327357,0.1004582717203716,0.0951833890745054,0.2087344681166794,1
2018-02-12,0.1224982261657714,0.0056892399174,0.0985979993609999,0.059656203774,0.151904138624,0.097851347762,0.21859434463,0.087047401854,0.034040700849,0.165931394447,0.080687198106,1.053180178365205,0.1873281542584715,0.2394009067510477,0.2983545399227932,0.0370657911257464,0.3526810659031897,0.2774102303476747,0.1309155541190783,0.0272509845846019,0.172499285987004,1
2018-02-13,0.3896697469055653,9.7796493e-05,0.050519328756,0.150095705308,0.0732593521829999,0.072944484536,0.127811458234,0.32392907186,0.017148982288,0.09986136848,0.084332417604,0.6464260509684137,0.7181588576925033,0.6036715288586884,0.2182192963475523,0.2139712803423718,0.1947684782211969,0.1446695745259663,0.2596626380461537,0.0562736833232411,0.2028628839662839,1
2018-02-14,0.0345481138676404,0.0001044216,0.048960384537,0.090895916146,0.0202905601339999,0.0166852212089999,0.312638082248,0.330824431298,0.147459034359,0.023170556197,0.008971349707,1.1246603732943838,0.7464274113932002,0.8201085193112216,0.2099572483979148,0.1105618557319019,0.0209390920439043,0.2592540483981461,0.3295563473239445,0.2785838914663524,0.1028836045443163,1
2018-02-15,-0.313342616520822,0.0052269802304,0.045684001604,0.1696850634,0.035511364703,0.037256183855,0.099219177286,0.2073513816,0.209572094452,0.152105461131,0.0383882848615,0.8874256828933168,0.5909950377208135,0.5561632423438997,0.2500258505953551,0.3435888400207527,0.0152517601125314,0.1623821844185725,0.2609837887867915,0.3691043535171064,0.0546977075629398,1
2018-02-16,0.0204741498455405,0.0039186042148,0.092525533938,0.0556064563859999,0.066342508947,0.075868494986,0.299765401353,0.076140729308,0.157355048723,0.160792554672,0.011684669337,1.5841771808710878,0.1267067960579881,0.4016040164838453,0.4360897395140372,0.207790306339442,0.2474633207541198,0.358893795222085,0.1386068861230586,0.1386150394209762,0.288267190349723,1
2018-02-20,0.163889224268496,9.76972477e-05,0.09633788153,0.065930697474,0.0534729703979999,0.134242003434,0.2265769424409999,0.03014370527,0.095558859199,0.15455257997,0.143086647751,0.8260371699075669,0.2059844242356716,0.2430679411270563,0.3375349522273881,0.195065456021396,0.2963851784267691,0.3034857841022119,0.4150308669112453,0.1978134516271884,0.1970109177573146,0
2018-02-21,-0.4309572905302047,0.0036488394255,0.029329360856,0.0176788679169999,0.070791883025,0.064305021891,0.182778325001,0.2743334605599999,0.178170110829,0.149098842188,0.0298652696259999,0.9490834773803488,0.6196692419035574,0.3958770257890911,0.4066567655530447,0.1119248160444562,0.0319758248624924,0.226591070259168,0.1663293290946167,0.2838038475759606,0.1716751984361763,0
2018-02-22,0.0141730824485421,9.4207662e-05,0.173178713282,0.163315976781,0.022962497004,0.029809016586,0.076453172994,0.295939228346,0.1351547950704,0.092651910349,0.010440457949,0.5309491055555625,0.5986775022066103,0.6632513873812387,0.2003818436065829,0.0879064571924282,0.330976547698611,0.1495682471445635,0.1288126291839745,0.3442593550260352,0.2699294007695534,1
2018-02-23,-0.1491273794323206,0.0033381831704,0.077342314591,0.045727849321,0.022684556177,0.208532624035,0.092292919036,0.363636959202,0.088351209768,0.0918226595329999,0.0062707220804,0.6366467637084248,0.8219337847948026,0.4819187805656019,0.4849421328636515,0.1306711541838158,0.4023568855313831,0.1789801786585138,0.1270324822874013,0.0926831156271392,0.0313184223320394,1
2018-02-26,-0.0568519804626703,0.0001015738029,0.092015451345,0.00928835544,0.067472212134,0.111997521911,0.148693094966,0.344211074772,0.14730030303,0.066773419595,0.012146965026,0.7713146594028437,1.0541037583550428,0.5212063250734552,0.3687295637266987,0.1096757040772989,0.1227252041076929,0.2008803430482132,0.2018945530413812,0.3501837201166028,0.1171570264689356,1
2018-02-27,0.003732428420335,0.0054183547630999,0.014993678892,0.199300543764,0.007744021023,0.001458501315,0.213548953318,0.404692562,0.143984077746,0.001733242114,0.0071260691615,0.9969677992230176,1.0766035353655563,0.8964224345429672,0.2459955004243688,0.1089651385949853,0.0396288219886127,0.1721879749685788,0.2041448855734433,0.1943996322997529,0.1162815583802959,0
2018-02-28,0.1949253171682357,0.0006476016254999,0.048302290669,0.16023937258,0.034338829486,0.068694618811,0.155234112663,0.20521941994,0.119983369411,0.190903864505,0.0164365049649999,0.9389317818139776,0.681677099416167,0.5483999313371386,0.2585877537880671,0.216797069030062,0.1252114851055652,0.2193816065403884,0.0870493471169714,0.2092740751758289,0.1904697515472072,0
2018-03-01,0.1807400681078433,0.0007786647883,0.294704432913,0.107891783578,0.065104465241,0.144842855085,0.107603396597,0.137181132312,0.044882855686,0.030931552864,0.066078863655,0.4522820608800056,0.3554007327368917,0.5395024155697933,0.0925314537195223,0.056391918082961,0.8071894893164618,0.1071229792531959,0.3752061695195016,0.1180996663043058,0.0382909805014853,0
2018-03-02,0.1678280486828751,7.1785287e-05,0.2437906117777778,0.0880152909744444,0.0939840298077777,0.2109737654444444,0.1089300297188888,0.0812773782566666,0.1488199304453333,0.0191578772744444,0.0049792533982222,0.5688821889197488,0.3499926100339556,0.3964995302828851,0.1287493765911186,0.0662163294638495,1.0225289651520408,0.2137168792226489,0.132336277454093,0.3187277795079575,0.0981170335047093,1
2018-03-05,0.3630246363580227,0.0074262060675,0.229646066552,0.099765031766,0.140366612723,0.177979004667,0.020587796012,0.010181273227,0.097506627615,0.18422664905,0.032314747457,0.59703332987365,0.1103480758036415,0.2414050962242269,0.1338880790785266,0.2768197608384617,0.9434026550806912,0.2436767009885285,0.0386497464736321,0.1532813565104435,0.0267407094240298,1
2018-03-06,0.0758259702473878,8.78142958e-05,0.076184296451,0.0522721767199999,0.089883204135,0.2079892374019999,0.140245040527,0.0435845204469999,0.213148168963,0.055185499565,0.1214200446206,1.1146540967089758,0.173320174707117,0.1778961408718049,0.1134765103222782,0.1302347391550788,0.8043518551404256,0.2125040848784853,0.1417475776801582,0.3363034255319505,0.0166702806566269,1
2018-03-07,0.1822400344535708,0.0034991595971999,0.1087114331,0.133793671579,0.100726142243,0.3160583358,0.084333802302,0.05610828684,0.104999129418,0.0248139713529999,0.0669560532826,0.5253208404282841,0.0794233634238407,0.4240756113457813,0.1036692343524304,0.0062683582499402,1.1215009558020317,0.1791275674098581,0.3129817977483207,0.2397973528354996,0.0318193918819539,0
2018-03-08,0.1115261003375053,0.0011035721834,0.2613821644,0.11068444539,0.031327761786,0.17945278974,0.1436610413289999,0.05072864857,0.138667259426,0.0253467782019999,0.057645511341,0.5504024949131094,0.1003204328693518,0.2473925865069587,0.1020021674654264,0.022263109859985,1.1264503426640764,0.1555442725302123,0.3170824063465244,0.2800144055091832,0.0613236286437754,1
2018-03-09,-0.208210320957005,0.0005100066469999,0.103779643108,0.172364465104,0.040153599425,0.088083383827,0.171175877699,0.291049971767,0.128277603286,0.000289074072,0.004316361086,0.7395792432577004,0.6686514414104503,0.9808231211937362,0.1499004755974924,0.0937283736673443,0.4461977796510251,0.1505341247018903,0.1462656495552859,0.2086069483417904,0.211733772847206,1
2018-03-12,0.2924527360126376,0.0207083020849999,0.158024729019,0.07775938966,0.10969636181,0.019643646224,0.1303783404519999,0.1249459437699999,0.154430621972,0.170544315591,0.0338683338518,0.9595847251495802,0.2095876198131239,0.3506562015522172,0.2600179168361773,0.3594224079807679,0.3261947811763347,0.2320076615198456,0.1471607398015973,0.3150474011338962,0.0935760032276052,0
2018-03-13,-0.020957791339606,0.0245413088846,0.096386114215,0.137319137594,0.028018628575,0.080761128726,0.136932796913,0.180583026488,0.205159794897,0.043538465743,0.0667596135139999,0.788489252505449,0.5156378916682913,0.3482871433956929,0.4838895060372586,0.0505792474927507,0.3080838404071724,0.1850446531754091,0.5280041301116307,0.1805550533297321,0.0905252231023532,0
2018-03-14,0.3863938102498651,0.0027405000883,0.132386186117,0.058644942584,0.079704461915,0.130857633843,0.112074976492,0.06620011649,0.103823975599,0.29970506733,0.013862124113,0.6446153452955865,0.1902450540377219,0.3479077726487346,0.432020277470059,0.2141896653631865,0.6802660715266136,0.304867920809119,0.192490619059594,0.191099305194953,0.1640126494751287,0
2018-03-15,0.1834848281927406,9.04142267e-05,0.095732620464,0.1728743854939999,0.100694518402,0.243154523863,0.068497073347,0.041549334871,0.190476223295,0.039946387865,0.0469845149771,0.6030708898428264,0.2689575282784193,0.4185735541515464,0.125890824880589,0.1422780011215334,0.6340122010523308,0.2308651638289019,0.3814425422946985,0.2982148701817158,0.0810534193692275,0
2018-03-16,0.0330971017479896,0.0031806462019,0.224238123617,0.0242015030009999,0.0665100620439999,0.259334511065,0.131454560635,0.111514673325,0.001752309412,0.165562495162,0.012251103834,0.4173298044671967,0.353554543025532,0.2148713215154244,0.1137602063576115,0.4181943047191317,0.7487000311664461,0.1564475891762106,0.0973789985253245,0.0746244230888029,0.0623274893014716,1
2018-03-19,0.2082967633381486,0.001166110133,0.117421347512,0.065909576077,0.047868119565,0.111128546022,0.281961209605,0.194786501763,0.060794939191,0.090910743673,0.0280528975779999,1.06955957074886,0.8009307581026854,0.3524039480082758,0.140870806151556,0.1613793443765413,0.4641623198519723,0.281861221809096,0.0682629946319104,0.1711891038976417,0.076062174045787,0
2018-03-20,0.105959340929985,0.0015959091641,0.07823931181,0.070192917637,0.1081896973129999,0.150518318097,0.110986901793,0.159523670184,0.115933173705,0.154336134475,0.0504839711239999,0.9681620961609664,0.590818024590386,0.2780100064174266,0.2740102184641602,0.3216656506471107,0.3786095103440126,0.2333958721956187,0.090928092654424,0.2828425937471308,0.1101515182358595,1
2018-03-21,-0.0036761529743671,0.0031353051459999,0.014307022408,0.045807314015,0.026053312687,0.020427412072,0.11354881308,0.462466563,0.26805423742,0.040850048861,0.0053499527944,0.8020659058892641,1.2377221195025478,0.5088847553436223,0.3908809113013374,0.2005276049752916,0.2742122625879017,0.1684035327344741,0.2316185482555166,0.353207818041966,0.1094898105003295,0
2018-03-22,0.0492397978901862,0.0008553896849,0.139202949713,0.13775081839,0.017158441978,0.12668465185,0.2302690474679999,0.07538295818,0.24097126943,0.0304659383899999,0.0012585403634,1.0873713920407648,0.4384921996538907,0.1164554876822006,0.2925696234129057,0.0515516025222975,0.9682638229022836,0.2517213016748565,0.2768983994642315,0.2228270686230175,0.1072191916064593,0
2018-03-23,0.0664850795641541,0.0045910852050999,0.129502048537,0.071693052202,0.0298631368999999,0.146532504136,0.084460558405,0.016982558856,0.3802395127035,0.115285734564,0.0208498066435,1.075344098439518,0.043575456180282,0.1166494378754985,0.5191073585392195,0.0647426771106922,0.7841804955078742,0.3129809146377341,0.2408244142791313,0.5578642084306685,0.1227953424779206,0
2018-03-26,0.1463639540597796,0.0021593603426,0.160781027474,0.135624178076,0.019603670764,0.166331973275,0.129976388874,0.007986081067,0.174386929464,0.1215802836469999,0.081570120376,1.0466085435024928,0.1218116085193743,0.1156541070722051,0.144366566574764,0.2079309972937717,0.8451020439437652,0.1485112389252446,0.127315733659628,0.2320069036471653,0.1075682271691496,1
2018-03-27,0.1766119349747896,0.00890484695,0.091894361171,0.1055366223699999,0.059580049492,0.08359432981,0.164086161241,0.181222672535,0.217674099853,0.039460767325,0.048046067736,0.9905753656590882,0.4115713871657059,0.4060500788690181,0.2819436863292851,0.2241088394211768,0.325920681130916,0.1639020815498799,0.3048715270553537,0.4010488483160456,0.0951971517628562,0
2018-03-28,0.1595314775593578,9.55844118e-05,0.0343685618899999,0.081750828853,0.067330629647,0.018918678321,0.265502055943,0.1339709829,0.221958647111,0.159378826261,0.0167252069149,1.2226739426248088,0.555379511276792,0.3920702409784072,0.3280109682388454,0.2408800679094768,0.3958387694682607,0.2706531813832639,0.311884853979698,0.2827808337853623,0.1343947133973501,0
2018-03-29,0.0830289291217923,9.4345024e-05,0.1712581831929999,0.210941899622,0.034340624233,0.0608761792059999,0.206762897547,0.145175784852,0.091026644209,0.050567078285,0.02895632058,0.9039739153471232,0.2294135528908053,0.6547797614135633,0.110246244643066,0.0445373720151272,0.609317735348639,0.284417661829556,0.2306383631635442,0.1987911097375476,0.2371540410537347,1
2018-04-02,0.172686282172799,0.0216790184281,0.12580310737,0.091468326608,0.145346864151,0.075556769014,0.396883866079,0.030186657565,0.047474718208,0.0585665148609999,0.007034172963,1.2743019868380252,0.2134692582667213,0.1319799868843446,0.1631470485062777,0.0400211392393851,0.4852482326019763,0.4169011926453104,0.1245569284561009,0.1601400328054478,0.1483179025268923,0
2018-04-03,-0.158116773609072,0.0005058628228999,0.161794837501,0.026731657098,0.117845477472,0.036777164833,0.2646947211809999,0.096243141075,0.17781344534,0.034687364454,0.082906347462,1.19855904397687,0.3669562671877245,0.0907302336491186,0.1410187593900178,0.0853308510013783,0.5969355099323684,0.1844064753956263,0.1998629139735184,0.2239388356668274,0.1090056228141149,1
2018-04-04,-0.0425594063475728,0.0014113117336,0.1459092142999999,0.185959202163,0.029507424012,0.247735509003,0.14892142283,0.081020409846,0.1330555541749999,0.023227370519,0.0032525681637,0.7264297848411849,0.2072619080395606,0.3096353043179358,0.1192420252091689,0.0562603198064531,1.016422393745296,0.2583647898894295,0.2090010221585996,0.3092116272364685,0.1203504043706633,1
2018-04-05,-0.0415823895484209,0.0081951046202,0.1964479036979999,0.181186753157,0.125998604893,0.16497154379,0.08335160592,0.075440484643,0.088773760846,0.071185478365,0.004448707684,0.5312045914634344,0.2928160216850303,0.3084643700165446,0.1192310084601611,0.1294254090619472,0.7940141814573012,0.2083829365892835,0.1393484882959207,0.1857745860937613,0.1068303516337842,1
2018-04-06,-0.1760189331136644,0.002183780049,0.071684059919,0.102584840207,0.0411576090179999,0.176814125016,0.26085912945,0.240958721983,0.05084329353,0.0387375987039999,0.014176847861,0.8646235519201882,0.4178603768771252,0.728908156258586,0.1616041001669351,0.0924872942647042,0.6401657368222864,0.1993531936224875,0.1685608522181931,0.1149524964848936,0.2637740797034941,0
2018-04-09,0.1807280419394373,0.001449654643,0.051622159569,0.085194583185,0.0908604292409999,0.181489015966,0.1027147012159999,0.100892654037,0.1407839379229999,0.222572773588,0.022420082368,0.7686486944443885,0.2724763963778061,0.284498354158936,0.3518836604338703,0.3206834133292064,0.6109425106625475,0.2634186079665226,0.1439422266721588,0.2512766676114202,0.0793229513552438,1
2018-04-10,-0.0960840796120464,0.0061001519038,0.097406458027,0.0917301245899999,0.005984074918,0.31896405634,0.0003525142999999,0.12917385866,0.086891785002,0.1885636326999999,0.074833355192,0.4579188485550224,0.1686798474505562,0.1866900897687076,0.2420985946145112,0.1326999530552096,1.08072139202462,0.2286934502282455,0.0391121754878185,0.258911679969355,0.0137748024270399,1
2018-04-11,-0.0455634393729269,0.0031971545308999,0.029033869181,0.068158157155,0.0016303715279999,0.1001029705449999,0.1684357290109999,0.235227098024,0.261341199566,0.089632030728,0.043241378686,0.811823607532175,0.6124690645217321,0.3022481692868176,0.3266310650532507,0.1981761580453668,0.4638680420802273,0.2844605519736233,0.3181448947885245,0.5271411360219651,0.1337338178203599,0
2018-04-12,-0.1380665313452482,0.0036536520262,0.021844592114,0.294858021606,0.0036638549139999,0.27705000002,0.0716331966149999,0.064349748929,0.194747065559,0.0525236621789999,0.015676179778,0.4645330358098151,0.3062178976842948,0.376428730553011,0.0979881972359492,0.1253785596914624,0.6180604610484479,0.1831875697933715,0.2870426589686272,0.4421797772080725,0.2485552703643111,1
2018-04-13,-0.00951374983415,0.0059844841164,0.154829745859,0.026854400819,0.002868004535,0.14418276005,0.297298091373,0.0282451485399999,0.184327039102,0.1069278391119999,0.048482478684,1.1423312635450835,0.114009346475115,0.1364714496578236,0.3162380682386291,0.2515874185018375,0.4811672886739752,0.1612432875230222,0.2209241043056648,0.1849439291725738,0.5171191406666992,0
2018-04-16,0.2145335122942924,0.0111799769664,0.096767502942,0.1403309191109999,0.160920355666,0.242141606784,0.140371291509,0.010739912123,0.093119058342,0.102598741686,0.001830586402,0.85596444575185,0.2117267960617459,0.3628480356005573,0.1435519581978292,0.2046336088164037,0.4388547539545026,0.1744270660200066,0.0613834900319776,0.1170725146102577,0.1876435437207231,1
2018-04-17,-0.0563845932483673,0.003335686001,0.045222830646,0.152105133532,0.005582407291,0.131953740754,0.101576058365,0.179805502563,0.158852889727,0.158864554754,0.0627011818234,0.6284620847219411,0.2674908372184713,0.5637087578722852,0.337728103244328,0.1931976945767535,0.4795644746322108,0.4372363859829488,0.1639647144270138,0.2182675293263218,0.2723230800480297,1
2018-04-18,-0.4330868251621723,0.0065456835252999,0.011594183428,0.112620000084,0.0034566036069999,0.026453761658,0.293794573277,0.194442108224,0.246777465626,0.060902525319,0.043413073045,1.2040683347416248,0.4321550023358156,0.6076324969868967,0.2223520190698621,0.2168771620082689,0.2831347137799391,0.1846681552165509,0.5693985000362188,0.2519073483323733,0.3782116784053045,1
2018-04-19,-0.0078137569129467,0.0089980015427,0.062955556696,0.094121405866,0.054239354346,0.101489678083,0.133229546518,0.118840326247,0.159515350714,0.195467257045,0.071143504036,0.788746700359372,0.3793669237277101,0.2831334859744899,0.4401252555917795,0.3043616930591913,0.3798019265653442,0.1930168036968926,0.541351052944615,0.282386078442255,0.0890888191335289,0
2018-04-20,0.3461791902780533,0.0069028833464999,0.2084291820779999,0.068624898497,0.051588565924,0.0818181832959999,0.190214840277,0.098803218827,0.070164778698,0.069530004406,0.1539234431709999,0.4791384598611738,0.2604279832353231,0.3103379480951845,0.2503423425867726,0.0663402812893264,0.5605959433765864,0.1721740056231434,0.736132434368546,0.1185452436438607,0.2128766444070831,0
2018-04-23,0.294231802970171,7.86703216e-05,0.114144251157,0.0339142703029999,0.06145869607,0.20753994422,0.1870533305459999,0.054294544892,0.0689997583369999,0.085806060279,0.1867104419366,0.5837412994915079,0.1685901977181376,0.1874459105953446,0.3987950007321762,0.165961858438704,0.5611199387041571,0.2191942902107334,0.3163944770946348,0.1327618685523482,0.1850399307801748,1
2018-04-24,-0.263820519298315,0.0020678373644,0.094247093888,0.144790000821,0.00030239828,0.036291159664,0.330192407135,0.08056074332,0.139134232856,0.046274294527,0.126139803801,1.0499038509905785,0.1788754297565059,0.4352603663390234,0.5022827919137618,0.0515840173404736,0.2932153593895033,0.1764519777764403,0.4330110852480572,0.2397937196851635,0.4298575931886507,0
2018-04-25,0.0678357504308223,0.003230381187,0.010697701699,0.022753445263,0.006629083688,0.061391045638,0.3561121643529999,0.1128830863069999,0.2498533059459999,0.147071489227,0.029378271001,1.018009698896374,0.4050585589854987,0.2734034841665146,0.7968931202098487,0.1677754667979995,0.1292907248871643,0.2108536338919294,0.1127687967139736,0.2142349515445709,0.4729970997984581,1
2018-04-26,0.1009090382605791,0.0024962060044,0.098086250357,0.101561058981,0.074909415965,0.0482237524529999,0.2157498277235,0.045601499345,0.132964677871,0.138990802689,0.141416473542,0.6207252594414572,0.1317323587442993,0.4035664505069204,0.2954618854575374,0.2553290392244129,0.1300675528818831,0.2689745015271674,0.4947101533502449,0.1315183395767443,0.4733083719312591,1
2018-04-27,-0.061563990265131,0.0157630826425,0.083219904342,0.18813880396,0.0429823621829999,0.045773096897,0.156735990413,0.092397679307,0.197895643422,0.128109416082,0.0489840075645,0.7761784703003174,0.3687020777253908,0.5652637979296864,0.3423535873362699,0.310079335726639,0.1454396313694461,0.1743269765614915,0.3942920942175121,0.2961410680461354,0.3093531064049177,1
2018-04-30,0.0118774443864822,7.73882114e-05,0.121875151578,0.154764369443,0.022750895967,0.156059981022,0.052819038708,0.199265213677,0.161258581909,0.027522396546,0.1036069587936,0.7287529998406524,0.503385345989868,0.6720589439638378,0.0821710305942859,0.0879812230621723,0.6064899512990163,0.2087119561874419,0.2351553625861124,0.1642198394321204,0.1994662989762603,0
2018-05-01,-0.2722293975763022,9.01066955e-05,0.1684280532,0.074292330492,0.040221366111,0.161241654018,0.214371017854,0.1136732491049999,0.16742016569,0.021296023113,0.0389659879145,0.793231479472291,0.4268800380015213,0.4396013944887429,0.1490196615219597,0.08038125184171,0.6550772639367778,0.2216988204369388,0.3419120122908763,0.1956266599776142,0.4288421783478195,1
2018-05-02,-0.0657805272378027,0.0002945975505,0.17012182898,0.054808227441,0.0651014387799999,0.0682644020149999,0.29663915067,0.1106866620169999,0.177233153566,0.045421076004,0.01142943342,0.8589085798706625,0.4087538889928536,0.3388256081789624,0.1962831955005225,0.0727092819880194,0.3796719189884481,0.1469244049620746,0.3575428897024191,0.2893001345103068,0.523006166549343,0
2018-05-03,0.3958434157073497,0.002862001928,0.111472303469,0.117155905938,0.035153106464,0.186900392834,0.282782936839,0.07674336935,0.084229643243,0.084906546249,0.017793729637,0.866129939370923,0.2862323678507182,0.4326220203544314,0.2190839380729119,0.0967504559208682,0.775669042207812,0.244935980832426,0.2333453079989391,0.1470959136662687,0.4196755409497241,0
2018-05-04,0.025148482248187,0.0027803410102,0.207068199879,0.1915012992599999,0.024450901424,0.15432454147,0.009852609781,0.332584442889,0.009510263296,0.06186737922,0.006060037663,0.2237196868913487,0.5603323182690022,0.8499701543160926,0.0848379155380571,0.1097336993833966,0.8694900360352399,0.1703976218154391,0.0364398561335112,0.0889251924121646,0.0618847249875528,1
2018-05-07,-0.2307714641094208,0.0005139657212222,0.0419326643366666,0.0364411146277777,0.1595974517622222,0.2022396224311111,0.06120935116,0.0426630373666666,0.2347162444144444,0.1394919309655555,0.081194624,0.4792838921140679,0.2927860671137773,0.2577519715417305,0.1639805676803395,0.3698833939572077,0.3363416501226947,0.230592275033492,0.4971449582778565,0.4613696328752764,0.0139078796188633,1
2018-05-08,-0.1029719553887844,0.0009888510115999,0.061090143585,0.0902218710259999,0.0065375796439999,0.4535142577,0.022806191779,0.060801265585,0.138029989166,0.047196446022,0.1188134129169999,0.3328400556122627,0.1247542451121236,0.230784287944061,0.0370715359273808,0.071330478877068,1.0253755817737606,0.1246920140353816,0.465307128786815,0.4104298434585268,0.0201508337477499,0
2018-05-09,-0.0808043241500854,8.889834130000001e-05,0.066259735971,0.102043317481,0.034137410462,0.215032051357,0.118050724564,0.202022588808,0.152123957748,0.065337688294,0.044903605557,0.6291015055332495,0.6201358092996292,0.4839670055549754,0.3304420659813405,0.121090716112767,0.5208567450561318,0.1912531353583125,0.4592800225737104,0.1985640197926728,0.075727847413639,1
2018-05-10,-0.0127796584740281,0.0009799514846,0.09569594123,0.066660036339,0.0151029813919999,0.121883632898,0.1785654810799999,0.090931037682,0.168940113071,0.0614195982739999,0.1998212393789999,0.9169536787018115,0.3292953784382945,0.2722794740470049,0.2147789336764573,0.0483082393218054,0.4514389083703795,0.1870562709546351,0.7797114747193957,0.1703091814643281,0.1006634205814374,1
2018-05-11,0.1173814006149768,0.0081747473326,0.059231405749,0.0537480998139999,0.110031150728,0.139404844804,0.077104911852,0.197076226607,0.121465043156,0.134197174292,0.099566392893,0.7226073330741916,0.5792185216710045,0.3845582423453534,0.1922341606717126,0.2393110627542625,0.3933530503056851,0.1805298509958536,0.4320363548582089,0.23537815289552,0.2060284516554261,1
2018-05-14,-0.0071503900922834,0.017782520752,0.130678361944,0.0171171527249999,0.060982482312,0.119843060343,0.078987957847,0.138126232718,0.1954177853779999,0.219925925327,0.0211385328525,0.6701611128557594,0.493695957949609,0.1466291507109454,0.3247681230090889,0.332241196943287,0.4979706361910536,0.2121358009482076,0.2251183499628601,0.2560040772742671,0.0685653854138471,1
2018-05-15,0.1191779773682355,8.52080635e-05,0.0757453709039999,0.204588730959,0.007832099703,0.2166126445669999,0.10177106321,0.120194084126,0.108247636084,0.063030272886,0.1018928493744999,0.6085660861022806,0.3657817486184007,0.6133360301857183,0.1530682011784807,0.1509528464992839,0.5292517294004873,0.2256312107189099,0.3281432646375807,0.074256334330918,0.1050346836758474,0
2018-05-16,0.534754553809762,0.0088037394192,0.153111625969,0.0303211567759999,0.0987294074189999,0.308767688811,0.0042474056866,0.024053178607,0.0470174508509999,0.1596534523659999,0.1652948906812,0.147463538617561,0.185702272675791,0.1914385856976279,0.2148650787069772,0.2441570269644414,0.6809718344487061,0.2288102522212423,0.4783724040494888,0.0939357951591329,0.0325445051186056,1
2018-05-17,-0.3006584048271179,0.005113448336,0.140447520997,0.13154239747,0.064821669497,0.212360447906,0.1117514217559999,0.053536538421,0.1201863949559999,0.1098763321889999,0.050363826723,0.5747267474200826,0.1099021416306208,0.3952676309196151,0.227282227827488,0.108531219353388,0.6932773514379797,0.2053104742816211,0.2887107231083995,0.1623383918714625,0.1770671322794522,0
2018-05-18,0.0742041232064366,0.0027898887838,0.134964570693,0.144858386913,0.0376213013509999,0.103978238342,0.128346070051,0.1186483122929999,0.042679905415,0.2438820734789999,0.042231210166,0.6067942497749895,0.3590939504054038,0.3983641328251689,0.366543103373298,0.3911052552740114,0.2329467466949456,0.2221174413914244,0.2984629711849561,0.1190936039528198,0.1195146681513349,0
2018-05-21,-0.2454709708690643,0.0034044851437,0.064958873659,0.036520047949,0.0527823878709999,0.166368051665,0.134607068098,0.130219267416,0.230928669169,0.095447118033,0.084763999199,0.5551966399502757,0.2666058287714474,0.28545624647306,0.4831808288147959,0.1152209696075137,0.53177834173725,0.2020979227011404,0.5956190853367852,0.4033351007758628,0.0624519912356704,1
2018-05-22,-0.0269774753600358,0.0045137530173333,0.1352423477322222,0.0644960134555555,0.0755611490122222,0.1094092271888888,0.14868652489,0.1597274515466666,0.0121546808322222,0.2338143783355555,0.056394466664,0.4545639892282123,0.3076482575942945,0.3789425298437087,0.1184943326583148,0.3917358657738399,0.637591010356029,0.1878607206901688,0.2942274718120362,0.1132343487812911,0.1610090761418688,0
2018-05-23,0.2027343939989805,0.0070742679423,0.202745596584,0.027462314374,0.125508276392,0.071860519386,0.037107180596,0.2004165428429999,0.209093818346,0.086996780712,0.0317347146929,0.6234102017786382,0.6138120227482264,0.315128129722952,0.0971249509770292,0.2898501431621053,0.3990637727292987,0.2017917864876094,0.2292417234664291,0.2724969725002666,0.0249210154639474,1
2018-05-24,0.1380168770439922,0.0029124312186,0.1896513467409999,0.170949254834,0.054124156327,0.186460997872,0.003373960342,0.147917479549,0.138565150035,0.084538566026,0.0215066683089,0.5479317256096881,0.5618350985775238,0.5911310931257965,0.2214128880081765,0.2266440600517814,0.7273188952360977,0.1249801361324214,0.0926548205555327,0.2681801929512191,0.0268201539659592,0
2018-05-25,0.1078381702303886,0.0032914188967,0.084259588691,0.124901980748,0.03234168946,0.162947816635,0.025905740902,0.147179040811,0.189883779911,0.2132808085409999,0.0160081119284999,0.4680966282776878,0.4182197220524356,0.4362003450597762,0.4951747718534883,0.4095302056487814,0.4498632333965687,0.2979706501516453,0.1557615809864524,0.2693309824812006,0.152769055899169,0
2018-05-29,0.1276965225115418,0.0011346588551,0.141199712757,0.0482891254629999,0.081074218558,0.167643332453,0.096040039661,0.133200483094,0.1953035201169999,0.129632479946,0.0064824404542,0.7116030460069953,0.2914432996726219,0.2701299617077439,0.4381798293612453,0.1598790594371423,0.2612612276703915,0.256758589247504,0.3322154458988212,0.3955423114986064,0.2575333957324533,0
2018-05-30,0.1435237062163651,0.0001000152937999,0.1603798049749999,0.136707888862,0.104562381179,0.288667548564,0.010259667347,0.174356431037,0.0293636188209999,0.0741981918509999,0.0214044665476,0.2662779691705882,0.3748624568392196,0.556598836584311,0.0666196354718012,0.2297810416853292,0.6872901420183801,0.149412570902383,0.173534696712789,0.0651636436595049,0.0678384381629046,1
2018-05-31,-0.0590128664858639,8.06256895e-05,0.151747037123,0.181878234801,0.1134601713409999,0.026472775157,0.142794450458,0.179688742571,0.0532647505569999,0.130511609773,0.0201016068206,0.8382699789117118,0.3878446256102436,0.5776519455865115,0.2122864206467809,0.1879992025414517,0.5072104849098731,0.2510093155670371,0.0408497625341907,0.1402246770243072,0.0988814625488455,0
2018-06-01,-0.1513637270778418,0.0094418363248,0.112290710393,0.129572197291,0.047110678704,0.168293555,0.114811231947,0.130042739787,0.143277362083,0.099006389995,0.046153273276,0.7578663256460985,0.2920456417665324,0.4894844959033305,0.2446730758717226,0.1756511925202316,0.7120361790236402,0.1956022734660011,0.0926256250212942,0.1445353964279119,0.0802604469358117,1
2018-06-04,-0.0547179162502288,0.002366901436,0.200153953965,0.139773330956,0.059374486287,0.1370883684659999,0.044808025798,0.060754869803,0.2405782918049999,0.107239951927,0.0078618167389999,0.7341413255282189,0.2058214287517112,0.3798277113073006,0.2826003508004016,0.2394652702260558,0.6361041048232021,0.2973411351366631,0.1687446250286847,0.3195142205872229,0.0695714236808635,1
2018-06-05,-0.3304377690888941,0.0001028112977,0.104733734656,0.12164977659,0.015082648428,0.0712289477719999,0.255593737163,0.1708318533259999,0.175347286877,0.068919868416,0.016509341576,0.9489595904596512,0.4789997496963793,0.4721433096121666,0.3938733605279833,0.175869859818029,0.5802375795334476,0.1929385545839052,0.1566590964852807,0.2416234438939791,0.0237556797007566,1
2018-06-06,-0.0860738534480333,0.0010496492402,0.251130853315,0.105071740879,0.024234776128,0.185287528308,0.21116381895,0.001794774183,0.027793488679,0.086007412334,0.106465935669,0.7822922151098058,0.0414171426148787,0.2036626297424622,0.1489970807613758,0.0922748159375268,1.0934805412330004,0.1563996872787647,0.1501212705997841,0.0519851581630089,0.1615396014577889,1
2018-06-07,0.142401298880577,0.0020374943243,0.127667890158,0.088688528113,0.04285536725,0.204613385673,0.141384443132,0.052783222425,0.166367158971,0.151838557619,0.021763932226,0.8259149233879943,0.2600227510438624,0.5073132459809322,0.2901020165807627,0.1244140158826049,0.6876440529943767,0.2814909100350825,0.3197231680026233,0.193467223009926,0.0452974872630689,0
2018-06-08,0.0013051927089691,0.0073762397036,0.181137448674,0.046454913368,0.116853197777,0.2298188952179999,0.038768048796,0.10161891063,0.0849616813389999,0.10210144396,0.0909092584461,0.4166422187894351,0.389640641173421,0.2537867868094828,0.1221921065368846,0.0756967949647971,0.6136583594848649,0.4320009303210195,0.3852986602490268,0.1324148543067618,0.2040195812852216,1
2018-06-11,0.0158510148525238,9.55523276e-05,0.1233637964319999,0.036586282954,0.012659051927,0.2032159226849999,0.1373054634669999,0.232406174095,0.1196819432939999,0.079653602295,0.0550321892224999,0.7319364206729132,0.678755447546006,0.2712802350471439,0.1644745434413465,0.2504285057107624,0.4444092554406005,0.1407556334084145,0.1576296769459475,0.3504887796288146,0.0352034543950129,1
2018-06-12,-0.0750121057033538,0.0015818082559,0.1118608039246,0.078629682994,0.13883945209,0.093484915399,0.219445321194,0.2099550391709999,0.10192254807,0.044166758872,0.000113643245,1.0841584970825362,0.7277884331581265,0.3711002528098844,0.0995820083752265,0.1236645024416778,0.2469299033646577,0.409273473978895,0.0911781453670107,0.1070119495399526,0.1520454871938175,1
2018-06-13,-0.1938632394187152,8.75047239e-05,0.0611633718603999,0.0728384502499999,0.015029005015,0.062742257409,0.121729075642,0.38642004216,0.2182303789795,0.056913620423,0.0048462638655,0.8001445011500661,1.1354812448996427,0.7053019922521248,0.3064558069542415,0.156213160458833,0.3575926244060218,0.1916440219713272,0.1470212574595175,0.3249347906092089,0.0554618240224117,0
2018-06-14,-0.1720000468194484,0.0041128578946,0.036937911908,0.16970733746,0.016768080334,0.003323189524,0.047980824506,0.2914427898869999,0.306045066641,0.030610921313,0.093071015404,0.5943848515239548,1.1833081077236944,0.449538077085383,0.2131081074446624,0.2238264694694237,0.2173464794549831,0.1382052859649349,0.3859519267962542,0.5183116725489816,0.0320365508180255,1
2018-06-15,0.1939425341784953,8.80361377e-05,0.275565572138,0.1654718514,0.016626095624,0.093546390426,0.089623816234,0.066054260727,0.193790857178,0.080123857353,0.019109237359,0.7881560966623483,0.3989033325895582,0.2195817297448464,0.1455459539713019,0.188801296881291,1.1161526377186757,0.199445732589998,0.1594796674097765,0.2281632850824137,0.0367111115365246,0
2018-06-18,0.0953058913350105,0.0006441414066,0.228395051625,0.076264609109,0.0435123910869999,0.1148004322499999,0.1354572650329999,0.015311005085,0.1697424454509999,0.0486812718679999,0.167191389784,0.639692331043664,0.0736487016207197,0.0925365098315385,0.103758678751729,0.049751328165126,0.7626392319396043,0.1069204055570482,0.8412089792875775,0.2885705695307864,0.1838150167172331,0
2018-06-19,-0.0533594906330108,8.97886532e-05,0.198313462136,0.164282483138,0.00556530335,0.035158114711,0.2092948967439999,0.116694333007,0.146939409562,0.116610269551,0.007051933438,1.0595577493907833,0.2744273883698807,0.2315836711567929,0.3311882427182634,0.1751650584659195,0.5964276340034289,0.3032846708973687,0.1305321577253368,0.3003184446871552,0.140669187277993,0
2018-06-20,-0.3641890368424356,9.34483788e-05,0.134205966089,0.10809532689,0.008303150728,0.054265735927,0.076877768438,0.204328992849,0.2911735606419999,0.0277347926779999,0.094921254993,0.8244978436341917,0.5927944703594251,0.2567168295164328,0.2134305375687359,0.2015704785063339,0.6083558680713892,0.1205720855711338,0.554652381491663,0.4511106206680019,0.1012648814999843,1
2018-06-21,0.0470057358033955,0.0063629860712,0.205040565753,0.138489624988,0.032010963899,0.071125699933,0.074349263294,0.103639828273,0.11356142921,0.248590813528,0.006828804364,0.5469533417801761,0.4327483251901225,0.358039685733943,0.2257035836969884,0.5256752010787571,0.6401126678148616,0.2952357772002804,0.1506052999789485,0.1550717932403197,0.0991328618812166,0
2018-06-22,-0.114755705371499,7.78702956e-05,0.276073043156,0.085871935279,0.0035945163355,0.091660489699,0.0974698707929999,0.136744325509,0.19968567888,0.023912909949,0.084909325302,0.7601297660699018,0.3163212065422151,0.1270619880460992,0.1256081244986011,0.1696411903959659,0.9612726393245478,0.1645348364775722,0.3474322774059852,0.3097931632667658,0.1298474616054973,1
2018-06-25,0.0064004130661487,0.0007151605194,0.2464829497929999,0.1484848262999999,0.028861165739,0.168621332656,0.183899121306,0.01785955025,0.1049256736699999,0.071428780439,0.0287214177079999,0.8061386709168226,0.1984122187097945,0.4113679481046851,0.1236583121986725,0.2129707676075563,0.8843021023297808,0.2312713234573618,0.3188500712020906,0.2748377824673498,0.1367604373459546,0
2018-06-26,0.0746127814054489,0.0011924669445,0.4195917053,0.025119327068,0.047995459927,0.170656350319,0.086523924723,0.084477443949,0.075099372053,0.047754190705,0.041589754838,0.6633931713621848,0.2890425900781214,0.1863466938711114,0.1219131295308304,0.0818826526143614,0.8753239289472743,0.1543993456529818,0.3828439631102515,0.1325202461660718,0.1392025963497583,1
2018-06-27,0.2230049590580165,0.0012479394783333,0.1819786490622222,0.11856467599,0.1071606420777777,0.1747022960244444,0.0404245832022222,0.2024826790888889,0.0675816053033333,0.0667368952766666,0.039120040425,0.525327589554957,0.3736091061492604,0.4320035553612961,0.2306219330955385,0.1527466227270414,0.4055704309149026,0.2598932496075705,0.2593151997661678,0.189326717099689,0.1590584684576354,0
2018-06-28,0.0071236440911889,0.0015437628929999,0.041498244036,0.161023981134,0.073933313724,0.162315369333,0.113370803928,0.121815002678,0.146160767931,0.113579761298,0.064758986447,0.7190963952161495,0.2486292463657104,0.5405924992882762,0.2466927448960217,0.1453641081931135,0.3233000079387294,0.2640918076933692,0.3659583535134134,0.2465554835585922,0.0913461642262681,1
2018-06-29,-0.3790433250367641,0.00085365791,0.139114621795,0.067205312356,0.0086351108499999,0.181696865865,0.146874141103,0.090350014108,0.124700016848,0.229424856884,0.011145354719,0.7766748045739151,0.2415315858257365,0.3599222851368008,0.1879933886617206,0.4261532473977743,0.5764539488224909,0.3588209881998417,0.1636899441207827,0.2279443526926857,0.0948883324309576,1
2018-07-02,-0.1133160881698132,9.16889594e-05,0.166451612729,0.261265947947,0.0103778485579999,0.13300331456,0.1975452358669999,0.020883202424,0.110934213958,0.0484356111069999,0.051011306996,0.9645264206676288,0.1001951564408684,0.2548186425553589,0.1220438985715573,0.0696067007543034,0.9626537242977948,0.2389058687158038,0.1852454165835018,0.2468693204299162,0.0926210552510682,1
2018-07-03,0.0956954622641206,0.0001124887458,0.0812948866469999,0.115782346627,0.018065605073,0.292771532,0.181263246621,0.037810434379,0.178374009835,0.054783103132,0.0397423440766,0.9255856006485296,0.1245267137169133,0.2146365399259363,0.1213892081194192,0.1498511758875378,0.7514883455334962,0.2524728679902274,0.2367952054056926,0.3298190399488298,0.1182167459388775,0
2018-07-05,-0.05901007829234,0.0017746161946,0.195125443478,0.156458141305,0.0086828943214,0.06289957933,0.1320949780409999,0.305545402695,0.1333239052576,0.003961536911,0.0001335167002,0.8004137089198308,0.4727667463150949,0.6285104349208508,0.2111614571868306,0.0340737090568817,0.809967582628689,0.1829715390779566,0.0745332526711729,0.1908074062599899,0.0806852439026372,1
2018-07-06,-0.176263040676713,8.777259530000001e-05,0.176397879583,0.19497573974,0.03367943283,0.087651597803,0.2340490573019999,0.130201262309,0.0616053960929999,0.021703685799,0.0596481444426,0.8019708594061774,0.3106822425369321,0.5948168596116477,0.0398222021986947,0.0346846225857015,0.8713941051762234,0.1178301818304744,0.3340692067169842,0.0604110329992662,0.0741960007001432,1
2018-07-09,-0.146706373244524,0.0029335835955,0.1672954368799999,0.129415452306,0.12787534988,0.047570460579,0.2039119368049999,0.087003380072,0.0752584959524,0.121442532443,0.037293356623,0.5773682768086974,0.1840101162886847,0.3390340519998253,0.235213647364805,0.2378405804594081,0.4473078248178598,0.1640137463234245,0.1867278768420252,0.1095452184020342,0.2083790987825066,1
2018-07-10,-0.30169752324,0.0032702592473,0.1863534119,0.226931205788,0.084364945794,0.040568209264,0.3081790685704,0.0349691616929999,0.0812054596756,0.01231718638,0.0218410213166,0.8388368381853495,0.2446661563588502,0.4109281451381406,0.0319640560329187,0.0833679263420288,0.6272884255118126,0.2238797355206952,0.2895108747129091,0.1367437939702574,0.3597688337984461,1
2018-07-11,-0.2373856327496469,0.000113136521,0.156421678,0.294237778968,0.000365282982,0.044936134544,0.194694270913,0.056921869015,0.239375709725,0.000418435452,0.012515698792,0.8158224288743938,0.1973003944719809,0.2624687314480568,0.0359348434299921,0.0804434011924893,1.0044013601834632,0.1299002208742699,0.2188417338554891,0.5449768820249407,0.1905354465543853,0
2018-07-12,0.052284082584083,0.0037213729411,0.128115430793,0.22178888913,0.000280111977,0.1161918696259999,0.116573205738,0.113119884963,0.128862864901,0.037164054525,0.1341823155445,0.6822369249788038,0.1807059326428408,0.4463688013960882,0.1867950166672521,0.1973851228083117,0.7216629759641146,0.1380331916710764,0.5011411193794431,0.1729843368292343,0.1102209330727521,1
2018-07-13,-0.1853997736237942,0.0001084091026,0.098313463299,0.148996877482,0.045156625558,0.088129745226,0.1949395764149999,0.167835843778,0.1698327633719999,0.0798349189979999,0.00685176906,0.7406342958462179,0.4526470126161162,0.320265330583183,0.1457868425339697,0.1962283883357495,0.7418344561731084,0.1880270042138281,0.1819073747772078,0.3064522153286695,0.2814219260322432,1
2018-07-16,-0.0994206682778895,0.0017790517722,0.040507905318,0.156353111134,0.028961097503,0.102097896992,0.235484748162,0.156538588511,0.1169168478934,0.128828964472,0.0325318075745,0.6357316408129129,0.4606979421446395,0.7201363556491139,0.2897196010775123,0.3326880351726213,0.3155398379994356,0.2518982712697235,0.3087503496869087,0.1753391797866728,0.2581555309290265,0
2018-07-17,0.0911665359511971,0.0079911836222999,0.038104165005,0.0472890368169999,0.069348173329,0.0587229181939999,0.2474573171719999,0.210599439975,0.172602180458,0.1191339826829999,0.028751545843,0.88554836336485,0.7888344993724143,0.3946176828209449,0.2117785382939239,0.2425114783063569,0.4635017017509736,0.2546478945495803,0.164211894446546,0.2510610599940068,0.3001272948450976,1
2018-07-18,0.0182423357851803,0.0020894814429999,0.130745183975,0.178680553001,0.025514316304,0.077348829359,0.060095637245,0.229103395347,0.120054927931,0.174295375236,0.0020722613025,0.4835079821858197,0.7272874186795819,0.3474890286192422,0.1147018601722722,0.2893371816842913,0.6335327304596277,0.216368402731218,0.1656146745733052,0.1519261862378604,0.2472641458728746,1
2018-07-19,0.1675123788416385,0.0110341090230999,0.1201727465209999,0.154480251317,0.017295478129,0.080835618372,0.149126147266,0.19839639669,0.192954692933,0.051297622304,0.024406903091,0.552261489484192,0.5583664892432775,0.5401705013054144,0.1573237560488685,0.098746285227953,0.4402852978239895,0.2250280056797984,0.1945989308133398,0.5074817947575372,0.3306040947597204,0
2018-07-20,0.1410971938632428,0.0011438588549,0.22823882303,0.1329632012769999,0.082306563386,0.0707755426099999,0.136309816034,0.113391251446,0.2024980655759999,0.022048048623,0.0103248289505,0.5266582957062103,0.3627794298453405,0.2177544031287986,0.0807224108660012,0.0864539462261007,0.7363070688905259,0.1283530961915294,0.1785417997393917,0.5243331599555792,0.3051940914815681,0
2018-07-23,0.1926721781492233,0.0012831778816,0.0811568915289999,0.054824559836,0.174480989947,0.227413904957,0.164228162651,0.063046698345,0.117785794002,0.10920830659,0.0065714985489999,0.5462581007206837,0.2125759479523952,0.4072884581874212,0.4748941947215522,0.3227242928128152,0.4468660017383115,0.2398472394822145,0.1816172107736639,0.1837328256053128,0.3471220300839004,1
2018-07-24,-0.4849609684199095,9.4575059e-05,0.152876326361,0.086159745986,0.069545290274,0.1213050906229999,0.250069892211,0.138564635302,0.084536117625,0.075802435152,0.0210458923285999,0.7369607928738438,0.2615513257318685,0.1592833569946721,0.243486555168207,0.1039611424611176,0.6326788054321636,0.1266580303530759,0.0939649800189462,0.2094019092156959,0.5147968511801493,1
2018-07-25,0.1873110132291913,0.0232627359892,0.2115853068529999,0.1078798482789999,0.032983112333,0.0705344541739999,0.24866867278,0.095971667852,0.1377982290236,0.0593057697499999,0.01201023202,0.7847194470595615,0.1130188857625648,0.3838496426692651,0.3210993818539837,0.0762350305696837,0.7570358494115265,0.2290777016793515,0.1327091377704797,0.1542321412113632,0.4635256418336218,1
2018-07-26,0.0012181318365037,0.0037602037663,0.28672620348,0.064817185111,0.010034936319,0.275544036228,0.118414688386,0.001261205354,0.143107046158,0.0667114605059999,0.029623040299,0.5519446704362226,0.1247971956384441,0.1545768961364767,0.1092808733550385,0.0466386066533158,0.8813093441580738,0.1309315367065338,0.2165270948422018,0.2148785119322346,0.4335386052448821,0
2018-07-27,-0.0203371942043304,8.282459955555554e-05,0.1539663372933333,0.1895723082788888,0.0512774575966666,0.20652776032,0.0633139916033333,0.1163731492822222,0.1264029541277777,0.0663369673155555,0.0261462422066666,0.3742594624179451,0.319593038186194,0.4739079461031809,0.1303939699469171,0.1252980678797876,0.7898358285386201,0.1903677877897433,0.0581473849564133,0.2587061730889119,0.1041222471063523,0
2018-07-30,0.2449786445125937,0.005648370138,0.078473889447,0.1125682261129999,0.0580205943289999,0.141604873559,0.178143270405,0.0608231634769999,0.232919602203,0.080846200041,0.050951793483,0.9514063666997116,0.4933165707130189,0.2950667113687609,0.351145052342647,0.1691397075114208,0.3534937625119062,0.1775554273152163,0.4236141401479799,0.4236042490152022,0.3005979531006825,0
2018-07-31,-0.1990735320374369,8.66338931e-05,0.0113300088349999,0.24077625103,0.007382430033,0.2019729814779999,0.071087109657,0.279826330647,0.156715499445,0.018804948161,0.012017786065,0.5226864894375339,0.7899806272139451,0.7452648359592218,0.1767509599827369,0.09578486122676,0.472493109036337,0.1550458923701419,0.2068279092716874,0.2073043224669487,0.1789050339990883,1
2018-08-01,-0.0664201260544359,8.2796488e-05,0.078615347494,0.241317858073,0.06618113948,0.126899328322,0.1457048063486,0.193150308612,0.1375084132223999,0.00838494476,0.0021550115117,0.761341459224586,0.6890938930197583,0.4102548904550403,0.1570908495591539,0.150489335522689,0.8781846155903272,0.1868966233218363,0.1908690165636321,0.1931202721299103,0.1240882963311431,0
2018-08-02,0.0391087808646261,0.0060102465611,0.17889685672,0.0824403207515999,0.05811808815,0.041334383966,0.20181714128,0.049960835791,0.205708524905,0.161156851721,0.014556735601,1.0000298034809982,0.2478896025575855,0.2461753740475139,0.4031975905653683,0.079643927308446,0.544438879412109,0.2283943165846827,0.1951582247719238,0.2898197205806959,0.2682876107593397,1
2018-08-03,0.012427769228816,0.0004139361014,0.073801392506,0.1612917973,0.0417890970169999,0.088285216736,0.17125389588,0.137189165854,0.238490256987,0.079695297833,0.0077899059606,1.0287452154592114,0.2799549223504696,0.6516536699826554,0.4512230853151457,0.0983435571927049,0.5727873851170299,0.2484090238741575,0.2624648271119444,0.3975326565853144,0.1939705214072618,1
2018-08-06,-0.3889907199889421,8.933344719999999e-05,0.1300010249429999,0.13456413484,0.0149440014769999,0.253321209343,0.1288322170119999,0.008231887625,0.22957217652,0.039730398239,0.0607136229029999,0.7165350653352178,0.0499022993608469,0.1706460069439269,0.016052958068761,0.1294049668056657,0.9232834780807482,0.2673502453533485,0.2499996028361629,0.4124461665324707,0.1982831269006171,1
2018-08-07,-0.1793265230953693,0.0018741529747,0.062840971842,0.089303946824,0.025544816196,0.100396330439,0.1023614361359999,0.069183648313,0.2465010164449999,0.217867344286,0.084126330303,1.0819121465106258,0.3782500398653875,0.2373003447817368,0.2125049258633148,0.2062702528510596,0.5382943379348729,0.289929252469714,0.4304611116985463,0.5055897994903227,0.2045571317503296,1
2018-08-08,-0.1440731098875403,0.0006092985039999,0.326042524815,0.2834784141959999,0.012387161529,0.0455820785289999,0.219498433825,0.000411475646,0.082024894625,0.022781623329,0.007184063831,0.676099555289959,0.0754730898718965,0.2061441899063077,0.0890259370778717,0.0798987739213907,1.1029191793298208,0.1032919107337871,0.2030805393115496,0.2658919464895989,0.2603165074262172,0
2018-08-09,0.0454630996618005,8.59600251111111e-05,0.09759003362,0.1437813781166666,0.0938923990966666,0.1682960489211111,0.0986503412766666,0.1757915911199999,0.1319962444177777,0.0721332120511111,0.0177827795762222,0.5351963652919133,0.4726156779704064,0.5898288207834586,0.0678287936624554,0.1546317491241456,0.5194282724671792,0.2097013642018299,0.2923048346983548,0.2942232065395788,0.192037144089305,0
2018-08-10,0.3135547347366809,0.0015344746014,0.060439346088,0.0897268782969999,0.0217306112279999,0.30864958787,0.085635855096,0.065758231547,0.220456809,0.135903319682,0.0101648933196,0.8860450314182376,0.3506385599670231,0.4083335072130335,0.2093286573436121,0.2344419243261057,0.706975675641247,0.2471648953911409,0.1474051666046992,0.5371434282457481,0.1776136635844905,0
2018-08-13,0.1058082167059182,0.002824290096,0.09267345725,0.130015447354,0.043537374485,0.161174424446,0.0035595679499999,0.041825724341,0.235604187702,0.179470646344,0.109314882403,0.5384028021516695,0.1428495816640734,0.3199368882566418,0.1312512556984812,0.3611318319177497,0.7954742535933559,0.1950431867632833,0.0791149548086285,0.5770757905922882,0.0673736378344464,0
2018-08-14,-0.2481774045154452,9.95078684e-05,0.0997747536689999,0.275540903105,0.020483906593,0.0805078902,0.0839488645849999,0.036180736109,0.285090006403,0.0467612324069999,0.0716122004419999,0.791886827204643,0.2496685449825295,0.7182837462125369,0.1862652970458281,0.1435239326884246,0.4481881965976049,0.2604755925326444,0.3680594530020976,0.5037928650217439,0.0853230010146049,1
2018-08-15,0.0295631356537341,0.0001021344246,0.066722413585,0.141862621248,0.0145815357799999,0.1990977191079999,0.189242155221,0.0737643562689999,0.187684022928,0.063062428217,0.0638805804024,0.850908859543345,0.2224670997074269,0.5758830485004272,0.1073514826629764,0.1622839427258783,0.5131508041740146,0.2184081034575175,0.4387570788706626,0.4701791528587173,0.1245015460307014,0
2018-08-16,-0.2370425416156649,0.0029278769844,0.024511986484,0.083379675785,0.092086393573,0.1506205434,0.2430160199679999,0.049001324229,0.2502195944643,0.100393403191,0.0038431854502,1.0851230659230788,0.1285534020852892,0.2519592074054431,0.1190351131155101,0.2491434961900831,0.5706654319361998,0.3997608784335923,0.2379122490135376,0.3855902057862398,0.3621144708048828,1
2018-08-17,-0.1772558007389307,0.002621466682,0.10669393317,0.0839648142129999,0.048422206671,0.07570218755,0.3502481846299999,0.007055715357,0.189792776188,0.036903348099,0.098595334057,1.3372912506008896,0.1176541714129333,0.1746054970687916,0.094793638796553,0.1192190831601136,0.4770945204422158,0.1568904379466038,0.5511071662887322,0.169813223518351,0.1821099868663451,1
2018-08-20,-0.126028048992157,0.0059718575014,0.1109462219409999,0.034013220206,0.06157162062,0.168591224232,0.234707338489,0.198421283225,0.130883608287,0.029034440052,0.0258591587475,0.9394468545917668,0.7550770582105822,0.2943721778648761,0.2222814031262228,0.1102502754496081,0.5053527081859011,0.1207912820442191,0.3165345772447691,0.2754788894112995,0.0878794737182026,1
2018-08-21,-0.0256298428401351,8.141463300000001e-05,0.013619677426,0.012823009367,0.031053456313,0.216764916804,0.1851483642649999,0.296372505224,0.138352193603,0.094936394226,0.0108480678403999,0.9485838219937812,0.7292034230140263,0.3104474808221443,0.2693202834791967,0.2191410110232984,0.4866377906376943,0.2073731367442998,0.117460390664273,0.2766851819652157,0.1713043953891435,1
2018-08-22,0.2523614631034434,0.0098600977616999,0.014772146573,0.082725163116,0.0841203488145,0.189670330664,0.113267716471,0.340380411972,0.059355719897,0.092097927508,0.0137501113109999,0.5850268520618023,0.8433088852328762,0.4521075146427579,0.1099435998266178,0.168748185830222,0.4440949188229008,0.2426180859557909,0.2224330004934315,0.2102080491370469,0.0512165558846752,0
2018-08-23,0.0519444455392658,0.0009439497065,0.063621899523,0.074828525925,0.1302069966539999,0.106606258857,0.029027810214,0.349921982867,0.175605975858,0.00130824086,0.0679283709956,0.3175390523747904,0.8433101229441826,0.4024858572052144,0.1233890888815311,0.0691878971051928,0.4691467085840136,0.0323270166479829,0.2988976498394828,0.4396659704805133,0.0,0
2018-08-24,0.016757670789957,0.0062409524793,0.027783800518,0.081466894489,0.112967136882,0.076776916375,0.056723383267,0.36263389723,0.177955999951,0.090015749637,0.007435285243,0.5619910451861313,1.0356717347281628,0.4911419061648808,0.1087843629468689,0.1112312963900227,0.4330066090260613,0.2261789035641793,0.1498409119929244,0.4936081013448523,0.0130552458991839,1
2018-08-27,-0.233223825506866,0.007148378178,0.097677815928,0.0283791887139999,0.01233424189,0.100521605319,0.100263649623,0.193427104138,0.2406563913969999,0.106252037383,0.1133395736936,0.6808141486449427,0.5631751388226078,0.1807717510108443,0.2069570373567249,0.2297188103628396,0.315612824751708,0.2247262398919882,0.430385938064855,0.3914879020230749,0.0408506212514747,1
2018-08-28,-0.0565045405179262,0.0006627567897999,0.18535991852,0.1657102212839999,0.100276451234,0.173622591072,0.0295772934629999,0.078777058648,0.1228772286479999,0.062891128812,0.0802453406714999,0.298967968656754,0.2926056073818975,0.4635003195259731,0.0356464773661823,0.2281334676372644,0.8396919212981759,0.2346722979149649,0.3019815939207288,0.1769805382623689,0.1405517096556264,1
2018-08-29,-0.2052860061638057,0.0009488180431999,0.0863525966719999,0.218668148062,0.089478940636,0.085339609343,0.129416355917,0.05640832858,0.24551509015,0.086400770895,0.001471334492,0.9165434066451936,0.1609237135757407,0.4233122941748856,0.2016645292968513,0.1315221947575975,0.5829306668554552,0.1805829978202044,0.0553870410247179,0.4728707923014598,0.1202367178881309,1
2018-08-30,0.048837883491069,0.0028931329815999,0.169539528917,0.211851733667,0.049187471984,0.104819716137,0.02296896743,0.088449804097,0.1400511178704,0.109120995339,0.1011175203469999,0.5161828819496747,0.2610259480646311,0.4567052228498751,0.1761872606029142,0.2561997726368551,0.6584249916555541,0.2198785618602021,0.4531735352089555,0.3807833311936183,0.0920833184190789,0
2018-08-31,-0.0720342750661075,0.0054518912058,0.076585400221,0.3021322593,0.033024735509,0.070324805767,0.1288061147499999,0.122299689319,0.11935640198,0.048866278055,0.0931523750845999,0.7260641663471443,0.241779168487027,0.9133253093749912,0.1592558312996307,0.1096474208076751,0.7472398158932322,0.2256517967227149,0.2521315820017842,0.1240088387453365,0.1972445309811832,1
2018-09-04,-0.0423908582888543,0.0001100463871,0.051794071321,0.124735609167,0.100846114198,0.106185472859,0.183676932488,0.090438842625,0.144861042854,0.135198110746,0.062153717465,0.9366702297308772,0.3457631673807166,0.3124129293774474,0.2683324683705069,0.2256024527850558,0.5670455935267983,0.0838274664107504,0.125152006115451,0.1695134966077051,0.0516946293249306,0
2018-09-05,0.0381194914691149,0.0083769488681,0.1522902598229999,0.133352408678,0.048347279798,0.03250350519,0.0563291148509999,0.1103853981249999,0.24257299267,0.200416554403,0.0154255192805,1.017771755480744,0.2200616866307592,0.4825732923088797,0.2964522977908576,0.3302058861622328,0.3471840121470399,0.2184989372427687,0.1349672805806233,0.230598793963198,0.1845379509088644,0
2018-09-06,0.0403840663842856,9.72562983e-05,0.109928216942,0.085373583668,0.023344801098,0.182161755553,0.072074042915,0.11596194686,0.2520915447189999,0.047337448838,0.1116293721199999,0.7318127278510872,0.3111386016305021,0.3464630769893958,0.1621062993442828,0.2145700435359923,0.7655224736987412,0.2469942700255937,0.367522030127877,0.251348334571451,0.0323543060692844,0
2018-09-07,-0.1526899246498942,0.0004628302261,0.171050555206,0.166961612614,0.026268653559,0.03906746333,0.2212459367829999,0.188868375255,0.154701553892,0.02248277102,0.0088902169556,0.7809500180100687,0.3836402294419923,0.6642200806327415,0.1087507674073526,0.0397365448224827,0.6951267274497799,0.1326907737097296,0.212439289178347,0.3015287474298532,0.2254960031711667,0
2018-09-10,-0.3956556379795074,0.0036675323596,0.133666661202,0.205026757757,0.041202048111,0.032474885762,0.20441935852,0.042095786995,0.301492262349,0.030118546465,0.0058361545629999,1.5071611223527537,0.3279380956489731,0.4316156181759111,0.1929077481046784,0.1064327952694069,0.596288455801574,0.2113534012576652,0.1889533807659978,0.2946927217503724,0.0310848104419955,1
2018-09-11,-0.1717444315552711,0.0009754908381,0.051400647948,0.170157779012,0.156264532885,0.258265044221,0.037948207137,0.102585645769,0.06087643386,0.0345370722,0.126989114726,0.4622817213282918,0.1997467308662565,0.6369177972475145,0.0816947856823439,0.0203309113100367,0.489072455148694,0.0969943646465367,0.4915158301485749,0.0711685234544144,0.1181002023546672,1
2018-09-12,0.0556240810081362,0.0026746632781,0.068420332446,0.22282564,0.035928053887,0.079947793787,0.037727729909,0.352394707856,0.06665604476,0.059393774249,0.074031222565,0.5525865348534121,0.8042631065517067,0.6127418837395808,0.1808941270024923,0.1654999388228866,0.4538696002048135,0.2030452285559346,0.3372949042229718,0.0818233139798357,0.0813146111611285,1
2018-09-13,0.1104623245075344,0.0039380818659999,0.113587988036,0.141084670207,0.035763660168,0.15104221731,0.032342295739,0.286116409082,0.149675634632,0.086287022263,0.0001619826266,0.6130734798273417,0.702224264880835,0.5553554744535164,0.1903386186060965,0.2781395721269905,0.6222623635130152,0.0721476368930591,0.1335445952259474,0.25379376633599,0.0427645512290791,1
2018-09-14,-0.1596533620730042,0.0004938512139999,0.083378650256,0.266626125918,0.070696276943,0.034766648017,0.066788041387,0.345740407656,0.102127965245,0.027642370021,0.0017396392316,0.4394384139705763,0.8350466259183473,0.8139356736563526,0.1084805067159352,0.2044225352985166,0.4964778360570497,0.1975666676290893,0.1445153438673962,0.1353775373930598,0.0314038088410558,1
2018-09-17,0.1165035484358667,0.0019370690569999,0.079804306215,0.131900503426,0.031071517817,0.109467730354,0.128486209888,0.103261148318,0.254854072044,0.139609754419,0.019607655401,0.9990081106034444,0.2895283562229853,0.3653487493348228,0.4176964768805984,0.1924758984849048,0.6568942893963075,0.2156699035151422,0.1664026724053474,0.2720455858009398,0.086343168568696,0
2018-09-18,-0.1891239826567471,9.91118239e-05,0.180446492328,0.17342024412,0.015231968227,0.134607702168,0.037312031074,0.144035377754,0.259645371005,0.033965165563,0.0212364881445,0.5799076442993829,0.3760961851500927,0.3032498498383208,0.201863012947849,0.254334150780762,0.9751605690472736,0.1070279636599299,0.2763965223535854,0.3308983204386806,0.0633380845274024,1
2018-09-19,-0.2569498013705015,0.0070623973575,0.070597785286,0.2034295676659999,0.008212760685,0.1055835921899999,0.0322379268289999,0.183254059255,0.2734707434619999,0.079999286805,0.036151866209,0.4848016554952784,0.473396260438038,0.4932832295457768,0.3533401534134813,0.2782735391866931,0.6560000002049236,0.2168259326365161,0.2516213195041958,0.4829147738453714,0.0078938552527546,1
2018-09-20,-0.026100448705256,0.0029390598541,0.081675026627,0.128170576777,0.147679349592,0.126479819023,0.1192760707129999,0.055146654887,0.1929904644839999,0.076920970396,0.0687219872456,0.8929983528003811,0.2944950067903465,0.4150164296154507,0.1191641488890246,0.0935435859901558,0.3654666123469028,0.200634310067799,0.3011899271610345,0.3508574079517712,0.1291421731619201,1
2018-09-21,-0.09675874710083,0.0035579980629,0.14492279445,0.147039656068,0.051354479827,0.026443726413,0.137978507043,0.19174287261,0.131048260874,0.115173123606,0.0507385477345,0.7712015096032743,0.64825959492888,0.4255314813557883,0.2657658308593674,0.3679063564265731,0.3655385702568104,0.2011916781228504,0.1012676057371732,0.201471024732011,0.1420426026362001,0
2018-09-24,0.1144952736794948,0.0017687491990999,0.11724938933,0.047563206442,0.038627411516,0.09539118857,0.144739312049,0.095830562124,0.2361974803839999,0.047956594746,0.174676097336,1.0028553158805331,0.1655417993439147,0.159186923931722,0.2287942087118669,0.045544461135039,0.5975294962552813,0.1898033899885311,0.6253466423843116,0.1841236835169763,0.0480177354970303,0
2018-09-25,-0.0029478375799954,0.0219097852453,0.02058123224,0.156668084408,0.014480049933,0.195971559885,0.100351752254,0.149139791612,0.265703466436,0.036763154744,0.0384310747335,0.7422479199703027,0.5904357459491998,0.3651901102615795,0.287562800022586,0.1368125801810998,0.625207816724939,0.1947102623582758,0.5851524414179702,0.4222650058703278,0.0062627467761198,0
2018-09-26,-0.0662455517798662,0.0012589555601,0.138009237461,0.0787391756149999,0.02319698503,0.022164645446,0.108430359757,0.498654469552,0.0697491266215,0.05375500042,0.0060420345582,0.6312801093474002,1.2906096104015226,0.5543340955532928,0.2122985628322849,0.1728251678401302,0.3015154735663347,0.1610652705786098,0.0943684461320261,0.090006906098942,0.0719004720439114,0
2018-09-27,-0.0007164947688579,0.003831190797,0.0222740624299999,0.243846096616,0.066319181485,0.021400682275,0.004673367715,0.403400514045,0.137436103118,0.0682338207199999,0.02858497111,0.2797548081655548,1.1632188473662497,0.7183362570787913,0.1787794899781888,0.2638252287765447,0.4392202501571905,0.252883960385441,0.1441564515660623,0.3010652865134456,0.0499339629828487,1
2018-09-28,-0.228604456782341,0.0024589849394,0.109717710958,0.2152643044,0.01650700588,0.051456200997,0.073893027263,0.096434817618,0.172252168221,0.1375182638189999,0.124497521849,0.7155499380233967,0.4146366271791238,0.487203123308927,0.2020324667091728,0.213547844972214,0.4528575414235297,0.1930557161666016,0.5439072460596077,0.3012128130520766,0.0921611087043236,0
2018-10-01,-0.2719074071384966,0.0001001371274,0.163186347178,0.1101442377139999,0.017248745181,0.153393763511,0.035801090715,0.160833364247,0.111985232122,0.1378520216879999,0.1094550538956,0.4998397911629595,0.3205711942598904,0.5031827512499635,0.201741124333671,0.1962175489665031,0.711080240612613,0.1509708329075081,0.4764487710755213,0.2562647968894266,0.0131174281116658,1
2018-10-02,-0.2853186067193746,0.0031907388813,0.242543077349,0.0834629034999999,0.013169823887,0.1482444319759999,0.046948871178,0.118060334378,0.210856298687,0.122784534544,0.010738969958,0.570450598164377,0.3122299842003734,0.5065121776036782,0.3170812900554296,0.1759489621268173,0.7694970880644412,0.1657322758928125,0.2226438869652339,0.2323882167931176,0.1480715887512219,0
2018-10-03,-0.0654483657330274,0.0015483299246,0.034922130673,0.135412764584,0.025976889821,0.08526620491,0.107460730846,0.342103052383,0.210272649902,0.0492283131489999,0.0078089468669999,0.746558913560093,0.8174019504894605,0.6606233633537982,0.4203064940080321,0.1493852348110964,0.4095169798767741,0.1503796761444841,0.3081645157152253,0.1359825864061088,0.0155971174556248,1
2018-10-04,0.0746792470104992,0.0006908082894,0.003322050152,0.134754721424,0.019659279129,0.0132691090099999,0.112790901551,0.212070589386,0.261392856582,0.151658754067,0.090390887404,0.6781930666853999,0.6010366660868762,0.4552855919179491,0.7347575113191395,0.2418667217178348,0.1064827074099998,0.1666881144767586,0.3151463920830961,0.3716384908642461,0.0831704323029369,0
2018-10-05,0.2949687287211418,0.0178428060765,0.087904721995,0.13530151595,0.041445471197,0.057458538184,0.024613568588,0.2162969224249999,0.201880904962,0.180484808058,0.0367707456285,0.5438646402683905,0.4814869797393951,0.7345106664830343,0.962796636306702,0.2952639273799664,0.414945811950615,0.1741590346744695,0.2605587986808613,0.2375063654085189,0.0650359644078343,0
2018-10-08,0.0115393691696226,0.0061757020794444,0.0980523777433333,0.0953230672822222,0.1280424790277777,0.0467547599011111,0.1157022242211111,0.1100160208977777,0.2316979532533333,0.1538554253211111,0.0143799847395555,0.795517219366423,0.3694424102242927,0.3380250640402182,0.3032437485048331,0.4208840462524524,0.1766669143815852,0.2629594481335247,0.3680375430624211,0.2857874592722315,0.0172390552434324,0
2018-10-09,-0.0274830089882016,0.0118474699392,0.0367081465219999,0.11862681439,0.074710250206,0.117009130056,0.040548770562,0.180579181263,0.225616257254,0.153781230646,0.0405727451159999,0.5769867636301044,0.5998647421828016,0.4110725269266617,0.6163459714392576,0.1950126156360721,0.3643652822711713,0.2152869970252951,0.3337905252593512,0.4628599829374222,0.0838510679817971,0
2018-10-10,-0.3104915543459356,0.000103633419,0.032275200722,0.244013891164,0.021579504052,0.071270025605,0.2437021749289999,0.169680938856,0.078776739627,0.127452206885,0.011145679136,1.1861071471565343,0.5513980284197753,0.5752615619705664,0.5079283271330068,0.1799360067635392,0.3467799445059823,0.2502657509077676,0.0956795268814285,0.0864065580336877,0.0920087946691976,0
2018-10-11,0.0527768618427216,0.0005588624551,0.038340899125,0.186085443,0.008276305779,0.12349669388,0.1575821615869999,0.1598002560999999,0.1814451225699999,0.083758037052,0.060656211691,0.9553238313175498,0.468463505035372,0.583346146016617,0.3412101221029675,0.0889169271270981,0.5166096371510218,0.2013414394724998,0.3090315504950259,0.6349712533680625,0.2192271929568008,0
2018-10-12,-0.3920018101111054,0.0025671757921,0.023228338578,0.224428313799,0.016028838262,0.0204766501,0.279718994589,0.052937175025,0.1667142423,0.187779601947,0.026120640442,1.2173135476572157,0.2370098924086347,0.4073128922296357,0.4876615572162105,0.4208389402303371,0.5565553462479531,0.3366637144387867,0.1366046412182288,0.300954479100792,0.343764239225671,1
2018-10-15,0.1747679928317665,0.0040350916867777,0.0667258064188888,0.0769582446222222,0.1351846565711111,0.0725671079777777,0.2376581543488888,0.08968920846,0.1910663773499999,0.0847013817,0.04141395984,1.2005250928371107,0.3501730306301954,0.3945248159682741,0.3799120913479252,0.1544239158967481,0.186394863769362,0.1892274178984389,0.2013636618348653,0.1582053210801067,0.3693822069535665,0
2018-10-16,-0.247375441994518,0.0019686087941,0.069319214072,0.183853577364,0.024065948863,0.02715905418,0.2494639541939999,0.082174108816,0.22082706036,0.075731671833,0.065436755274,1.0711370398722693,0.3157152238529938,0.4601934570235227,0.2306645911923486,0.2434401575611023,0.1516847968730192,0.199103379219223,0.3035637361768248,0.212319719490655,0.3652219478665796,1
2018-10-17,-0.1113030998036265,0.0008584442097,0.081886314383,0.044990142515,0.000321855971,0.010668617109,0.222653045104,0.277474543174,0.289970451935,0.032598402977,0.038578165565,1.1336077933759383,0.8085826209183157,0.3410020663675895,0.2289300632026434,0.1664636885327498,0.0931539328323622,0.2352189826859746,0.3701361599595329,0.3712143843841487,0.2919644809092323,0
2018-10-18,-0.1551190749742091,0.0006093435847999,0.085609877388,0.136689247509,0.037813215959,0.019606080735,0.082372287422,0.240881855912,0.304879030391,0.07135176796,0.0201872990219999,0.8700159655230355,0.5836722576682399,0.4385668672512349,0.2882636886732506,0.2149663225253097,0.3059026202413038,0.2037246858527294,0.2664934185985129,0.5449730185618066,0.1370493998716851,0
2018-10-19,-0.1053578034043312,0.0060373065194,0.101846424794,0.098029314213,0.009632251227,0.0808819992349999,0.2893193384119999,0.0854758798939999,0.111718493627,0.1722806925759999,0.044778295165,1.015475838968245,0.3257232003920266,0.4026127879715912,0.1605664425495207,0.2660502045103126,0.2645886428122423,0.3906404900280605,0.2515664023061116,0.0680056126788228,0.4794677996344626,0
2018-10-22,0.0202262824401259,0.0118305423788,0.0728352725019999,0.163363411637,0.164115604466,0.112053848815,0.18108988178,0.0389581875119999,0.1285230451299999,0.054743762185,0.0724864219816,0.815791592998738,0.107098021612964,0.4631790818627632,0.2812951662320738,0.1238216961278298,0.4288586754613605,0.1327613433139591,0.3081994191904698,0.1908577667225366,0.3388974977249795,0
2018-10-23,0.0182631730102002,0.001844732854,0.021590394576,0.077824662383,0.0047388559329999,0.1274606837719999,0.355384916414,0.1229318844909999,0.160807153014,0.061209597933,0.0662071277659999,1.2122153339432318,0.3243163213205131,0.4244058501099411,0.1078909743535869,0.070454520798172,0.3035133739295301,0.2868391827230808,0.3679223506517076,0.293936123801126,0.4806654780848114,0
2018-10-24,0.1394625350832938,9.01940875e-05,0.063904008054,0.053052752544,0.037947285653,0.025479557925,0.39650827279,0.149934879312,0.177405143077,0.081514684692,0.01416316221,1.2742880963675716,0.4377374630389342,0.3405007536212411,0.2467832337177279,0.0924901652998399,0.1655782419065718,0.2934065487227254,0.2068510565690509,0.3048634611290579,0.4325073680813484,0
2018-10-25,-0.0147520467638969,9.00704386e-05,0.047125492171,0.18172080281,0.0562819840039999,0.023895801589,0.206796670671,0.117742245757,0.1459465705049999,0.139148972479,0.0812513792475,1.1134631921318348,0.3490784031307911,0.7026992416347961,0.1279591173725269,0.1443638407164438,0.2451934216410896,0.2371445869993494,0.4361985908265534,0.2261182956881369,0.1994586858151008,1
2018-10-26,-0.1240181723609566,0.0001001364096,0.034295620164,0.2123543007,0.003036640928,0.002273984402,0.3386613366,0.140517260146,0.23852076203,0.021045007681,0.0091949002990999,1.241246823258063,0.3042158829205673,0.8414971714742718,0.0446290618923342,0.0692161416721743,0.2332204889127259,0.2823072389661976,0.1836445262295329,0.4934729082872895,0.4192452686365102,0
2018-10-29,0.0395396299660205,0.0025071799846,0.083693766693,0.182953912307,0.184589727211,0.139288803095,0.185640984671,0.082833694741,0.006816836959,0.103339027653,0.0283360609935999,0.7678570235613204,0.2773087693926858,0.6444531163414874,0.2144155230874632,0.1697850907421901,0.4497140988758799,0.2621390783215417,0.1793997624673262,0.0799271003984657,0.1888892481952018,0
2018-10-30,-0.1810348503291607,0.0006493680363,0.108499050133,0.148612041405,0.144883058862,0.031645702328,0.1760271314586,0.120647322958,0.1106310824315,0.143003636681,0.015401572525,0.8980203456910718,0.3991791499184185,0.4716379801498144,0.2023464285740744,0.3897045778421724,0.187422963809499,0.1555825720539666,0.0977854289500293,0.2958505068448593,0.3679842780122846,1
2018-10-31,-0.290750431548804,0.002207627255,0.012459606218,0.2632052748,0.032500587179,0.047572567789,0.154640092743,0.170343646758,0.174091388845,0.072074712562,0.070904475587,0.8495492324823788,0.4285737364410568,0.7730229186559103,0.3834006990541788,0.1280568458224537,0.3562913234970536,0.1859215788366879,0.3298966225442434,0.2399969825798579,0.2544313335194728,1
2018-11-01,-0.1265879966318607,0.0012290933083,0.047731557414,0.08022448045,0.104527149798,0.143626845985,0.299514553645,0.067811796616,0.160561176089,0.059740678793,0.0350326753284,1.1074097308460968,0.2721548482910088,0.2926665896817515,0.063256319172795,0.1050666409631941,0.4356001916158372,0.2462649520248787,0.2009757277569397,0.3121932557350225,0.2472744684112581,1
2018-11-02,-0.0109932959079742,0.0028889152404,0.1049268023999999,0.157543880608,0.085864203225,0.107295177575,0.1445064273869999,0.1688761841376,0.07998590433,0.1254153277319999,0.0226971491413,0.6574550132689299,0.4479947328087447,0.6476352034306891,0.1461212607936896,0.2981334531111243,0.4940276403750038,0.229135368571372,0.1944981607691704,0.1360463552464607,0.2202553239515447,0
2018-11-05,0.2312412463128566,8.67367908e-05,0.015489924625,0.031173503214,0.0982694788059999,0.48857142438,0.0068142503479999,0.063378240495,0.012364825207,0.121877069137,0.161974534329,0.2108851294483901,0.1798770011512129,0.2672786923070124,0.0678725927056136,0.2226795149341005,0.7313539213853175,0.048544050485501,0.6375195261139867,0.0,0.0571899328178686,1
2018-11-06,0.0769426049664616,9.56469014e-05,0.072148036898,0.120493699148,0.1299465308719999,0.151238618932,0.2253981433129999,0.04427002801,0.104412791178,0.053051265665,0.0989452317875,0.9587006785686264,0.2543863616303792,0.2465358831359038,0.0403409850452787,0.0744461073219556,0.2909304479191765,0.3378393411416218,0.4533718391210586,0.1306828257730833,0.1234247202317968,1
2018-11-07,-0.039991227351129,8.872435940000001e-05,0.068517927286,0.021406302385,0.1703775918,0.089664579126,0.205195385097,0.2314407816,0.105941069295,0.098497745693,0.0088698700836,1.1481051682686445,0.8318340744188253,0.2692702916651055,0.1868730030150679,0.1231287899803837,0.3106524819741157,0.3198727434427056,0.2073849256854595,0.1767373161088365,0.0592894769993821,1
2018-11-08,0.0067351917736232,0.0004751396139,0.076483491743,0.161895696089,0.081088452828,0.141183803458,0.1005580657959999,0.266747254798,0.124124792928,0.023693718753,0.023749557485,0.562306801613921,0.6745303143305446,0.5361636009706199,0.1213868502918164,0.1304306969600068,0.5636458326249063,0.1781838492215824,0.2096574495715186,0.3546370715603862,0.1083102812059086,0
2018-11-09,-0.162856662645936,0.000112282642,0.042231327173,0.098567228562,0.0036852805479999,0.035393525563,0.135444305913,0.153096494596,0.37832594855,0.050431033014,0.102712573984,0.6952621976168091,0.5811740481778147,0.4818746670838534,0.2232529973497096,0.1135215404975665,0.2957779096517655,0.2056129556604257,0.4552788629550484,0.6005414567615863,0.1954643570573054,0
2018-11-12,0.0165844845585524,0.0010230184334999,0.083400679241,0.111769428654,0.0231283029039999,0.07645369078,0.16601454096,0.0533164054919999,0.232559250284,0.140620356457,0.11171431532,1.1807948970829725,0.2219245391719804,0.3359544835918788,0.2668712390074707,0.1259280555352306,0.243591907771512,0.3205513291939509,0.452852950953484,0.5462337342779422,0.1359875313438707,0
2018-11-13,-0.2462499361485242,0.0046497581958,0.065100646444,0.144970944299,0.044200459577,0.216802523549,0.063270983097,0.0428757601299999,0.262353399246,0.1420461863129999,0.013729326107,0.8043690167502845,0.3032461403385009,0.2686969672127396,0.1033905715087733,0.2134267962092153,0.6750395766413233,0.2056132822872679,0.1762046345260334,0.4333356929734065,0.0501868716322111,0
2018-11-14,0.3615368225611746,0.0046301502104,0.192860168272,0.093637498404,0.07430135888,0.273383743621,0.167251443589,0.016670321403,0.0311525679853,0.078528923094,0.0675838472034,0.7973645593293178,0.1354362288210676,0.2569358897802608,0.1303908747444872,0.1626007327165694,0.9805733796389772,0.1241206253263706,0.3676731972795689,0.0530805752420676,0.0333047368240712,0
2018-11-15,0.01887639882043,0.0024032255806,0.065974321662,0.095952169856,0.087653928574,0.082847078264,0.039834576173,0.373081456475,0.164993268254,0.080776296754,0.0064836832705,0.529747357552783,0.964705389707884,0.5722618247854097,0.2361443580100563,0.2385674624079366,0.3499810258453628,0.2227662369828888,0.0889574068105553,0.1558150496450761,0.0478796849050544,1
2018-11-16,0.2441978104412555,0.0062473026807,0.071389064303,0.084753574153,0.030307378987,0.200008706879,0.18201062919,0.185761152706,0.030205150553,0.139577594218,0.069739417303,0.910963098480876,0.4648175294741242,0.3927088388169457,0.2190367854294122,0.0643062789758341,0.4594312355650093,0.170385349769578,0.157814107427503,0.1396336531212782,0.0745547970342506,1
2018-11-19,0.1020348723977803,0.0057819738075,0.048277391692,0.047347842449,0.064793430619,0.2337142916139999,0.168931069607,0.156441596185,0.030758347499,0.232237628119,0.0117163684335,0.7374183096599041,0.4320147471096565,0.4464545352705674,0.0797037862925009,0.5363373821840443,0.5255973540597835,0.2860266711745907,0.1386877320600473,0.1058978913279415,0.049539711849775,0
2018-11-20,0.0271842394024133,9.2088931e-05,0.006295108475,0.164504306564,0.095900552828,0.108051532902,0.328556180208,0.1147580722529999,0.080572165526,0.0374492439919999,0.0638207156004,0.9942399097086072,0.4103017691564745,0.6958393487527182,0.1490064046871895,0.2062118429562268,0.2003291186382384,0.2237311561520045,0.3987760860797398,0.0509007108635276,0.2824062052264314,0
2018-11-21,0.1771485115401446,0.0001015943359,0.036575318747,0.23952718935,0.020531857554,0.0954941255109999,0.215737226491,0.135265457196,0.169674455432,0.062489215282,0.024603543231,0.8946884745773428,0.4280655748634406,0.6453822854369015,0.0870344192881133,0.1532946934265592,0.2333540620769962,0.3334290314503642,0.3539949564306084,0.1159028425940219,0.2536106860028205,1
2018-11-23,0.1170038368552923,0.001537712308,0.015806048209,0.1002053760699999,0.001728666936,0.18538790262,0.211922614674,0.0758142297699999,0.154807209531,0.139039234827,0.113750979383,1.0159304461789185,0.2585242987983902,0.2652418026083946,0.1579544486249982,0.1568285130742629,0.5052980296212128,0.2683563771103027,0.6329836023053915,0.2218154978757021,0.0857405766196815,0
2018-11-26,0.0034911079332232,9.511712322222224e-05,0.1484545038577777,0.1136740761133333,0.0615668434922222,0.1200971334955555,0.0776659138377777,0.0764631841266666,0.1929025809733333,0.1005393537277777,0.1085412947738889,0.7461724183136745,0.2054441240255379,0.476512906802817,0.0595381526760436,0.1428527882250058,0.4465729282654859,0.1648482491573449,0.4784456327374158,0.2195135048940353,0.0633588593540817,1
2018-11-27,-0.0446231193840503,8.89012815e-05,0.011421102782,0.059135212309,0.0158365340489999,0.218818169073,0.113867376082,0.2050736796049999,0.230999904315,0.083261805153,0.0614972871104,0.6911011749803515,0.5347425336048328,0.2897132050295001,0.1379552578767923,0.093906156193354,0.6069075245743272,0.1454826127316152,0.4082580885928909,0.5050220922152524,0.0145793422392178,1
2018-11-28,0.2205563908442855,0.0070348125514,0.138247874355,0.134657447905,0.009931709441,0.054557521282,0.1187448602184,0.280696656197,0.068665070901,0.185035234927,0.0024288045846,0.6623125005159234,0.7452831708226698,0.5390041926922039,0.2461117749433215,0.2868898174749041,0.4310242691906044,0.3412382318509745,0.1897293061137519,0.0591165969598671,0.1602611019111198,1
2018-11-29,0.1285612184554338,8.022346340000001e-05,0.094160259878,0.1234669901219999,0.017203316551,0.176943797556,0.140436812044,0.259785556674,0.139012097421,0.040731326343,0.0081795709498,0.910482671785968,0.6450969294896779,0.4839613738396312,0.3650908065141045,0.1647790306080281,0.5359889773097561,0.1966843791478104,0.0907863432873741,0.0649265210923539,0.1419457224018834,0
2018-11-30,0.1547425558790564,0.0062102855701999,0.255981014527,0.13385535528,0.011054306441,0.0730055441699999,0.0164095474539999,0.3074625598,0.127175178732,0.039581034289,0.02926517939,0.4069306692543269,0.7080091635187753,0.5407503409111591,0.1554786907222214,0.1090210052231442,0.7759356353118015,0.1315678853776137,0.1602758726220644,0.2463106921834349,0.1018070288404229,1
2018-12-03,-0.2317398393526673,0.0004592270081,0.191441175619,0.08584587857,0.034751713249,0.147641240057,0.1562729625499999,0.231245564504,0.080455384059,0.0414716099279999,0.03041522617,0.7934018681001344,0.4256928284228577,0.2526095685286587,0.3312969435696897,0.0756117597469489,0.8947038224427221,0.1497116543989558,0.2177701793527752,0.1001733662529168,0.0965369520457413,1
2018-12-04,0.0439982378855347,0.002752924187,0.1057684131709999,0.0234903220939,0.0371358932,0.0830892443619,0.1676842476925999,0.124943882341,0.147696957749,0.293239383653,0.0141987540686,0.8493909257779212,0.2658885827108323,0.3327981794198968,0.5597793761211682,0.5104263318793862,0.3996470505563495,0.3192237791337944,0.2668253822304847,0.1283444130320707,0.1252903873008234,0
2018-12-06,-0.0560004280880093,0.0023726747601,0.061165418294,0.196770375952,0.003816144887,0.108926596186,0.158603829259,0.220757616715,0.060867247774,0.1372802722269999,0.0494398034915,0.7004880061951387,0.2805045132113515,0.41138234220049,0.5516038378207828,0.09522832287887,0.6002836836156432,0.2291038779412599,0.4302771263825953,0.0732928066799732,0.0738628988852282,0
2018-12-07,0.248953971453011,0.0031945310237999,0.027553727293,0.110979373772,0.009968309769,0.022968080323,0.186094141505,0.4025226607709999,0.0342604324654999,0.129618810583,0.0728399193649999,0.829414859217567,0.885887597528469,0.915373602040218,0.3389083164847609,0.13133264977372,0.1839749896204718,0.2302118201432731,0.3509451994886529,0.0791317799271209,0.1226645149202647,0
2018-12-10,0.0620380359701812,0.0023876685595,0.0146923631589999,0.14384109922,0.051641228761,0.033520429076,0.234546588336,0.244351189098,0.048352612602,0.15855317456,0.0681136401949999,0.800677005897872,0.5696824068876858,0.4578742971166761,0.3344282638925643,0.3956065233038063,0.2724444781916982,0.1577505360156685,0.2244493972861835,0.0315210200606466,0.1310067502206016,1
2018-12-11,0.0823001954704523,0.0025956943886,0.1066303062959999,0.161235346966,0.150654106568,0.114412712726,0.036107666937,0.065587373179,0.045328356014,0.2194288312789999,0.0980195941714,0.4746185116357916,0.2836090040467043,0.3107766278092335,0.3053213364906242,0.2678373462015387,0.6277087698313103,0.2230439396731194,0.2477978918301949,0.1273363110461178,0.1828500465437818,0
2018-12-12,0.0750850047916174,0.00648328878,0.1176307737322222,0.08530525983,0.10337192772,0.1097336146255555,0.0089809681,0.1459219112244444,0.2157820116933333,0.172976091691111,0.0338140995866666,0.4916993724830855,0.5351933305654905,0.2943846361597255,0.1557270688748082,0.3840011921280432,0.6269948518752422,0.2307789401798392,0.354198553752262,0.2827970018587805,0.0113639355258515,1
2018-12-13,0.2877360440790653,0.0040151011388,0.023806774298,0.183964869869,0.093532712797,0.0275609505399999,0.194391732578,0.252316809598,0.1693270868242,0.041111030683,0.0099728884648,1.0500558504663122,0.4538475261215661,0.6552332583413516,0.3478572775559999,0.2163236234676337,0.2907335577058125,0.4068294430205098,0.1443898488935768,0.2092637473020058,0.1874508627504985,0
2018-12-14,0.1835245367967419,8.324936977777778e-05,0.06188438468,0.2303957134955555,0.0915045491833333,0.1153137537244444,0.2513741446677777,0.1270726699777777,0.0359826675933333,0.0639291230677777,0.0224597090862222,0.8861398950182018,0.4797468671303606,1.0382205669502405,0.2397834898613713,0.1080393729440482,0.2644003450066287,0.1369916619018889,0.2091165746846199,0.0973336097639733,0.0819779953599871,0
2018-12-17,0.055781131517142,0.0007948554047,0.015761295565,0.093730043568,0.032788863402,0.023665126895,0.190621443072,0.285942616406,0.212513788514,0.135606003436,0.008575927671,1.0559756190252645,0.8983914572067482,0.6137164440149849,0.2325918585571368,0.3224929404454685,0.1324222605498171,0.2163232830209466,0.1269333200130405,0.3707891324357196,0.1592219407009968,0
2018-12-18,-0.0500448917970061,9.89152907e-05,0.042551828726,0.160300945094,0.014565467559,0.010144424808,0.184044073025,0.23611399988,0.303958749652,0.043561497099,0.004660087755,1.2358785662616674,0.8063581086136622,0.5226555882739504,0.164598346557523,0.2041115903651971,0.1174330906382217,0.4227672310713945,0.2224915233446343,0.4978639871068208,0.1408755140398156,1
2018-12-19,-0.106732782907784,0.0036831236335999,0.021546485888,0.101659793744,0.008069797865,0.004186537379,0.116399049937,0.541299507947,0.14422157033,0.0394439171479999,0.019490210916,0.6806007257834102,1.0108425069520532,0.6839188381933665,0.2564812277172638,0.2346970724966757,0.1601443878426334,0.1675031423724935,0.2073861424303598,0.1884583529979046,0.1517211201072932,0
2018-12-20,0.1857941886410117,0.0011194787006,0.086085971988,0.0828122399379999,0.041712593916,0.023200639651,0.146414945086,0.275528282551,0.209371867946,0.061795338675,0.071958631528,0.994438057305148,0.8179102537423819,0.5230605549853771,0.404356764956344,0.2177462568838692,0.3240197526856094,0.2314234279715523,0.2390354689661741,0.2331142004100719,0.1657166260977029,0
2018-12-21,0.0878881442360579,0.0021303404514,0.024464647784,0.189811564865,0.084278560997,0.1700318994769999,0.134262651758,0.186133364273,0.08341371755,0.110806486802,0.014666730651,0.9270515567737068,0.6693954437416252,0.5590115280001831,0.2798155937855009,0.1988123821474639,0.2151173402077018,0.2975220977027414,0.135515848822418,0.1671966949838114,0.0842927916831621,0
2018-12-24,0.1519615836441516,0.0001090639374,0.00031588297,0.000441179285,0.0776818726239999,0.2155686624,0.252003306974,0.2228931173259999,0.141336137073,0.089475919633,0.000174820281,1.3563046879522471,0.8928117329948296,0.2594679873798475,0.3006780661959237,0.2989550129929631,0.1404475576185941,0.2083276478267191,0.1295557520013878,0.2983242730732131,0.022886494479653,0
2018-12-26,0.0241567388176918,0.0008448712414,0.0508736082009999,0.0497116429069999,0.063614454546,0.187145269653,0.245525075583,0.152578216273,0.117792438932,0.0899316553329999,0.041982740207,1.117818113237482,0.5657661826286777,0.3429685463650633,0.1687088417128299,0.0613001828292637,0.2051374356478899,0.243223287839491,0.177171051474044,0.1139482851113242,0.0221582327661289,1
2018-12-27,0.2698262069374322,0.0007556623087,0.155173042161,0.125730248426,0.187547628499,0.110677784962,0.22593773047,0.0391493893109999,0.0995454922564,0.042830463215,0.01265253499,1.0964104474160554,0.1294400481146904,0.3859625758581098,0.0,0.1201818280617419,0.5576167683763484,0.2438143250831791,0.2113783239634306,0.1689904034860716,0.1754617789279351,1
2018-12-28,0.207131740450859,0.0066454950161,0.134118789477,0.093362630797,0.034485665468,0.018178644388,0.338657812198,0.111221597807,0.081750746142,0.166048606267,0.01552998164,1.3143138434809676,0.3705592240900451,0.4213892686856747,0.3504453781748927,0.104777981587577,0.4027056220909891,0.4042823201239615,0.1397653483961473,0.1488100568944007,0.1141297683000908,0
2018-12-31,-0.2082013783976436,0.0055008850565999,0.035249666379,0.176691443397,0.203238032338,0.080348957954,0.273207846653,0.0204666723309999,0.078310833398,0.02216630839,0.1048193051801,0.8246630911344424,0.2002793611494523,0.3187036092181322,0.0236735933068132,0.2067492073987959,0.4618932008906117,0.1662509628706871,0.4693359198279182,0.2309822577391053,0.1107312387303822,1
2019-01-02,-0.0666475439444184,0.0037331529083,0.042830241855,0.136304272648,0.120855682002,0.203901694488,0.259312028439,0.0602743945539999,0.14134625148,0.019320754632,0.0121215270505,1.087670803434276,0.2203484310097909,0.4718100648078134,0.2257939035747471,0.165797133047886,0.2909527151591873,0.1828512640184306,0.3090839017475024,0.2430166898122832,0.1786986144688335,1
2019-01-03,0.0233229780569672,0.0053310893324,0.067905286722,0.244351666,0.08544337763,0.073019086561,0.2047609431,0.104577541218,0.1232792167229999,0.079531115835,0.011800660849,1.0031657702874015,0.2295263367010602,0.8239703113141198,0.2010817370886331,0.2664925335775329,0.4868526801701144,0.217204351591886,0.1588179929894442,0.2949759163569411,0.276902979172507,0
2019-01-04,-0.1370353523641824,8.51666388e-05,0.002894387497,0.154168389358,0.010261934784,0.0451214696979999,0.207893796406,0.483045077,0.089519897721,0.006873359583,0.0001365149471,0.9407151938571954,1.2251755036826,0.99665930427738,0.2360261574895597,0.1364213314248505,0.104486063068478,0.2095095726662162,0.1013212479173738,0.1191437407434111,0.130276294922001,1
2019-01-07,-0.2458121651783585,0.001939143523,0.0576444811979999,0.0513150634349999,0.121806599591,0.119786625835,0.195474971109,0.204405993017,0.180602456231,0.019039917449,0.047984744677,0.9003191195599545,0.6717790031667519,0.4259541729320492,0.1636488153568352,0.1199569268276385,0.3404930711508655,0.2105488576303838,0.4500958019387573,0.2495560842828127,0.1446819062642289,1
2019-01-08,-0.214786335453391,0.0037916826005,0.043211292135,0.102017690822,0.210420844566,0.1282525513089999,0.1799429611269999,0.122790032249,0.180461733068,0.020108485204,0.00900269483,0.9393755664917128,0.259537797309646,0.6285865821371899,0.340317110676091,0.1437147999656345,0.2868103581117167,0.1039401102128515,0.2347121102312512,0.2656118093925926,0.2749608419891759,1
2019-01-09,-0.1370072148740291,0.0037160207861,0.0446615138459999,0.0727150836879999,0.190132894221,0.163032358867,0.242231896274,0.15994028884,0.108718179801,0.01470384691,0.000147882624,0.9910325583087564,0.6271222778444346,0.2589583133647984,0.2418394154280065,0.0469402161601862,0.4460362275437164,0.3275831044447037,0.3121989951752048,0.1013742432920928,0.1508952473890418,1
2019-01-10,0.1111637070775032,0.0006769559874,0.069110191594,0.10055716602,0.0866507441799999,0.065983870628,0.013556906702,0.509016318794,0.142379306551,0.006749629354,0.0053188829989999,0.472900924033757,1.0567552473841129,0.6889419428186543,0.1809278368396712,0.1800647387419355,0.3919809582868974,0.1776121636686689,0.1566523088194709,0.2587790181338602,0.0350369562858766,1
2019-01-11,0.0935298320837318,0.0025826367446,0.008420263434,0.1550653129,0.07265337089,0.0620591796429999,0.265186148492,0.249802929205,0.07943522134,0.035438626438,0.0693562569196,0.7852347788686643,0.809402049014506,0.850450863109149,0.2233952719479071,0.1499849013056338,0.1555378633421646,0.2067207931208259,0.1191618432113949,0.140815148461474,0.3727649527159011,0
2019-01-14,0.1753573030233383,8.6076195e-05,0.084543913015,0.238059587778,0.029874177704,0.01984882301,0.307532777859,0.044071974014,0.031714716131,0.1361116104119999,0.1081563699156,0.9018482875306212,0.2468017850728932,0.651625957628623,0.0623037054173495,0.3056630806806844,0.4364442465589596,0.2153149254813166,0.1642951254502104,0.0764292665394519,0.4616056873367528,0
2019-01-15,-0.1968193591572344,0.000960376431,0.061512011482,0.124353369863,0.1701528700739999,0.119195429197,0.104363053347,0.267478839126,0.072444272146,0.072448334147,0.007091382501,0.2716834370850864,0.7416848419907139,0.733719015110586,0.1014466815701026,0.2834004954985034,0.1601507384195417,0.0776930734162845,0.0,0.2240939041652986,0.3751167513091815,1
2019-01-16,-0.1600064133293927,0.0036500136034999,0.06433448441,0.113022489151,0.082884301686,0.153211802391,0.301476235539,0.111881620951,0.078511990253,0.080593938167,0.0104330921336,0.775499296250448,0.3871706253715378,0.2911918725745112,0.0953556565164908,0.3385492594476832,0.4885667686855212,0.1518525825176802,0.0496419915352509,0.0864515850287076,0.4275676121261376,1
2019-01-17,-0.0884439598768949,0.0027970109065,0.1453282458159999,0.2390640814,0.078012741096,0.0593330079499999,0.09745184577,0.086043039855,0.122986759837,0.149174230404,0.0198090595675,0.5447576757096388,0.2983022970206497,0.9232916597839887,0.2943829282082153,0.251662111318816,0.4573602220466167,0.2431740904122109,0.197564442720202,0.1161701323210679,0.2334230490548294,1
2019-01-18,0.0599441152065992,0.0020965807626,0.134507807085,0.1936088598529999,0.1123927260899999,0.188897355039,0.1674375018609999,0.0061188998609999,0.035396809502,0.102699525713,0.056843886837,0.6568095588043162,0.1138404736176413,0.5090454354391676,0.1285044668464339,0.0203596723813755,0.4410717206339661,0.336297697931779,0.2814959132875877,0.0440467628950064,0.4750307175208854,1
2019-01-22,-0.0007120061665773,0.0013941888404999,0.041147815542,0.093224955815,0.092543632217,0.126969055545,0.26378716633,0.0358054789399999,0.135355384434,0.1434715528789999,0.066300749135,1.029659413868045,0.1491440958606963,0.5821715256643011,0.3262601357940918,0.1804677609570865,0.2043372737820812,0.2741439793124876,0.324684477464087,0.1490446324345989,0.2789930394110212,0
2019-01-23,-0.0239782717078924,0.003508683015,0.09810837472,0.152390383011,0.048363590772,0.23851187537,0.232977400619,0.0466355695749999,0.090163026666,0.07884328922,0.0104977898764,0.6526467016579892,0.2623897939154448,0.5509096120659992,0.1008098276537123,0.1112815357101371,0.4909995227521657,0.3650956789211837,0.2676861833232659,0.1588905339302067,0.4281013579229894,1
2019-01-24,-0.0412705097347497,0.0001043166485999,0.010507935781,0.2159307581249999,0.1814075447729999,0.168769650662,0.127142932407,0.1191801679729999,0.113401040394,0.052672022915,0.0108835915975,0.4962307539887874,0.3608943595834452,0.9419045904608864,0.23100044029897,0.3666118413835658,0.2324539100026814,0.1620233361643327,0.2129275706960471,0.1991290280570668,0.2318016562209361,1
2019-01-25,-0.009206853993237,9.23116301e-05,0.07664786725,0.07365714827,0.155401982989,0.162868107217,0.320294760635,0.088261944559,0.0255778939649999,0.096598496323,0.000599440476,0.912156127445894,0.3827749099998651,0.6086719954844346,0.0588830761115938,0.2656332208819856,0.4363572858246741,0.2685366639347081,0.0631317513320454,0.0706881232184513,0.4530854348005122,1
2019-01-28,0.0227180296555161,0.0067339694945999,0.02109866511,0.14488734105,0.089405932671,0.060632887339,0.304333252266,0.047289934293,0.2222513214659999,0.005801595532,0.097565060815,1.1080771107594465,0.1793120724012111,0.5692259520881189,0.0967149621400932,0.0308282878192986,0.5153354848808744,0.2703583242543436,0.4302479228083761,0.3490717787361779,0.4271616507785555,0
2019-01-29,-0.181369749084115,8.07678415e-05,0.079320378622,0.108518446299,0.104933427749,0.095611476744,0.246466752623,0.112795527922,0.143485776391,0.0076523832579999,0.101135038117,0.9729522907239614,0.4813075590063611,0.4105472704296342,0.1126732223418534,0.0906006091291594,0.4412456225904547,0.1171100261990693,0.6367069780126812,0.1776811287770301,0.3131570628871906,0
2019-01-30,-0.1657367937266826,0.0019078642157,0.128461199874,0.110318552592,0.010008344311,0.066033537162,0.153067909528,0.4812323175719999,0.023141897368,0.0256860757639999,0.000142274912,0.5338721483554425,0.9644753207266522,0.6299437830488074,0.1347598937204835,0.4273096629354779,0.3916791739540902,0.1326572134076495,0.0169190314878683,0.1194577304531113,0.2302264119419367,1
2019-01-31,-0.0987279025837779,0.0015827185735,0.093447825269,0.112129409191,0.018406099251,0.133919774966,0.154445215352,0.197402201872,0.170220725258,0.038982460768,0.079463569848,0.9586963258629032,0.5939974929259861,0.4627238216862497,0.2933898616314566,0.1528955191100887,0.4253912389577959,0.1155325965587917,0.4815866382148585,0.2069231740473636,0.2101375284305554,1
2019-02-01,0.0500606842339038,8.211951499999999e-05,0.0587388068789999,0.128922177724,0.068259928304,0.03703630379,0.075462240162,0.4902068054,0.103678291036,0.027833926289,0.0097794218024,0.5898113419746279,1.1580014860302377,0.9372092542631916,0.1798763390447368,0.2032829685480515,0.2436632765220544,0.1930677733622871,0.096848809450643,0.1185805442596144,0.0981049404256447,1
2019-02-04,-0.1147147030569613,0.001143260243,0.03032761642,0.062820948014,0.031002661951,0.034860528269,0.403077458973,0.051780072424,0.157905742026,0.20364242473,0.023439264861,1.0714216025359171,0.2859043940890216,0.2982645207424526,0.1898239777360894,0.3253568725839202,0.2793612012647946,0.2248005062095747,0.2232841436763245,0.2125525260562834,0.30930359670143,1
2019-02-05,0.1584378072991967,0.0061030886613,0.092658576294,0.100501592061,0.0607166094959999,0.131794642406,0.1681247746269999,0.125523136968,0.153447314436,0.142306372301,0.018823866673,0.8312088530509651,0.5587010637539119,0.4339622248331782,0.4428303388185097,0.2592601595649871,0.2822613296844179,0.3853721127282317,0.1472641659904518,0.2139693725069738,0.0699317439687089,1
2019-02-06,-0.1013814372941851,0.00010006956,0.019373262438,0.121199148462,0.004682750393,0.0493225250129999,0.356167447534,0.153747229892,0.202720213454,0.084408311244,0.008278996919,1.0491575103813355,0.5357007037886603,0.3601650240993966,0.1736486899607601,0.2872675596918063,0.3754892593740034,0.1943331578154073,0.2663293176787779,0.3304200068353669,0.5431767359044432,0
2019-02-07,0.1543725236319005,0.0007712976891,0.088620762359,0.055029193994,0.087136746891,0.055543740924,0.179338341298,0.156587427273,0.270005811898,0.0910812049339999,0.0158854253754,0.8544455635837084,0.693770145967311,0.5343023884100742,0.1146855701628925,0.4147996496085387,0.473667100543724,0.1498259942913312,0.2828953491298127,0.4112242690169186,0.2772991760351334,0
2019-02-08,-0.1058779433369636,0.0046146805965,0.074241534706,0.1257655345519999,0.034561718395,0.0583688108189999,0.384383779297,0.049188646953,0.1158454836,0.149835301122,0.003194513434,1.0211772813568427,0.1246188033187208,0.5196379540621677,0.1851723437016288,0.2981089400978938,0.4387962477190116,0.3147161448822242,0.060284704574722,0.0943715662631538,0.4682594984202989,1
2019-02-11,-0.11537592895329,0.0001422043174,0.069155723208,0.0449277743159999,0.079536654338,0.162982448966,0.23665914127,0.197982873603,0.1004211120639999,0.0594553852759999,0.048736643182,0.896169387049601,0.3592092626456966,0.3295470011300693,0.1302226908108418,0.1651339535467837,0.4573132537016549,0.1347280597727357,0.2142020416829532,0.0164101358819934,0.2011533575369756,1
2019-02-12,-0.0771524311974644,8.78652164e-05,0.167032397652,0.150546800041,0.0887691679549999,0.130517754474,0.099074858586,0.032790522453,0.133187618171,0.09566374598,0.102329246052,0.4819593704448909,0.1208208715569654,0.3469795522622846,0.2706042451622469,0.1520023410730938,0.7046505858059086,0.1985723404042604,0.4222709208377734,0.1687889994058073,0.0839203220032099,1
2019-02-13,-0.0983315080404281,0.0035672683875,0.035121058753,0.113650240841,0.092883917081,0.123280383076,0.233215999497,0.28559841738,0.019784707725,0.083882369631,0.009015594309,0.6075332203966627,0.6918157786575422,0.7015497800374088,0.1379493088882897,0.1551493885934777,0.350204322399151,0.080389693024346,0.1682414893729724,0.0378697699203895,0.2765873621162956,1
2019-02-14,0.2750452706590295,0.001974625377,0.107600233364,0.11145362694,0.049014849775,0.13830869477,0.070922138056,0.081526012752,0.288490584639,0.1121606486429999,0.0385485999729999,0.7180084684339121,0.343096680300431,0.4573203549814425,0.2853910714166271,0.1635902902168706,0.8934866859588372,0.1629642038358065,0.3505920499461409,0.4465243097918292,0.0749724163688919,0
2019-02-15,-0.0100280902348458,9.0790102e-05,0.116605879395,0.2096018032,0.076021691997,0.154954759129,0.203350962832,0.132694752728,0.067917569093,0.036719570437,0.0020422080415,0.5964616156994358,0.3379738444812797,0.6989165595155687,0.0857078552166611,0.1052873179765705,0.7990177718066991,0.1251949729173795,0.1221628107712405,0.1004335758224427,0.3185881425609568,1
2019-02-19,-0.2071187529712915,0.0009332522577777,0.0548755985911111,0.0621450308322222,0.0704106369966666,0.1663704936711111,0.2215095980966666,0.1939150349555555,0.1534021779522222,0.0283019502811111,0.048136174496,0.8229933486415867,0.4822701514101807,0.4135201377097938,0.0930316301132745,0.2059209136523762,0.6262252129845742,0.1955700782918394,0.1683622456732849,0.2497860799390543,0.1398326879406995,1
2019-02-20,0.1246903203427791,0.0008726275657,0.092448771222,0.03848182168,0.003762528626,0.037759233565,0.275016253793,0.282803446735,0.070400126494,0.08768042474,0.1107747461605,0.9519288613804652,0.5906143428295751,0.2897007554189089,0.0836867162693012,0.4110792948278932,0.5990515801748184,0.2175297837496018,0.2390827476835902,0.1152488940683559,0.2659411652160757,1
2019-02-21,-0.0736251867376267,0.0111022590459999,0.13639441515,0.26055871477,0.018532512595,0.106506377266,0.120934646924,0.1954697337939999,0.118923345965,0.0308911404779999,0.0006868233476,0.4972677305935059,0.6044322650906993,0.5781921713974226,0.261598216934273,0.1843851723021543,0.5971252248665245,0.233494348342313,0.0437560735557565,0.391733393793687,0.1880788858492827,0
2019-02-22,0.5285397803410887,0.0072899821591,0.110218652162,0.1449635237339999,0.052974128853,0.085488941315,0.072780880894,0.2684148304329999,0.0309189317299999,0.219901127,0.0070490166655,0.4442477930905486,0.6403544015629137,0.74147434473111,0.2638126166521601,0.3309905656235397,0.3431483385135877,0.2016962306303651,0.1406592303140236,0.0598476689815273,0.0836972095566276,1
2019-02-25,-0.0508451418951153,0.0004218504811999,0.0115811516839999,0.059809311484,0.208590904979,0.136531662015,0.104928363047,0.2109076165399999,0.181825806426,0.085259516055,0.000143787863,0.7168768954757516,0.7679874406682912,0.2979045417965033,0.1220372756768177,0.1907403294479925,0.431354089734446,0.10603094847492,0.3450449182552002,0.3910209993967652,0.0356852777982908,1
2019-02-26,0.2220892615616321,0.001475211763,0.165268560311,0.115567359518,0.159660872384,0.166196865671,0.0279481756019999,0.199667724451,0.112281711323,0.0368630309529999,0.0150704749096,0.4182532046896767,0.5651708356576842,0.3185095281914325,0.0832588360535061,0.3237680141070617,0.7854847426248994,0.1022690844717979,0.2326997065340412,0.1658978942414485,0.0355660993523022,0
2019-02-27,0.2012438915669918,0.0124182621007,0.054807258922,0.1818592446209999,0.0649362182269999,0.184324439848,0.163214613087,0.227099676951,0.03134268863,0.07399338714,0.0060041801394,0.6682829508765917,0.6228977781407291,0.5310316989546162,0.1855528270420207,0.246308626519783,0.5336112689084835,0.2116308762087787,0.1134553865230564,0.0860570953128987,0.2885005181184534,0
2019-02-28,0.2584122762084007,0.0006877701836,0.021346092662,0.203997975621,0.129576431655,0.099264309521,0.202990088735,0.162322118186,0.1161682158449999,0.05185859876,0.011788363558,0.8900936610563944,0.3284811024261677,0.5319593693718291,0.1199085868138134,0.2496846491978977,0.4536482371248345,0.2218358008911847,0.2048683191629672,0.1224025710636077,0.3007897464745954,0
2019-03-01,-0.0763709291815757,0.0020997483255,0.17563774178,0.19142245035,0.030375993575,0.1695768528739999,0.2179253539539999,0.0211107912329999,0.046761268153,0.144944505019,0.0001452369314,0.7793097826240223,0.1024346982981915,0.5599718904709172,0.0830145751448653,0.038590268696397,0.7633490243650504,0.2737295309847669,0.1112965176568432,0.0883881159761774,0.1764518969956642,1
2019-03-04,0.0025652550160884,8.28819375e-05,0.138367870707,0.1187277158459999,0.255949261666,0.198648322124,0.035641543114,0.024815711315,0.159639699229,0.010078898576,0.0580480740454,0.6159985739670208,0.2708399753304205,0.189544953126299,0.0696719696734182,0.1442387795989952,0.9624115759490042,0.2227425570502211,0.4007114492422153,0.1596509285285132,0.0,0
2019-03-05,-0.1480219760909676,0.0033267465865,0.086615158353,0.29819769875,0.010532461257,0.107366882529,0.042008786871,0.2620014573999999,0.067101417529,0.111142645748,0.0117067256543999,0.4077333824054377,0.6667804072927743,0.9366531097338446,0.1821444480848876,0.4205785864497399,0.4317387197997903,0.1389562386311811,0.1744071508520951,0.1329768996663681,0.0997611903201899,0
2019-03-06,0.0247073831968009,9.39317226e-05,0.098417194014,0.237804008121,0.104550516851,0.0503467360319999,0.090377007547,0.269519753005,0.0572681218834,0.078919024868,0.012703668852,0.494830625302985,0.776168273967399,0.7370670105476911,0.2390065004673351,0.3497710959217464,0.5890698104222031,0.0783451277249996,0.0882545690396431,0.1990464992765518,0.1101102071753015,0
2019-03-07,-0.0790541199035942,0.0041931424762,0.035898806644,0.094442992345,0.004198517877,0.007309407403,0.157601474914,0.400050389,0.091931464933,0.203551861,0.000821902951,0.6425134625758371,0.970584161356627,0.72542473299733,0.5018841809200529,0.5206991821001804,0.1961490185324771,0.1444268279078051,0.0130439144261728,0.2249534783775172,0.1382201754420075,0
2019-03-08,-0.1160784340463579,8.34075367e-05,0.063939130648,0.24545254548,0.0845707066939999,0.0346018738329999,0.2232075470939999,0.189267853825,0.006097629789,0.150966973446,0.0018123247736,0.9074433452686304,0.4431581813650075,1.0190110095613076,0.4225039525673806,0.1211307374994159,0.3787228943175497,0.3444352361707272,0.0553931490723243,0.0123807600072637,0.0796351477730972,0
2019-03-11,-0.2638017781078815,0.001170618228,0.107263229071,0.1078260775269999,0.0909494168129999,0.095884816906,0.23542390181,0.047930592093,0.222571515491,0.08063094457,0.0103488687185,1.2824733910280564,0.3073415397290067,0.513342990167373,0.3809876043094021,0.1700330092803135,0.2709328889461268,0.2065225300172604,0.4000559908420477,0.1434853847812254,0.056233175130389,1
2019-03-12,0.0075618425384163,0.002234364577,0.19142784154,0.174481530274,0.086755303757,0.116138217492,0.056077823105,0.094373850676,0.157961228083,0.0587396929109999,0.06181014708,0.558223518461334,0.3934773853213633,0.5997831257157236,0.1493217776413401,0.0894326563985245,0.3401400940613989,0.1035455507380116,0.6177956184735642,0.2452921786561301,0.0231860803344628,1
2019-03-13,-0.0650772424414754,0.0045114543803999,0.1055903414299999,0.1508014234949999,0.055029845551,0.136788670846,0.1245469253789999,0.078010557791,0.0553096519399999,0.118717825249,0.1706933058055,0.8939036506340713,0.2746199860115683,0.4064242965247112,0.0877670521776994,0.0370396291627037,0.3440212164091929,0.2554699300211293,0.4526362300262119,0.1566090713136965,0.1729637593646038,1
2019-03-14,0.252162906806916,0.0195677126243999,0.096280638168,0.210672802719,0.037175019067,0.155827114967,0.0794282332536,0.117997753749,0.074939816765,0.190056127973,0.0180548070539999,0.4720996211477115,0.3245917172807132,0.530895516596224,0.2880711936824361,0.3346056548207909,0.4325503586494257,0.2312852205027643,0.2156162762780353,0.1564424588856099,0.1428995008335665,0
2019-03-15,0.1601853429339826,0.0020492318854,0.080918502997,0.1897240839779,0.183737512158,0.067012260557,0.1639407116149999,0.069955213433,0.0880043603386,0.108779649971,0.045878469688,0.8668423266795973,0.5780671981916564,0.62646599105114,0.2680926831551197,0.0790777885542587,0.2686801743188565,0.2670883442596319,0.3400217019525121,0.2781844405695171,0.1195582339864702,1
2019-03-18,-0.0268736906349658,0.0021350003095,0.017282637258,0.047983501675,0.092033544858,0.117645824067,0.18554683543,0.184737733888,0.2471722978569999,0.1038095269909999,0.001653083663,0.9591105632478476,0.6704117790042992,0.1839218808645641,0.4784530578101321,0.3629407076073471,0.2628365656593814,0.1726543930759984,0.222749692988007,0.2331337087338577,0.0435050285331279,1
2019-03-19,-0.0706173809245228,0.0009625290953999,0.009347811142,0.0466972322619999,0.00402787122,0.011641324688,0.130051892232,0.31490023273,0.287454834712,0.0466663210349999,0.148249944285,1.160932719237858,0.8761862553971579,0.2529418579502887,0.4473097422183324,0.1508184253384467,0.1951850352907363,0.294023706622612,0.4484001558013361,0.4254145424897915,0.0322160345913282,0
2019-03-20,0.3588411413133144,0.0025729005518,0.00871657426,0.0361461182,0.009173098904,0.021064180462,0.209409173864,0.4472024076,0.152124710358,0.074073510533,0.0395173222404,0.9235070517425936,1.234120965745427,0.4840759038099481,0.2430367584849084,0.2304175892218423,0.176548699754276,0.2415739533874442,0.2024318610459649,0.2073813881383456,0.2251862630850163,0
2019-03-21,-0.1921707233414053,9.00595402e-05,0.044089408267,0.1504223229289999,0.050563465627,0.124561531576,0.2205974859709999,0.175589754592,0.182332106163,0.042487857654,0.009265990731,1.0244191950473929,0.5731354403628973,0.5825048751563136,0.3428649523902068,0.1449075152017133,0.4314270888254025,0.1061077553431798,0.279487133611656,0.2465198655953993,0.1971093653321904,1
2019-03-22,0.3198393591679632,0.0027485422832,0.024731041513,0.158993311169,0.2273399711819999,0.129157082216,0.124658595071,0.176509100171,0.085621984864,0.060525911964,0.0097144551005,0.5933843623894667,0.562736372980828,0.4386762617904083,0.2657994989934179,0.3425253817065409,0.2409945771529661,0.1710036179944555,0.0573328686856588,0.11638246673287,0.1372686069552016,0
2019-03-25,0.052055144123733,0.0053104709093999,0.104582324591,0.067739981066,0.0512594298499999,0.02581768636,0.085099875656,0.424624118563,0.132361439822,0.100269131421,0.0029355405066,0.7849879999005185,0.9479046173143372,0.6324430411614235,0.4585091857928484,0.3203540965496624,0.1389473154149689,0.246233325599351,0.0890378771963883,0.1566428766985597,0.0897609663658423,0
2019-03-26,0.1850187361240386,0.0055178734832999,0.244318586182,0.0575002657019999,0.2303197427639999,0.038463481302,0.0841327049,0.042820390193,0.19219660914,0.092303337302,0.0124270114554999,0.6923559465483923,0.0708344929965242,0.2676259145099491,0.3749041067603509,0.1836173844254745,0.4111832150384045,0.1552483052134124,0.1974931744462863,0.0797793473704488,0.2385959933140188,1
2019-03-27,0.0653055168688297,0.002727461877,0.107151614705,0.22441054428,0.041113471237,0.029646728331,0.051946096299,0.143822836947,0.200754885832,0.130612641733,0.067813698304,0.5021864977027735,0.4223822220751384,0.4402394972806253,0.3594527072788351,0.3324411616473376,0.2826895918878976,0.1807084225901118,0.347282619803939,0.1968985481815545,0.0886789671709598,0
2019-03-28,0.0979943889193236,0.0017743820973999,0.062849327787,0.176105504544,0.1258098751319999,0.156812829878,0.0379160415809999,0.185759929603,0.134889988732,0.109951277699,0.008130850681,0.3779919909888377,0.4351275277878267,0.5971935021056882,0.3360541400574706,0.3914852794345986,0.4477368286228862,0.136183028614934,0.2179569889007893,0.2356696863240335,0.1212961763618849,1
2019-03-29,0.2773058723658323,0.0046017178251,0.182126397685,0.19320851666,0.029335755712,0.029116040091,0.049284442306,0.420919228386,0.021163221476,0.061335830582,0.00890882277,0.287667664192604,0.8747416839551294,0.8623521261045168,0.5262386754616081,0.1145409081008498,0.3180261228479734,0.2070170224974928,0.0419439345872751,0.0761474135628878,0.1473983816215316,1
2019-04-01,-0.011796286702156,0.0066469537321999,0.105472951762,0.280978179888,0.0129566539,0.0334246119919999,0.2490986417589999,0.086879048773,0.045717108992,0.100400242372,0.078425631099,0.8368151739158751,0.281493297198631,0.6143988891430257,0.2802492517959682,0.1261791294139815,0.2221241101646537,0.302896601746441,0.3916761704280133,0.0767007218638707,0.3674625181656908,1
2019-04-02,0.0373357097618281,0.0001033275048999,0.087397642566,0.16148726344,0.049953218176,0.288320465272,0.206487640197,0.031293623277,0.034920080083,0.073650758178,0.066385953606,0.6486621364547586,0.1214732460424215,0.4403022254877862,0.0194056662824194,0.0462656412460653,0.5475111643704567,0.2344432746719361,0.2856804489925038,0.1436649049666986,0.3806571469388303,1
2019-04-03,-0.3771319791674614,0.004468572156,0.045865141614,0.122344381201,0.067889474314,0.132428595741,0.1853600939719999,0.025771730025,0.24932783467,0.163253017492,0.0032911304715999,1.0097905717429887,0.1051974635494047,0.5543622756043902,0.4035305568692086,0.2145593859785324,0.512916626991729,0.307685153302806,0.2028116393495996,0.2413753793780161,0.0857417885642421,1
2019-04-04,-0.309385428018868,0.0005444902551,0.023967237959,0.182142113822,0.040321691896,0.112959472018,0.022445326263,0.378775721204,0.148326833356,0.087244306234,0.0032727647228,0.3844589030076154,0.9086520990571552,0.5720053970519916,0.0971344739595728,0.5631174297620054,0.3815221831020882,0.1639261056450136,0.1482932516839852,0.2878881077978574,0.0663965587394952,1
2019-04-05,-0.217407451197505,8.41236851e-05,0.0418016111219999,0.148083656537,0.076644123092,0.03013310019,0.287861440163,0.3421787722,0.025026037956,0.04752504248,0.0006620784504,0.8348205777422695,0.8800276748437394,0.9661589298517244,0.2045239319076467,0.2893238880973977,0.1778477809810012,0.1906845097287465,0.0478702697125374,0.0993831621665149,0.2832609485906339,1
2019-04-08,-0.0203203044831753,0.0004603054359,0.031360862409,0.027656267185,0.058571010632,0.05138943885,0.171479821081,0.189206386895,0.300886225487,0.1333050309039999,0.035684646199,0.8040575355826591,0.4970750978757368,0.2919061719169625,0.4434869899374062,0.3334769646500559,0.1530243722898116,0.2013544840598378,0.5793109463672798,0.2678397835043605,0.1765466178233563,1
2019-04-09,0.3296213714405894,0.0045281247845,0.092268700013,0.1244822510404,0.196369121076,0.092014457161,0.14203183043,0.126374983521,0.081369404265,0.140427976625,0.0001331217431,0.5912762712455939,0.6208639555238484,0.4698579347310639,0.1122664195171151,0.3056910540145497,0.3762074765097768,0.1534527397730226,0.1406792691755472,0.1354504992007097,0.2790727094191489,0
2019-04-10,-0.1725258561782538,0.0018140190325999,0.046216389139,0.133881435863,0.084014106952,0.115887396345,0.208145564974,0.164108564384,0.187458167051,0.038416741605,0.0200575707255,0.871860482323045,0.7189278270734564,0.6265230880861954,0.1712643190692416,0.1468074072341954,0.2803744346304938,0.1728247743853753,0.2303158585281807,0.2767664309360383,0.2908897566583681,1
2019-04-11,0.060278870537877,0.0041263273996,0.054903708236,0.180502768745,0.073100463326,0.081940618237,0.016191951346,0.2826526979,0.14586633826,0.089680321415,0.0710347686539999,0.4740404275343131,0.7596847819062745,0.7533028453411775,0.1525325919738603,0.3092135641532321,0.4590422290778121,0.0871221508538097,0.0776653855934191,0.2564599764035985,0.0465448723631397,1
2019-04-12,-0.1309030454398857,9.10414391111111e-05,0.0015101989999999,0.2151081473444444,0.0683729168288889,0.0417557191655555,0.1971588563977777,0.1801103235833333,0.1750132707899999,0.1167164355877777,0.0041630212044444,1.0179606989769148,0.5365225781681742,0.8795286872368755,0.2588296321232642,0.5189539424955868,0.1826214584122469,0.2412141085737534,0.225884163897334,0.2905897792764225,0.3651172636534983,1
2019-04-15,-0.1839640157297253,0.00124780343,0.107573681823,0.082254621628,0.025483085567,0.075450132649,0.239064911953,0.189418310954,0.141686987163,0.032629030581,0.105191384945,0.9278673255330772,0.4103912028897028,0.401826860917993,0.0769393769646041,0.1343259324952626,0.4376610833868667,0.1831104170797959,0.3598641605119932,0.0641985193643458,0.3493033064120657,0
2019-04-16,-0.0963532455265522,0.0005172624834999,0.086279489211,0.1094172813,0.139295551838,0.0862605870919999,0.325201563998,0.013861405564,0.051504832949,0.081088704062,0.106573342161,0.7732501082399452,0.1174485440734498,0.3599061850606322,0.1254390978030975,0.2662690342242451,0.1094269317896586,0.1925321295190112,0.3329635203382097,0.127369924173254,0.4768748802605049,1
2019-04-17,0.3064206880517304,0.0050746573652,0.150553703613,0.077489064347,0.235226898528,0.201978646411,0.272053955607,0.01746161119,0.0002063603896,0.036335191675,0.003619876298,0.643067661494089,0.1008414012101678,0.2572610839332834,0.0105226752671205,0.1756664372070771,0.8793305193676059,0.0652331983471656,0.0350810701427585,0.0,0.3348640383207483,0
2019-04-18,-0.0894952827133238,0.0074964899313,0.0587449275,0.1434387684,0.137258119815,0.050412920458,0.07202142528,0.2415418540729999,0.071886651079,0.103846471327,0.113352361854,0.4433319732617127,0.6598595374794824,0.6418447057072226,0.2519970061240161,0.2572739462917839,0.1618816395891173,0.103274998745835,0.2172504499040402,0.196286199437445,0.1595934184826195,1
2019-04-22,-0.2617101425305009,0.0039132483075,0.033103852195,0.055020596494,0.16130868995,0.052015394896,0.188112910644,0.044603116564,0.295030643283,0.058947822939,0.1079437219049999,0.6422400696968975,0.1978557355655452,0.2642277575168144,0.3003490370305365,0.0587235404265567,0.2034139029246867,0.2073282087055036,0.6035531774920283,0.3646356905289069,0.2747575549347752,1
2019-04-23,-0.0389856569468975,9.07786341e-05,0.069078273164,0.065166346739,0.046029358698,0.162772297054,0.213952750506,0.028452342448,0.183245072372,0.066279988994,0.164932786365,0.8851244157731519,0.1301088468643454,0.3188829897237417,0.12619285027683,0.1418554875397123,0.5217927446765599,0.1643441340493443,0.7363655228148909,0.2126948866094742,0.3121479083838371,1
2019-04-24,0.0541123257949948,8.616353109999999e-05,0.152534752206,0.1043456187439999,0.040426330418,0.0259848026909999,0.3756317046965,0.049668513507,0.169033340498,0.046565183075,0.0357235659355,1.1058987455163674,0.2391617943778786,0.4486098354715799,0.1920064934675356,0.0992074529211878,0.0764573055472508,0.2259483764389771,0.3564633953065321,0.0650543255526876,0.7565664058593368,0
2019-04-25,0.0071377277374267,0.0039282586262,0.0929275803189999,0.085116497378,0.104229025993,0.1108038625819999,0.298101360112,0.0562077449134,0.1526025414474,0.041925378181,0.0541577567172,0.930617180000734,0.4409187735221928,0.301424032757014,0.1687534237145819,0.126002856310338,0.0733520771035254,0.1456775619199739,0.3518557546479209,0.2228666312403114,0.6619812225923519,0
2019-04-26,-0.1864041151478886,8.81666629e-05,0.036635005426,0.2593077794,0.0261301328579999,0.085970163467,0.334420310764,0.117504799222,0.086139972446,0.0445563821679999,0.0092472602014,0.8137738120732795,0.3881991742135404,0.9312335356005732,0.0796175923810813,0.0586032969843942,0.2916807064590442,0.2126968212774994,0.1675849841144736,0.243560645720104,0.695700936864087,1
2019-04-29,-0.257002816721797,0.0013171018146,0.0526078358449999,0.138393898634,0.055817634328,0.085825677145,0.233075968872,0.29778406508,0.0979251255769999,0.03710519622,0.000147449434,0.9336074424960784,0.68467233228877,0.8196629012884629,0.1117813742979017,0.1154842539436076,0.3457277906075816,0.1665148675201202,0.0741271275614336,0.1577339757832629,0.1514867187877656,1
2019-04-30,-0.0840882962569594,0.0006881037461999,0.013647028918,0.14811364386,0.0208445563869999,0.094624407172,0.4328044367035,0.1233488990615,0.142627770602,0.013264615159,0.0100365188652,1.1667067741155974,0.4826254800688995,0.679814954785897,0.0514460930241868,0.1041796713943034,0.140315275142552,0.1888625507487345,0.1419639637718523,0.2931123283521978,0.5051826314908784,1
2019-05-01,0.1247032016515731,0.0008977079694,0.033093281609,0.03407617456,0.009683146081,0.095662657168,0.097222216558,0.491176603298,0.130341843219,0.031622905018,0.076223435039,0.4723376858519756,1.2205394175567208,0.6638161601866021,0.1521346093331081,0.2832160185958366,0.069070441186179,0.074890860772035,0.3869034276480947,0.2443607113832183,0.053035283041967,0
2019-05-02,-0.0247417754493654,0.0100142124019999,0.07659805623,0.100632827722,0.1211869185,0.126247953071,0.1260806663935,0.183906762855,0.18451634728,0.011407655843,0.0594086127086,0.7328183108079672,0.9063039881916026,0.4357713537849865,0.1087068363553874,0.1273786733994558,0.1391322059492552,0.15110888801728,0.5144111788413552,0.3375918451915434,0.2297129782229225,0
2019-05-03,-0.2425591994076967,9.35510401e-05,0.005393872256,0.117510901424,0.00342181593,0.005965212773,0.31189735496,0.4152757376,0.110359233054,0.01297440699,0.0171079032949,0.9263401621431002,0.8914291231374367,1.2564669532803232,0.1258037543582101,0.0727349830909701,0.0278381050211586,0.0975714450093031,0.1517709774737748,0.1370062282417271,0.4011824091170307,1
2019-05-06,0.3538669292815029,8.5310375e-05,0.280600784497,0.242906200485,0.005646195234,0.098434836307,0.111892260599,0.1282049082269999,0.067951565792,0.061045967253,0.003231960771,0.5581818477887392,0.3592694758504752,0.2471302156461183,0.2074878442193308,0.1334261975282814,1.0226138323729437,0.1727470345203497,0.0915951386866695,0.1963297083462248,0.1214025111940887,0
2019-05-07,-0.0743768958374858,0.001206074149,0.070595064597,0.1237719934,0.051540874292,0.1355675527,0.35780629318,0.005897051586,0.204920284992,0.0139317524924,0.03476304346,1.1427415786551964,0.15363715220461,0.2348382329333964,0.1285950744751012,0.089966269531717,0.7067627516813906,0.2819589482449221,0.2234890158980541,0.129847045927451,0.4649124295106249,0
2019-05-08,0.2345884593203663,0.0008881515744,0.1662795320739999,0.049386797907,0.093331483028,0.38275418942,0.0351306776569999,0.082703063058,0.137783201485,0.0356438480389999,0.016099080171,0.3901995721226771,0.2827745922439006,0.1453706858619347,0.3263023766624359,0.1413879034336841,1.1689755256600098,0.0632975711369034,0.2242386728904524,0.1102954234884095,0.0449042464699361,0
2019-05-09,-0.0090657956898212,0.001048361717,0.077675200579,0.2841664069749999,0.0098520993729999,0.1942667981099999,0.194944608369,0.1180657333119999,0.049429560992,0.057431374832,0.013119822146,0.7130303937433592,0.3642472026463565,0.3747448652004368,0.1821234101011677,0.1749045768991373,0.8468047976615264,0.1222229947531889,0.1368309563709533,0.175958520198357,0.2046966605397211,0
2019-05-10,0.1020706176757812,0.0027284030999,0.153061149292,0.109658638559,0.1219325396499999,0.162445407547,0.04920984048,0.102764415103,0.203938763645,0.086363915157,0.0078969069101,0.5963350008666035,0.2663650273842585,0.3833398808864654,0.3101669710055291,0.2091349429503991,0.9779750568400578,0.0979449677463841,0.2210762212650001,0.1540086405896439,0.1370024473662622,1
2019-05-13,0.204478259012103,0.0017708232346,0.16733102653,0.1062174468,0.01700364498,0.1255667783669999,0.254876026503,0.238576435696,0.063804432919,0.02467628722,0.0001770995138,0.9576136392539694,0.503907959236285,0.357930069436935,0.2210833490809722,0.0559869168616286,0.9413132855054418,0.1356562979832221,0.0994026185938873,0.0935349122882948,0.0756178663709806,0
2019-05-14,0.0351031131111085,8.12069014e-05,0.104154875923,0.189972794724,0.181271205669,0.249551449526,0.022925464428,0.052122213471,0.1079996680524999,0.057635616572,0.0342854864896,0.4385722906972696,0.2516232118346438,0.3025663833712892,0.1528805647845536,0.1839135815794901,0.6741326968229221,0.204818581649244,0.3586075735285873,0.1644502762180167,0.123969445064762,1
2019-05-15,0.0558670429512858,0.0021689673378999,0.240720061582,0.118607422555,0.032206760072,0.1579005400549999,0.10110191811,0.0576376790979999,0.148110348549,0.078681824483,0.062864434679,0.5657611306708262,0.2619569475892174,0.3898034440835899,0.2754423015516204,0.1510897707428097,0.6956568302678665,0.1169809246529016,0.3261413922956312,0.151995323337146,0.0346581951278019,1
2019-05-16,0.1405917686410248,0.0044979078174,0.173040175624,0.13284282435,0.0399124794249999,0.107445564008,0.017786335037,0.348785405398,0.117916352649,0.0568216561889999,0.0009512616244999,0.3845592986942497,0.5937546986459499,1.051276565122662,0.218598624280436,0.1230353057414302,0.6081694093146398,0.0913550549795588,0.1183071509134692,0.0960620482399957,0.0807876801493619,1
2019-05-17,0.0411992102861404,0.0028750554724999,0.197850336656,0.1675400350674999,0.018156903736,0.15082026432,0.067291288014,0.1104723252819999,0.173182241053,0.101751270252,0.0100602671875,0.4380514305729095,0.3011510102689177,0.3010940682620725,0.2185359779175004,0.1779604270064793,0.8616362874336405,0.2581052545955516,0.1032933244638971,0.2756301282674246,0.1455362986120138,0
2019-05-20,0.0676817581057548,0.0017743211575,0.1776838084,0.191590705143,0.18462845198,0.096214280698,0.061722136742,0.1574930828369999,0.055288090836,0.072042813913,0.0015622990605,0.6120098792066297,0.3663815880036252,0.7482166018682828,0.1404973464207965,0.2179655161252241,0.8317496488950112,0.1831792013945641,0.0426435267638713,0.1592946272639401,0.0857495808043122,0
2019-05-21,0.259184156730771,0.0024394199903,0.253105810325,0.068235125127,0.040181503927,0.282123726392,0.066992067524,0.043548477074,0.1283967992113,0.077098410297,0.0378786890307,0.553186673352078,0.1927892710445976,0.3181668630214181,0.2154567527741542,0.152269067307772,0.8327117733181677,0.3268219623715928,0.2824407293451187,0.1920819930853017,0.0510257018641329,1
2019-05-22,0.2174572104588151,0.0018152961522999,0.054691697283,0.088959888476,0.096804530201,0.067670659797,0.103969561501,0.442987542649,0.004261441371,0.1386638725049999,0.0001754883575,0.3746278017815598,1.0582111990524738,0.6455505233581909,0.1546453816976075,0.4363093574281571,0.2945853111067849,0.15440492959667,0.0,0.0234801385752063,0.1369050761886472,0
2019-05-23,0.1547493579797446,0.0033630708716999,0.170463458723,0.149656228441,0.079472358234,0.099511553748,0.072223970719,0.144336496816,0.1825001263339999,0.097743123286,0.0007296011769999,0.645400171850995,0.490108289783575,0.4006882069901586,0.2447248264327459,0.4048972723985495,0.5621428689717193,0.221308919175723,0.2882071103906622,0.2726687024268015,0.0970119304868028,0
2019-05-24,0.1093601725064218,0.002294992442,0.1134327221,0.147330806258,0.0283151838409999,0.14385955696,0.188654474337,0.016925490236,0.311815841268,0.040070460344,0.0073004495636,0.8193747829590992,0.1638993396930917,0.3952798488939166,0.2206193362572039,0.0704470744490715,0.6580314042636819,0.3139889083173935,0.2580323681822647,0.3263933960876908,0.1736290958002919,1
2019-05-28,-0.0580395431257784,0.0019810414144,0.055235755123,0.238868063336,0.194402490023,0.025933179336,0.179546432351,0.05094390744,0.094731610049,0.158200353018,0.0001572127925,0.9249377548155552,0.2202589537672018,0.516207232565086,0.4792544598163767,0.3225888908749057,0.2100449609828988,0.293304024624886,0.0831065001312066,0.1506088855802757,0.1935796452273163,0
2019-05-29,0.0007136695086955,0.0142826821394,0.053077238078,0.09762753356,0.111741613651,0.035381536474,0.1921872425319999,0.176517375177,0.149011847299,0.117886139887,0.0522867898685,0.6696703634947574,0.4573394604366583,0.4539821461921722,0.2640629822061403,0.2878053446346302,0.4253866448491116,0.2773935586860345,0.324594039097018,0.1352635204234059,0.2865876337106017,0
2019-05-30,-0.2613729950040578,0.0042784466764,0.129191123035,0.2243771414756,0.127518636384,0.1954668493549999,0.057945540873,0.1219626824929999,0.095546893457,0.0375089172769999,0.0062037676835,0.7343708409505929,0.318733051713897,0.7098266048395387,0.1164624631691051,0.0205262821475215,0.5116850329510282,0.1119005980299643,0.125385669481897,0.1111846717389556,0.0912540085625249,1
2019-05-31,0.0341479186899959,7.84925849e-05,0.279918883384,0.1222196552739999,0.0829701699249999,0.136963803678,0.133021101784,0.164323568162,0.056143415609,0.016013650809,0.0083472544994,0.6927870945524084,0.3281721951991828,0.5134560337424964,0.4361070942328137,0.0948241406929738,0.9569478309654156,0.1264214474825098,0.0530885637122252,0.0346783114892786,0.0510601763766867,0
2019-06-03,0.2105219360440969,0.0089278622381,0.0606535459119999,0.203385240944,0.072166997937,0.114765174428,0.013352939817,0.370279622928,0.029384482932,0.099795160353,0.0272889317184999,0.3520038584934715,0.8344181394514429,0.6685876271812814,0.0892812908161615,0.1999583760049063,0.4673475570810444,0.1351356511560905,0.1495732999133678,0.1117431744136995,0.0352470107843489,0
2019-06-04,0.0050431668758392,0.0005559250022,0.026520030368,0.047549381213,0.026339861358,0.102996086958,0.187350597332,0.44950114702,0.093181118701,0.000372741845,0.0656331038359999,0.6273903887984811,1.3671363713786278,0.4566304868863947,0.1922728041502923,0.0637983264541469,0.4294695780758307,0.1899485426636842,0.127657893426294,0.169877056042407,0.0536041607523202,1
2019-06-05,-0.2596715175546705,9.48083364e-05,0.137863629414,0.2105056731089999,0.029171600816,0.081208711794,0.122529177209,0.27628759815,0.10918253709,0.0330042641719999,0.0001519697594,0.5593867123701457,0.9211411594663124,0.6041533991160717,0.207648002501427,0.1851476054510653,0.860540048500107,0.1710642904113953,0.1823900705491055,0.1436801105552518,0.0744736941082715,1
2019-06-06,0.1226934259757399,0.0179138226704,0.132787561747,0.16221258243,0.029469019812,0.084748105743,0.046401750548,0.2798474134,0.188432529732,0.0517674032499999,0.006419781252,0.5414857259593366,0.7489832587828618,0.663494866371445,0.2996370576918086,0.2311376164250003,0.5642942906373717,0.1646538687411309,0.2818315293751375,0.3361208347791321,0.0291433746225175,1
2019-06-07,-0.2177778081968426,7.532954909999999e-05,0.0184538763945,0.2185441165,0.006173708869,0.025605129286,0.145743207752,0.36305381,0.165446335436,0.046500090789,0.0104043853093999,0.8457939115718751,1.0068040391409987,1.139407987375351,0.205720744227818,0.2554384075103504,0.4994642722806596,0.2292138684631837,0.1873012441289303,0.1616167672866841,0.1898851025629575,1
2019-06-10,-0.1498187705874443,0.0040731876384,0.036630739486,0.2417410330626,0.042633514384,0.06270750129,0.000290048184,0.266282932755,0.283417340938,0.047460056144,0.014763623841,0.4311558188949262,0.7626057117245166,0.6812012052858363,0.1349314767897156,0.2558880631783781,0.6222036441942911,0.3814810213939754,0.3372841726873144,0.595511206957376,0.0744375228711573,1
2019-06-11,-0.5117698999121785,0.0027902394771,0.039340981689,0.126540015048,0.011155459028,0.089952318295,0.195453150255,0.1983256453,0.309292939845,0.024653839198,0.0024954109994,1.2164105059910413,0.9482569622112575,0.3955183061827414,0.4393981232595718,0.1467840302155948,0.6480802289623115,0.344179243848866,0.3381649563523817,0.208415307645389,0.01771539045403,0
2019-06-12,0.0195451000705361,0.0009804616878,0.050833947452,0.135274134623,0.003618964452,0.079005640197,0.223478178727,0.2420332086,0.2208563933269999,0.0089392710719999,0.0349797548045,0.9857901528619358,1.005413901201318,0.5709282582650033,0.1323385343744677,0.2081710403543391,0.49758291367751,0.0640446220764825,0.5346483655410147,0.3407952439170618,0.0907859575051132,0
2019-06-13,-0.1047778462991118,7.355647379999999e-05,0.10467137922,0.185641587068,0.060161443368,0.158964244998,0.035968639835,0.17287391004,0.224631763292,0.015955061056,0.0410583951694,0.4379949678733772,0.716474953106046,0.480817324213769,0.3193906587630915,0.0901186631074041,0.6695591233990206,0.1961609719324716,0.4027761610644235,0.4066523123861199,0.0309769861668925,1
2019-06-14,0.369830953143537,6.75833149e-05,0.158669367987,0.074982980921,0.059078970508,0.1154192281999999,0.051378729789,0.215196504134,0.240377022096,0.0500462931259999,0.0347833180814,0.7061413851628642,0.8800180850119869,0.471353215459693,0.174823238562878,0.1875313321540246,0.675732978880021,0.2999901493413915,0.4094074608309279,0.1229578490480943,0.0136599098305322,0
2019-06-17,0.3239790499210357,7.1162996e-05,0.00830468247,0.147992284909,0.060600857257,0.05126412388,0.1363500015024,0.409621199,0.131531877532,0.0516278442469999,0.0026359777839,0.7183670776012123,1.4896565027610646,0.3830314026514324,0.2243808621272787,0.1910044859918846,0.1664065266418607,0.1466641837496358,0.0610566120553865,0.1195762043617464,0.0340415858139541,1
2019-06-18,-0.2167618226259947,0.0035145745051,0.027642798165,0.038003750739,0.097145343954,0.093254130082,0.015047290112,0.386121596138,0.310261217492,0.027734487906,0.0012747956436,0.6219710610506739,1.3792825342300523,0.521272951083548,0.1965005074813215,0.2021938789661078,0.3036606594976919,0.1222470297250196,0.3117731292485041,0.2986200420025527,0.1114715225215745,1
2019-06-19,0.3301605388522148,0.0020009933467,0.2156269282979999,0.087740501388,0.010857365964,0.093883929755,0.0162058162319999,0.522361877327,0.026247177367,0.024965186784,0.0001102300895999,0.2629696603044084,1.247170534956932,0.5907572698723097,0.1205413679198011,0.1436479065294849,0.6145103952228294,0.1935917377398043,0.006527851672225,0.0822381505133939,0.0249399035588176,1
2019-06-20,-0.1262140657752752,8.00585424e-05,0.0002318780119999,0.1188654209739999,0.003286628751,0.038175689091,0.127177203147,0.379347892,0.294098249914,0.011210350368,0.027526583397,1.0029523549302628,1.247832421729121,0.5583653134590492,0.4161797578856862,0.2764455228495151,0.278851394994666,0.2677448131447803,0.2794912068711946,0.3612621778356343,0.0874304938667872,1
2019-06-21,0.0207485239021479,0.0030706458624999,0.004080663411,0.057507000843,0.001885046554,0.0928772455459999,0.041228767725,0.303366798,0.382478924001,0.1019591614869999,0.011545724291,0.834695020884503,0.8739496776248178,0.5518295678778589,0.3254586108840162,0.3034988506947219,0.2802032731145543,0.2052537579304577,0.4315796372135596,0.4114217822417204,0.0204674980666931,0
2019-06-24,0.0026429953053593,0.0035424147440999,0.04247154676,0.029646056975,0.005819371869,0.23583627373,0.039096384958,0.1737481908649999,0.424762378408,0.04496640261,0.0001109836236,0.7840035317066923,0.8628303607457248,0.3858034145841038,0.2062139170828133,0.1339416179563442,0.510079519935494,0.1803613172040175,0.5953822701275164,0.5863536466099147,0.0474700167079768,0
2019-06-25,0.1240556003525852,0.0007274682174,0.068539748975,0.0987366724932,0.1234888959399999,0.083218039162,0.174017565393,0.39399979334,0.0523385697395,0.002938956734,0.00199426812,0.688863362054515,1.3312963738281276,0.4931372464017108,0.1055521251983822,0.1624323041116063,0.3660770728998685,0.1305358466926866,0.1126178850301962,0.1705781478725688,0.1846551105816707,0
2019-06-26,-0.0465954717248678,0.0019776963815,0.065153578265,0.043137137767,0.0158011735609999,0.158570633725,0.003801782398,0.4091287471919999,0.298458369654,0.003827664379,0.0001432049796,0.5450584994038643,1.3614485019891247,0.3374747721612666,0.1992690961781281,0.1281534343997269,0.6604860732661937,0.0755705415190577,0.2785368622855239,0.3576674010768921,0.0312919844645199,0
2019-06-27,-0.0026747569441795,0.0006557898135,0.1756851021,0.186765660231,0.031460269048,0.047187286548,0.091728779646,0.1965109433319999,0.0347874030119999,0.220040235286,0.0151784987664,0.4520985202071735,0.4531038395133659,0.5407411086065584,0.1066640697221928,0.2355604015670344,0.6379156390301074,0.2902689842918782,0.0197466371857604,0.1747178820584907,0.1586782009453111,1
2019-06-28,-0.115697577688843,7.051860730000001e-05,0.09792748202,0.1881121905,0.004637433816,0.21154530862,0.161140844951,0.080943813682,0.252830556959,0.00267878145,0.000113035373,0.9959424872801282,0.4565316844451232,0.4513229547113485,0.1484542660115863,0.0606899373424993,0.9131744411840236,0.1732698354818609,0.3437528220509221,0.2250335134202837,0.1659555328387347,1
2019-07-01,-0.2754608823917806,8.266077499999999e-05,0.041028879788,0.306578663032,0.021713595185,0.0407273868089999,0.1190195789239999,0.2440361144999999,0.112411686851,0.109258902232,0.0051424885145,0.8684363772364598,0.9531612063260628,0.7783291919139999,0.2414226082837226,0.1690666606944685,0.4697168049408614,0.2667981256388555,0.1312831246110176,0.1364620756830827,0.0643127996467956,1
2019-07-02,0.2020408992655575,0.0027766257754999,0.174132785683,0.148079776853,0.039944233764,0.0701685455949999,0.136249627637,0.235631514153,0.1816719966185999,0.0038615677464999,0.0074833185038999,0.7910941723780567,0.6351680915730459,0.498657535945879,0.0978775127869422,0.1037842184046406,0.8390552646750493,0.2215438159039676,0.2489120258072029,0.1296542543105516,0.1283159782211796,1
2019-07-03,0.0473234114237129,0.0013381310262,0.011051418736,0.3121315332063999,0.014560639126,0.1168092630079999,0.0801596113839999,0.25381706566,0.0793071231739999,0.095925520049,0.034899670429,0.4009108341049439,0.913347612773918,0.8036485963023947,0.3631927821007316,0.3985520617569574,0.3753365590751513,0.1618016019352979,0.1052805047028586,0.2421061666546106,0.1468803584635628,1
2019-07-05,-0.0103288292884826,8.15450504e-05,0.002517549627,0.129273212035,0.003727662086,0.009959417675,0.071062055609,0.484406504,0.212590438469,0.086250893692,0.0001307098295,0.7243414281579095,1.0696925802273904,1.004613974237743,0.4761138810453782,0.1813191300634967,0.2392141020581202,0.2639668002041696,0.1131735321115801,0.2719072379477421,0.0841700512717084,0
2019-07-08,0.1713525649160146,0.001705409162,0.012129358674,0.031288063091,0.094431432776,0.0553139808065,0.097319444815,0.243409770615,0.4101695526154,0.052450402893,0.0017825608266,1.0312056416957085,1.2122344005874794,0.4277928005494618,0.4701037426542734,0.4960324133352622,0.224297171249734,0.2448158194637742,0.3660576017473658,0.3112530522340304,0.0696933640955774,0
2019-07-09,0.020527692977339,0.0038477584758,0.040199803403,0.011335569931,0.0192376420149999,0.021747010261,0.353113554193,0.2213679146,0.294514307753,0.032452656352,0.002183756968,1.3426279024773309,1.032396015306242,0.2769181248691981,0.3000402385454827,0.1814186176835814,0.2842674794778181,0.2302297276289547,0.306558442678414,0.4261471974261658,0.2751319530851973,1
2019-07-10,0.0769666276872158,0.0049596293767999,0.0309274941209999,0.044491321299,0.13646700789,0.093394250078,0.037026925406,0.438745013575,0.128202788274,0.057950757204,0.0278348339541,0.3604368538348891,1.1188438074235896,0.4865888088373486,0.3876013456863508,0.1343542111159996,0.3708178327887987,0.1989006655335434,0.2312331574955906,0.1762941771261476,0.005612280518506,1
2019-07-11,-0.0121323343366384,0.0007170968796,0.04750717687,0.066669342846,0.029337725433,0.005550373922,0.0081910893639999,0.515049011,0.252018094307,0.071407831213,0.0035522278079999,0.4895143147611959,1.4652433667058222,0.6297929389863426,0.2078030349086581,0.3101012548349884,0.1552730898724362,0.14647545157462,0.3403202287666574,0.2350757840328122,0.0326330479004063,1
2019-07-12,-0.0905910138972103,0.0013655227255,0.047845540701,0.216976994041,0.0019355424279999,0.024006724595,0.1156077726419999,0.2724556160499999,0.247306165575,0.048545465656,0.023954621182,0.6718816835789971,0.8927430226892964,0.6896733701954539,0.2893099495760433,0.2426038704247206,0.5202958028657978,0.1616891088681384,0.3584520534808145,0.2709866291061116,0.2322478984361526,1
2019-07-15,-0.0942349063232541,7.74161121e-05,0.013011734411,0.18481281808,0.005468551118,0.0166403786,0.239668417318,0.2398956693,0.209664195563,0.086780368547,0.0039804420769999,0.8209221398688579,0.8785556964545129,0.7206681229615202,0.4118103100478508,0.2792149255228048,0.2577439302419264,0.1884792826089685,0.2570395005222687,0.2761749382566671,0.3598513267710333,1
2019-07-16,-0.3062044665217399,0.0019429973797,0.002406140208,0.23993196911,0.000295417192,0.0123427061749999,0.205899237288,0.2825265384,0.1491626088929999,0.098439407841,0.007052955241,0.670590633037135,0.9274330560394626,0.963917445477037,0.2773676669905389,0.4110097235047926,0.1815956267413832,0.2143140821129852,0.1852730349585215,0.1263491951496086,0.4404871616234486,0
2019-07-17,-0.0488042009063065,0.0060836021035,0.0464240988249999,0.165219015808,0.052234858237,0.017102672628,0.2205808081859999,0.137567394954,0.201852274512,0.128157996025,0.024777237961,0.9796388440905638,0.6658075073083326,0.3693933067521555,0.2597823323187137,0.3504011612630853,0.3559645379618833,0.1560445759917763,0.3227964659674754,0.3076675520320412,0.3824656325149714,0
2019-07-18,-0.0498207689262926,8.278913330000001e-05,0.061573718021,0.14349789904,0.022227147532,0.058529938761,0.032159333863,0.400908425148,0.2253815530619999,0.05432414256,0.001315056327,0.4441532038948962,1.022381129515018,0.6034186809353954,0.2915660082159448,0.2191452092608755,0.3885409503334471,0.1106902991802601,0.1467802503040221,0.445653471277876,0.1672987581104054,1
2019-07-19,-0.3842672377824783,0.001300962207,0.002888939721,0.0857806622359999,0.000274086961,0.04933382317,0.097275187232,0.33735191,0.370708603043,0.047411321488,0.0076745037064,0.9225679764002994,1.356770278795391,0.3756148012425217,0.2113236509455003,0.1844266634132213,0.1617688823210181,0.1455088372216146,0.4899597732518871,0.3573514395984735,0.1008156658191605,0
2019-07-22,0.1618774779140949,0.0009030985337999,0.002857324354,0.098965404549,0.034606265023,0.093414148655,0.034048236047,0.3109471104,0.335483853568,0.075144467199,0.01363006843,0.6504002097211912,1.3045399200232466,0.5248218064490808,0.290575071877525,0.178709330547241,0.1503823134509622,0.1287041714989791,0.5039747703764479,0.3578735819966348,0.0575380179620656,1
2019-07-23,-0.3187606221064925,0.0021002545167,0.113958895952,0.254973659385,0.044751003251,0.052295377576,0.251556319585,0.034649942133,0.059368801038,0.1627123959,0.023633324485,0.7766909329630011,0.2832714006603541,0.5259601010906467,0.2667958966378317,0.2323918383283132,0.4737738532086999,0.2088858993407104,0.2356593936466548,0.1613742013747992,0.5321032694811787,1
2019-07-24,-0.0009785114787519,9.71412781e-05,0.0465084877759999,0.1570482779,0.014042471124,0.009374134665,0.2804609569819999,0.224800811881,0.189459177202,0.062721922211,0.015486576076,0.7893330587728956,0.7449922879689418,0.4730197565301587,0.1988368867370256,0.1508061645233588,0.3072885498662681,0.168071799288393,0.1615106339288598,0.3664784950746904,0.4447888311532314,1
2019-07-25,0.0149817985482513,0.0012633384395,0.008279892128,0.034393773558,0.002220009095,0.013748836592,0.3536288475749999,0.3665042612999999,0.102658079569,0.040378252738,0.0769247022004,0.9697321699126018,1.0175612530718428,0.4617700369914268,0.1851964342987593,0.1690472477798961,0.1190896368344887,0.185200369480547,0.136544449473905,0.2445247439226662,0.7183650006010428,0
2019-07-26,0.0666307248175143,0.0062465201585,0.041144858644,0.221786106651,0.0070472050169999,0.0666317612079999,0.0718868187879999,0.317689317106,0.127139261924,0.053759082494,0.0866690641545,0.5195667671657292,0.9997338533524676,0.8371397401224516,0.2197984428980972,0.2382615828054811,0.3002891528334448,0.1940152311313512,0.1646261509904144,0.1631553713543124,0.224516723275413,1
2019-08-01,-0.3920755356550217,0.012066325332,0.2503319006,0.07618198408,0.058968280272,0.028236933534,0.077475441898,0.13251356244,0.1512499356,0.13648653768,0.076489054608,0.3276475808645763,0.5122041002355255,0.2950561088050146,0.4148042509425861,0.0342648715661445,0.2255771171743144,0.3121660376040493,0.2604016594684717,0.0488293861174333,0.155601498828787,0
2019-08-02,0.386199340224266,8.6335972e-05,0.0733128099999999,0.24104786,0.00027876349,0.050159551,0.0717987792749999,0.1107813724999999,0.215773532,0.03996348523,0.19679748117,0.3772960019685789,0.6031056153333938,0.5482541367470438,0.4911599150430768,0.0539265367572968,0.86682149073712,0.1466460262402169,0.8588144511184648,0.321964776952377,0.1619917808861243,0
2019-08-05,0.1134856045246123,0.0008403543,0.036732690859,0.205725609,0.0051150166789999,0.06919403541,0.121215309357,0.281804972695,0.1977034260959999,0.076716600488,0.0049520049182,0.9582790723082129,0.7554278612607707,0.2888367419286658,0.2007611655754761,0.1694978858536414,0.4547911427571936,0.2830334519378917,0.1216402544662837,0.7708411784882098,0.0967180801781705,0
2019-08-06,0.1596245231106877,0.000950938419,0.016801740264,0.177629451623,0.0220910409479999,0.135789162687,0.0031441862699999,0.4316425526099999,0.152552106637,0.049903628546,0.0094951998456,0.5119313190524165,1.0908956806695984,0.5750458171446214,0.260498872222498,0.1962794716731591,0.5731142116965208,0.1637740347531625,0.140986827395234,0.3781035466472074,0.0222268182934824,1
2019-08-07,-0.0118056540377438,0.0010313400445999,0.111011475971,0.1603432229,0.0446175675009999,0.1199436342,0.008828360954,0.25437640208,0.230849233802,0.034647982524,0.0343507211604,0.5223451547060963,0.7706001537592193,0.6366196332430433,0.3378416149463958,0.1252148436402133,0.6197321929609626,0.1458488598494308,0.2601568164030163,0.4712343989083625,0.0371272828148258,1
2019-08-08,0.0173438168130814,0.0021101311928,0.022558757875,0.077165135283,0.006920008023,0.006652645168,0.130896419623,0.289811995012,0.379580419235,0.038508405885,0.0457960783835,0.9834179309105292,0.7171832252108556,0.5457763788056006,0.5044631647932767,0.2079284036769563,0.2655489745245983,0.1908664164927072,0.4573768403156182,0.5998685877900465,0.124983598371185,1
2019-08-09,-0.0241470115259289,6.97277799e-05,0.068432459436,0.3056834277999999,0.062556544839,0.0456630370479999,0.012352611375,0.264316948799,0.185389790473,0.049339908195,0.0061955128924,0.4888938935782324,0.7104730668906031,0.784924194595615,0.3269745791284181,0.1807446638175309,0.496290258819712,0.2139899364578421,0.1637158809999118,0.615739769551978,0.0684104078822469,0
2019-08-12,-0.0084430256858468,0.0017641532036,0.123699400517,0.17508615756,0.018216825451,0.0295578602929999,0.122292142714,0.1508744904199999,0.182851159299,0.060905231043,0.13475257655,0.5810744337892512,0.3405278926619937,0.5822719505994931,0.1009630987859106,0.1664096357239393,0.3349693083788859,0.2674073550557886,0.5440960765953122,0.3188282280768693,0.2211534944771112,0
2019-08-13,-0.0768207618966698,0.0013278399172,0.028291509064,0.149353565016,0.025425199313,0.049790296033,0.199717029803,0.23442939575,0.162080332349,0.149433355681,0.000151441258,0.8791892606813541,0.4969533197513683,0.3807626716466661,0.5319210734175177,0.2595458537759716,0.4138189366125801,0.2639574027574386,0.156045316603386,0.4334757441369694,0.1421912063909752,1
2019-08-14,0.019119250588119,0.0006437955054,0.169135248718,0.258312887719,0.010667064038,0.127943483005,0.116573429659,0.1085930084829999,0.1356423844349999,0.025333673233,0.0471550293705,0.6354569135501233,0.2328736143779902,0.5055782518113544,0.3484246362534534,0.1021882408240693,0.8771693867783128,0.1596605983054628,0.323712627671617,0.1869394954561679,0.1632131821135354,0
2019-08-15,0.0568890376016497,0.0007554444227,0.111033594985,0.134982406945,0.027586092111,0.040751940372,0.056229688041,0.316704452516,0.160414031008,0.14925423158,0.0022881216826,0.6545547347441427,0.5505521298744085,0.8005045497887723,0.5125141203176089,0.2114076246251721,0.362018923506094,0.1618794253916221,0.1324589985236378,0.1025582785521441,0.1546418755144711,1
2019-08-16,-0.2136795062571764,0.0025738884101999,0.0772165655519999,0.26497306884,0.043772576172,0.074268841344,0.051031802202,0.174551667092,0.12132661892,0.127048051697,0.0632368882274,0.6038693702117017,0.6344144388452881,0.6925460139005377,0.4649876717363232,0.3564204686250197,0.3696066002498016,0.2568577852343045,0.2453815427825935,0.208750330185707,0.1436313863002224,1
2019-08-19,-0.2500375452451407,0.0009863092065,0.034305009107,0.22577095208,0.008126949889,0.037988639837,0.008478393242,0.19277551254,0.36926023336,0.11596517384,0.0063428368425,0.941588696221618,0.8012914700671313,0.5392743725757406,0.6145392529011634,0.4974737471113988,0.276495106275433,0.2423754737138807,0.3548992867701702,0.2892022913329611,0.0401886372061565,1
2019-08-20,-0.1390836451202631,0.0010608775139,0.012854091276,0.051061739317,0.012063539075,0.0279037040779999,0.1487007919969999,0.336101695198,0.237644484911,0.1715131309,0.0010959439370999,1.027895207310619,0.7519542894478658,0.5545809402891178,0.681391230632819,0.4862754648128179,0.1325242552346737,0.2974701294221596,0.2294566172214177,0.1793609143009191,0.125327247343589,0
2019-08-21,0.0318946555256843,0.0006339429467,0.043039913566,0.0967458967009999,0.045642480707,0.0467071984279999,0.1165450027499999,0.389689061133,0.239221743773,0.013940183168,0.007834570731,0.8150777615309501,0.9497146970720308,0.5565682619262792,0.4234933530833207,0.0813828749715902,0.466825495227548,0.187412973840466,0.2418659676656196,0.2336759446522174,0.1417438594904248,1
2019-08-22,0.2900689911097288,0.001823410977,0.021838162399,0.075054435461,0.068309985825,0.065190380957,0.0093579524469999,0.532645748,0.193273233979,0.032392016935,0.0001146679836,0.5684802450209748,1.397448268929031,0.8235296672467575,0.4246797929994316,0.1636775722102045,0.259707331510567,0.1292226429054575,0.138565091199947,0.3888490277459339,0.0350627250030184,0
2019-08-23,0.3100284347310662,0.0005783027214,0.22043029163,0.143707105491,0.024059071393,0.16564936873,0.031630119042,0.331356269528,0.060396506646,0.022094277306,9.86963425e-05,0.4055795045499268,0.9763315484352244,0.4447778118742317,0.2237022751281211,0.1109393369105905,0.9033406639209528,0.1000423169808733,0.0328208449722326,0.3212168881264913,0.0232621904020727,0
2019-08-26,0.0280832183547318,7.3416421e-05,0.0804076983955555,0.2680624543333333,0.0251410586677777,0.1429171703333333,0.0979391314155555,0.0714165076533333,0.2803354295322222,0.0326157674155555,0.0010913282962222,0.91019000273756,0.3076651029065488,0.4751219715755836,0.3141404501586461,0.1042057154588738,0.8429989121319634,0.4156712989433272,0.3389665155278583,0.390610018925995,0.0689653338461103,1
2019-08-27,0.076977870054543,0.003231129529,0.080361142273,0.199305459439,0.086191072587,0.054993273094,0.106405513264,0.226634477163,0.156635704803,0.07403844558,0.012203773013,0.6592217161631222,0.5227762029412373,0.5192275988678322,0.2764474786300742,0.3061844972644096,0.6697700265272459,0.1883722238892222,0.2735844871397768,0.1780162597675388,0.2119516137994845,0
2019-08-28,0.0518450204282998,9.54643543e-05,0.141934432502,0.089489935779,0.0898058548769999,0.053824458059,0.2390599702849999,0.056745400214,0.198073474446,0.1027312407099999,0.028239765173,0.8715609737676043,0.1765340184674461,0.2687827841868712,0.4202242508997028,0.206217360637833,0.5998686387530539,0.2182803902805145,0.2743558309113649,0.2239805467500674,0.2581005678479737,1
2019-08-29,-0.0786047996953129,0.0088182682614,0.076856976082,0.167177387056,0.024887595468,0.084240324992,0.187960298959,0.104048475757,0.149335825055,0.19486842785,0.0018064271879,0.9566359751475813,0.2614301565992119,0.5656696709672067,0.8099949764369045,0.2358613812008418,0.5047709648961181,0.3715691584874687,0.1171437823280402,0.2008334162737785,0.2078525328405138,1
2019-08-30,-0.3346971241757274,0.0012428925286,0.114302850336,0.2658507234,0.019530915117,0.074106108507,0.133299378076,0.129299283478,0.188788151559,0.072819342747,0.000760300112,0.6894772214504075,0.3739312687028354,0.83335696334543,0.3644017824955332,0.2199563979623474,0.6788729193054559,0.1948127386622505,0.142211357024147,0.358573540705125,0.1891958822053812,1
2019-09-03,-0.0173245039768517,0.000713590022,0.012483283008,0.231395618773,0.0015959454589999,0.064597414417,0.208899438273,0.122500736063,0.342949328719,0.004881036151,0.0099835814634,1.1616129978082452,0.4841309259888575,0.4406394533463306,0.5068445322500695,0.0908710117743504,0.6191366181616162,0.2708183742747588,0.4581109504531692,0.4010307832259035,0.0786202424299053,0
2019-09-04,-0.1242165893316269,0.0128862561513999,0.0258863148359999,0.222123823935,0.087603356684,0.009596536517,0.061432568714,0.42076499878,0.033665603467,0.123885651088,0.0021548867149999,0.3725573777494365,0.9431944939001587,0.8298559919131325,0.1925269639098145,0.1978472405633423,0.3672307972982938,0.3251639018256331,0.0623407930633301,0.1295400560789413,0.1622532275512206,1
2019-09-05,0.2187108509242534,8.86010133e-05,0.188168620288,0.233488514031,0.1356630230279999,0.13835567056,0.094111051016,0.150500224756,0.031034820885,0.0266589613259999,0.0019305341383999,0.5474274794493301,0.4852970855024203,0.6483983314754808,0.1276524962297966,0.1936350613212584,0.8017206906906363,0.0681704013541391,0.1051178132476059,0.0899295786019517,0.0415751714721507,1
2019-09-06,-0.0062996262684464,0.004238523106,0.027681703017,0.2402081821,0.036445388272,0.006144772973,0.075765951683,0.3110086814,0.121940508609,0.175590054823,0.0009762147993,0.5846836748743016,0.6703686266247716,1.2975508987982658,0.4848323966315992,0.2957893147313903,0.2790260245726005,0.2421942156150191,0.1492352797582129,0.1041101180405732,0.1677785863377219,1
2019-09-09,0.0492183596827089,0.0020785809591,0.049963844253,0.279721045561,0.0517763319189999,0.120047471916,0.081435975926,0.210893785101,0.146354562953,0.052588453896,0.005139874121,0.6225359884523229,0.8010914358017202,0.6456380273096822,0.2519848554136114,0.3747733269852541,0.5607592337476951,0.1725520623250009,0.0985279225665598,0.3173882438623525,0.035477612095557,0
2019-09-10,0.1018107971176504,0.0034266143677,0.021405498033,0.20621532,0.058654484365,0.044592409496,0.2051234024485,0.183160017608,0.1098166071063,0.08873173655,0.078873884544,0.946351166585032,0.8025580109357826,0.7058535783739306,0.4149689413119437,0.2777840229064767,0.3286033216468638,0.2191636697673575,0.3213095581759643,0.0922901599910803,0.0732389852557142,1
2019-09-11,-0.041750119626522,7.01820966e-05,0.052173960882,0.117128939443,0.009157450283,0.099916580841,0.028489643345,0.41348732267,0.090861310889,0.118985954195,0.069728648333,0.3483665020874226,1.4910217359188656,0.4950578456182407,0.3270728243475439,0.2512144018112233,0.32768219734346,0.1736544729987357,0.2367940719730428,0.1128938947330216,0.0738749772543189,1
2019-09-12,-0.2119424106553196,0.0048026308694,0.0907582545479999,0.2241411804299999,0.018360893907,0.0788956252919999,0.0641724518129999,0.360947283807,0.0939810958594,0.063598356139,0.000342200003,0.5212510196758351,1.2834621727446578,0.5875744620117924,0.133449956660193,0.2461979158275344,0.57597641988244,0.1155672688355954,0.1079545475390509,0.274180507712266,0.0577784490399732,1
2019-09-13,-0.0008827373385429,0.0007659118666,0.006452525394,0.163075457588,0.007496199632,0.054517490062,0.037595391126,0.4095962199999999,0.287185619164,0.025526348668,0.007788814994,0.6092496828908771,1.5832380503199135,0.6476960080472515,0.3466849364016974,0.2132599363033076,0.5154282427965245,0.1994166428658292,0.1557774293915698,0.4286036882239559,0.0331946999347554,0
2019-09-16,0.1832726633176207,0.0049383504233999,0.042131416051,0.057717198277,0.015608728586,0.1031741629069999,0.051411218655,0.153933935718,0.359544083442,0.06704541239,0.1444954606896,0.7957479618754248,0.5377221357717274,0.4296214582614558,0.5463158197650024,0.1923924460952759,0.274071921426631,0.2222048495398474,0.7051455619795799,0.3514909693002796,0.0179461813135851,0
2019-09-17,0.2235832462087273,0.0030654595587,0.018721331914,0.026306090746,0.017090928833,0.065984079586,0.061968397053,0.435488178,0.15787573201,0.1136953870039999,0.0998043882874,0.5789076598195928,1.357844239256598,0.3332976821019615,0.3044267029752664,0.2978945559631208,0.0993782362748113,0.1825397817791868,0.6562929964427404,0.0891656989887621,0.0167330475660459,1
2019-09-18,0.3390374481678009,7.03764342e-05,0.0126950431149999,0.000777935713,0.016434350618,0.014492089772,0.021846217858,0.649891974,0.005585786735,0.273108339852,0.0050978662952,0.3814005164836322,1.7051874254439252,0.2764370236472483,0.3554440481074001,0.733088389343799,0.0654452894148843,0.1534843116934197,0.0170587034123347,0.0429857639190424,0.022788939360777,1
2019-09-19,-0.3315163511782885,7.95962225e-05,0.108365674498,0.083315384642,0.009461343668,0.05742074884,0.10080918521,0.321415819012,0.293996109955,0.0018051933909999,0.023330911666,0.8273470133946776,1.447704093766457,0.4682444948117294,0.5315908847480197,0.2010537714167453,0.2834054052912594,0.1636932739833169,0.3134709679452364,0.3180462328403742,0.0367844525827478,1
2019-09-20,0.4443493790924549,0.0015189137928,0.070627442469,0.0418661242469999,0.055954793732,0.14940474565,0.039236641901,0.267753941403,0.04603179852,0.241120478352,0.086485102816,0.4033559329012661,0.823131729720892,0.3568367672142882,0.3280663271249311,0.5830794986090213,0.3425378496358215,0.156916993350326,0.1976208461283649,0.126443899497948,0.0421833339554886,0
2019-09-23,0.2547436947934329,0.0077330389503999,0.043963156883,0.031181391658,0.153103143123,0.063323737285,0.0068600631994999,0.29598339049,0.156076326756,0.2300454549259999,0.0117302861187,0.4281006014723915,0.8338431911669701,0.1860717490658038,0.5718199057301824,0.5949045787894972,0.1702183851722069,0.180915166479868,0.1446017712044716,0.2572469146123323,0.0249643094256193,0
2019-09-24,0.1400238886475562,0.0132021940587,0.0388227807109999,0.2411969481799999,0.0961501408099999,0.245722893168,0.080538858317,0.129821232559,0.049966201947,0.07361416862,0.03096459493,0.3786920447389051,0.4373485573250543,0.8358495752603649,0.0833269940856893,0.1960494063623131,0.6448810509172642,0.1937844031522368,0.1842196606303383,0.1013916093689216,0.0161878312106359,0
2019-09-25,0.4117006396874785,0.0045195735364,0.1074293974244,0.048626001111,0.257030898596,0.131843184305,0.0005240010736,0.2249917488186,0.150291501975,0.054346113458,0.0203975711306,0.3040329135336345,0.4517596143062947,0.4468289679928306,0.1699354247734588,0.2173642003725344,0.4550967787810623,0.2373792456654083,0.2365957213854065,0.3567546894070773,0.045611287625256,1
2019-09-26,0.1010043836198747,8.927106339999999e-05,0.167089775815,0.2476009615299999,0.132224263339,0.113333742851,0.013155062025,0.228875398723,0.0272314793549999,0.052841629209,0.0175583892361,0.4048704265323216,0.5129112338409901,0.8009116416937327,0.0720480965556353,0.1833133974761612,0.6088202941774923,0.1759887901138161,0.1207004325629974,0.0531646936115145,0.0677261095423723,0
2019-09-27,0.128662044648081,0.0008547934937,0.1154100844999999,0.2040326420725,0.024529298459,0.059157361413,0.122620070589,0.142357464386,0.231213113664,0.033182062213,0.0666431189468,0.8389384218656903,0.4334946058526087,0.6814361577684128,0.2102487522001674,0.1658717942342174,0.5134563980154189,0.2457378430778292,0.375920421898741,0.216334890433634,0.1755050986179389,0
2019-09-30,0.1864340471103787,0.0245513639239,0.069992458479,0.107384420721,0.0419753635739999,0.0721308374069999,0.05449371546,0.1396316007909999,0.269229543468,0.1769402034,0.0436704888368,0.8172324367494304,0.2809438419538985,0.4178917516773407,0.7337334859818725,0.2716973940236939,0.2886163296825241,0.2410612670848395,0.326197821510475,0.265978357005792,0.0998702144830685,1
2019-10-01,-0.0512925456278026,0.0052081798202,0.0374346914634999,0.15487303561,0.010729021023,0.019721294234,0.136803061498,0.2682406154,0.231766156565,0.074201091241,0.0610228511239999,0.5888816749395669,0.9131926197398418,0.5889254006985873,0.1688017720201903,0.3407617102483156,0.2101503072432441,0.1254501911881854,0.1673205324697512,0.5314893398757449,0.1514429595850965,0
2019-10-02,0.2200081806629895,0.0013775090835,0.157793708058,0.091764161498,0.068669072911,0.144465849766,0.130573770431,0.179295927089,0.135540971309,0.076922686758,0.0135963170894999,0.6872589164089024,0.707608884295742,0.5186725752674214,0.0993296771498669,0.2044328619800658,0.575584385273685,0.1383516359665399,0.1973154708143557,0.1500780787801011,0.110799487139275,0
2019-10-03,-0.0408705973997712,9.96227073e-05,0.13937146266,0.129774096274,0.0139839029059999,0.117415478688,0.114560111819,0.190569920556,0.256157708464,0.03562547407,0.0024421937966,0.8346481258431773,0.6659813361036034,0.7566039790100854,0.2961023180487966,0.1361216089014356,0.682076731605034,0.2896125727321099,0.2816153757052156,0.1851290874912035,0.0389904177608413,1
2019-10-04,-0.1648011470213532,8.78551357e-05,0.004733779539,0.1952255631,0.019226847652,0.032780140979,0.165554115937,0.355737875492,0.169472324402,0.057040677503,0.000140824365,0.861332910079809,0.7724024284039118,1.2618098716271997,0.1592469972852271,0.1192674318377299,0.2878796866983247,0.1736137132414235,0.2162771100657584,0.1123499993161379,0.2017331189639397,1
2019-10-07,0.0520128350704908,0.0028008651291,0.223660065572,0.175097935178,0.0262687159239999,0.101368199814,0.0767204353,0.148162040995,0.2132463352019999,0.025203158142,0.0074722577695999,0.6210371583364006,0.3698654135911124,0.7881297860752943,0.1840840286031624,0.1643981145500224,0.9055424878800494,0.1684608865350335,0.2178843228478209,0.3446208813090357,0.0791675357010357,0
2019-10-08,-0.0869254767894744,0.0018447381188,0.011690143453,0.1029974937735,0.050621972337,0.032841811978,0.019804651286,0.53159784696,0.0584984397815,0.188268285953,0.0018346172594,0.6579932209635627,1.198005305466994,0.3571768066193604,0.1207204436835794,0.4504824149630433,0.2143467907594499,0.1613161261915936,0.0605863665958293,0.0829562220945877,0.0485736134531227,0
2019-10-09,-0.2400318384170532,8.48135858e-05,0.02781884355,0.1943235014,0.0143509220959999,0.053228442104,0.2918179835189999,0.19313731107,0.1240073090549999,0.008349015734,0.09288181072,1.381333292362772,0.6834216121529486,0.5104237661902757,0.2061419151834422,0.2510266479976704,0.4925392211294971,0.2342864033652088,0.2073755068283875,0.1296280277915804,0.1393639853217569,1
2019-10-10,-0.0204944919794797,0.0069812250746,0.234705171843,0.166163663758,0.162617675483,0.096495242328,0.0118643074379999,0.166250157482,0.0205033020924,0.12444997189,0.0099692884064,0.2249242958682312,0.4830538806249805,0.6897085932947676,0.0934755819755459,0.238648580512672,0.5089545202033989,0.1508810961847652,0.2563420116179464,0.0367338945525475,0.0709104660366408,1
2019-10-11,0.0536788448691368,8.822572833333333e-05,0.0284776395022222,0.0412545702555555,0.0266013485722222,0.0760047079533333,0.1681742436566666,0.3445568420222222,0.1517265811333333,0.1567372459333333,0.0063785667372222,0.6864850648878174,0.8764482358908093,0.2658144032874722,0.3377720159615739,0.6254274020603938,0.4094207558843806,0.1334243203660766,0.3008824075922487,0.2078495675968704,0.1028068881193007,1
2019-10-14,0.01603684714064,0.0033316329685,0.078945907775,0.206544060885,0.009296880132,0.14408919802,0.30434256298,0.113242011465,0.044935142881,0.093402264865,0.001870267993,0.7876279221018132,0.2370756558967223,0.553253586169801,0.2500323436576507,0.1191856645863801,0.8555312544603846,0.2189359945525391,0.0509327890231548,0.102052127321631,0.2099348674415723,0
2019-10-15,0.0249510178342461,0.0031021483668,0.049569995707,0.201030908873,0.060349980207,0.120885553221,0.141787159642,0.219932475155,0.0837848405249999,0.115740354954,0.0038165600493,0.6166471602724488,0.5220090807102838,0.5843948947659239,0.09847245248732,0.269458298960029,0.5592427174631694,0.3137871550668428,0.1012315422332915,0.1005699346998158,0.2822216762774512,1
2019-10-16,0.1623989854007959,0.0027163356825,0.0134167639409999,0.170978085572,0.265740753272,0.137260279528,0.08626756511,0.156235905557,0.0275781050834,0.13968276836,0.0001234323415,0.6784197936210986,0.5981589287977289,0.6840841635353184,0.1229805092132533,0.3514146201614782,0.4239206906213147,0.2028706309855264,0.0643566799057565,0.155096339988953,0.0823540465377552,0
2019-10-17,-0.1809307397343218,0.001332281199,0.01159323932,0.130779959986,0.022814005784,0.0483524323499999,0.364706602436,0.102923374005,0.119036674336,0.1973551101599999,0.0011063072919999,0.96966804519608,0.2545641108521263,0.4557554361502761,0.1192505377324273,0.4460570085099146,0.4659122398977315,0.3244205619035406,0.1624328991007955,0.1541473798890179,0.618297440940929,1
2019-10-18,0.0486009502783417,0.0018634407528,0.0016461615009999,0.210831076842,0.010756980852,0.1233766960039999,0.018880938404,0.38943536,0.056543189999,0.1857388907519999,0.0009272769815,0.2782540671966975,1.0776278022966008,0.8328149233966444,0.2736128288850949,0.331485136780352,0.3458499836603063,0.1813889694970482,0.0425436137244713,0.2335439497626194,0.0898920401342433,0
2019-10-21,-0.301918151602149,0.0021974090329,0.031381590276,0.113237996998,0.021725214509,0.11269718285,0.28381780404,0.046084916292,0.211332284378,0.171400176996,0.0061253744634,1.2430973711504658,0.1517270995209112,0.3959722605829218,0.3405531142749729,0.1905882154060133,0.5521111163638976,0.3024192466590794,0.2301336375334488,0.2942970651715278,0.1408279893060225,1
2019-10-22,-0.1505557987838983,0.0018561088401999,0.11024382159,0.020236599823,0.023879379804,0.042170953853,0.477931560554,0.113714294985,0.111180448665,0.053605381816,0.045181412669,1.338756775943203,0.2164181906349745,0.1151764735852829,0.3149887217711766,0.0696630793123112,0.290437215584165,0.1678705229099903,0.3491749788014089,0.0685927851959796,0.5318647859853332,0
2019-10-23,-0.1210771769285202,0.0087344507095,0.1548329331,0.021887084669,0.0916327716569999,0.031087941783,0.431233474146,0.03736582462,0.096838336268,0.111767635166,0.0146195534875999,1.0886523828687045,0.1811409236548772,0.1632094346920118,0.036799355135632,0.3176851739595043,0.3016768537347955,0.1704762596779553,0.1596011864943948,0.1083149666509184,0.652200493492372,1
2019-10-24,-0.0115428254008293,0.0029300313733999,0.005745842114,0.143504550752,0.1112094281579999,0.063756203862,0.02278795391,0.449785732605,0.0611659536455,0.138519553,0.0005947012414,0.3750252385262415,0.9754465092432882,0.8297357221281347,0.3229194407553756,0.4986336843833602,0.2703828290798873,0.1475435938138543,0.0891381044571578,0.1718817565577432,0.1977410897976571,1
2019-10-25,0.4278625337406992,0.0060941619404,0.103789371618,0.110866323152,0.117312871508,0.096453953435,0.013634207329,0.330641549192,0.0911722941356,0.129565512795,0.0004697431103999,0.4234264310593756,0.950730223573907,0.8003787323092411,0.4926016341046981,0.2665875864922879,0.2976465659490291,0.2784345790275663,0.0802953172319499,0.1070050346640039,0.1826241257158053,1
2019-10-28,-0.4738053280860185,9.44020261e-05,0.051744936022,0.115217152138,0.007898520633,0.050466100082,0.430281017321,0.12621012295,0.196115272477,0.021821159629,0.000151318475,1.1797203440149056,0.7094375250935696,0.3310370426605251,0.1197836368925216,0.0869731299961233,0.5906097481369847,0.2304282953125737,0.0973377014531113,0.2647751309970751,0.4000684372017182,1
2019-10-29,-0.0436691271141171,8.358178830000001e-05,0.072114661639,0.037804107292,0.146846305144,0.030913776065,0.356481557133,0.15490285094,0.186762736365,0.013956431653,0.00013397455,1.0411461101700394,0.6305273500377723,0.2925344592668559,0.2072199094232775,0.0556969204517192,0.5457680626720407,0.1064764388534993,0.2403196525807938,0.2223852244758853,0.6663828186917689,0
2019-10-30,0.299061157926917,0.0007317896939,0.0342852350424,0.1912092885479999,0.0561666130059999,0.027767866359,0.066662531449,0.50170800135,0.0673640777485,0.051742919989,0.0023616555971,0.4999242556143111,1.358880113915129,0.902380404591182,0.2928795581465366,0.3365704366944046,0.2505487807655834,0.3340642699186351,0.0715421740194125,0.0669936080652626,0.2134324081026922,1
2019-10-31,0.0005268129520118,8.1452903e-05,0.015985791761,0.1806860356,0.001336734575,0.01797116593,0.06606694987,0.364569895,0.279341452277,0.063432396372,0.010528089232,0.880705174147795,1.271332609995498,0.6672754049649379,0.4681578877504853,0.3104331782812433,0.3649073308811387,0.236832446126998,0.3088237441090771,0.3603004865021211,0.0676205136960135,0
2019-11-01,0.0022249939851462,0.0051696766411999,0.0136290470975,0.2290773303379999,0.015216410007,0.06299611707,0.031641795029,0.420384565,0.158516309633,0.06006007879,0.003308661458,0.3776694618416826,0.9012498880452408,1.1596808544647117,0.3109494818181743,0.2107560042442667,0.3829434628035646,0.1677949295458286,0.0182652705714198,0.3764290530345274,0.1965310180988243,1
2019-11-04,-0.401245841383934,0.003236789659,0.055516422317,0.130679002148,0.120186319231,0.102534370135,0.219693409503,0.06230910802,0.192109896706,0.0330146091149999,0.080720038496,1.1279550521977786,0.3289053254753969,0.4618604835996667,0.2228114963824551,0.0359257866785063,0.6198128234512937,0.1843775326933248,0.4776756528677539,0.3110263733996801,0.2570496301009904,1
2019-11-05,-0.0367531724274158,8.45236548e-05,0.067438998228,0.1935810843,0.059897149117,0.027838484718,0.2163926499035,0.160146837112,0.236934177937,0.017348377316,0.0203377191935,1.1067637501378305,0.3777273881107992,0.8185167966505988,0.2101749083487811,0.1371153053603761,0.4393958036024489,0.2386430494093842,0.2901138521082094,0.3042535154307429,0.2118521141614489,0
2019-11-06,0.2085380593314766,0.0015085093474,0.040714573582,0.25441173704,0.0069857058729999,0.061340752538,0.082767989672,0.175388102057,0.279866093467,0.08594343484,0.0110730835974,0.8009353265732908,0.4708790737442462,0.4460509915314509,0.2806186944586776,0.3994437784316038,0.6484761725715068,0.1379079828028484,0.1859915834759494,0.3545969272107585,0.1674743914350314,1
2019-11-07,-0.4624340958893299,9.2181805e-05,0.1016835059,0.070495293212,0.024609523334,0.100395643245,0.234831871488,0.152720535022,0.281151544818,0.033872133499,0.0001477596485,0.9405580035850136,0.5344020278309685,0.3812979543605584,0.2184628860107753,0.145129526087291,0.769432484869171,0.1655130677799376,0.3404663900046691,0.3201806262944312,0.2713479507512588,1
2019-11-08,0.3272804336622357,0.000928720491,0.060839857084,0.164190711056,0.0447917649749999,0.125787391394,0.148704319261,0.201308131105,0.134850337554,0.117607122585,0.0009916173365,0.7113336271882164,0.5895635557006457,0.5670068153359711,0.332218866557541,0.2407211607004367,0.8507785976275507,0.3037921814070609,0.1877397662450285,0.1118860463490041,0.093014256333189,1
2019-11-11,0.0842600813135504,0.001468015614,0.047681298953,0.141123971503,0.018163069833,0.15806223192,0.280719380853,0.139891995681,0.138887149848,0.056279112619,0.017723725151,0.896537587537806,0.3767917167763117,0.6195205623732826,0.2632565722865214,0.1726674051311251,0.714681803299985,0.1922955090444832,0.192892606204652,0.0948664863508797,0.1098742848876336,0
2019-11-12,-0.0325745582580566,9.52888688e-05,0.094678538023,0.031426944303,0.0583007962349999,0.0959615999479999,0.229993873062,0.221428410688,0.178754949596,0.0892068551239999,0.000152740011,0.8444702029011694,0.5480320163408592,0.3814460244497294,0.262177062731965,0.1582027217754995,0.637432475207077,0.2164304417356501,0.2091675138646202,0.2174539894882764,0.2486339545148547,1
2019-11-13,-0.1351918769069016,8.544202439999999e-05,0.007883928995,0.158980028325,0.0464317546429999,0.034073284007,0.126675441467,0.3357578512219999,0.277921320014,0.009595218575,0.002595685218,0.9094990538906196,0.9716252095703094,0.6248321467017404,0.2567349331502918,0.0969833102787571,0.5946983716001945,0.1897583672541724,0.2857779903421774,0.2652242322887506,0.1333678799086027,1
2019-11-14,-0.0457519005984068,0.0056710314877,0.049412192221,0.276895774055,0.008048809806,0.052030000396,0.026248553587,0.290208450087,0.109551621348,0.1781394026619999,0.0037941408983999,0.4778222094892007,0.8022317893344404,0.8734429787602919,0.3338351168194385,0.355777645260414,0.5712931686593166,0.1469607341982032,0.1234375273588975,0.217015674349197,0.1224732663702753,1
2019-11-15,-0.1021011877804994,0.0034370376272999,0.043313682823,0.200360418081,0.059197451518,0.099588927583,0.1157814757729999,0.095487997348,0.237655404786,0.14506576717,0.00011181861,0.75277214616941,0.5746659184615331,0.7130385003523927,0.4609028776252623,0.3062492076058414,0.6296269126300138,0.2828693440115248,0.2346585584996737,0.3349863997009971,0.1790595491792814,1
2019-11-18,-0.1356615980155766,0.0013746997474,0.031806800472,0.122740380527,0.017359710303,0.069150175933,0.125518041423,0.24652143827,0.3362587552129999,0.047387353565,0.0018826363355,1.0736315820119242,0.8345854786075982,0.5699542476680789,0.2943053498303538,0.2109303962774976,0.3727085383584496,0.2025208923525548,0.2641117091555798,0.2688268320463587,0.077684142053209,1
2019-11-19,0.1445631901733577,0.0034465329409,0.059975052053,0.132492816802,0.024080663855,0.128941345993,0.185840676287,0.27499864652,0.152821868366,0.014862506784,0.022539830905,0.6018161031951452,0.6371876374577321,0.4638510441050704,0.1319821761755022,0.1572180120154943,0.7396308534642971,0.1090157189374725,0.0278648673660681,0.3809798539895582,0.1707198209554974,0
2019-11-20,0.1989471251145005,0.006103021619,0.0462502919155,0.068080543183,0.108516086606,0.1010546216279999,0.094491182558,0.31870464063,0.161839186668,0.0948158463219999,0.0001445647636,0.6613123376498113,0.9014687343760602,0.590285547629418,0.337523798581832,0.2615640384626919,0.5900622667682636,0.1333511497811264,0.1636790683748879,0.1040592789507448,0.059381954682226,0
2019-11-21,-0.2420224860310555,9.7059994e-05,0.03205633755,0.272377371187,0.015036068108,0.105418311706,0.097145537822,0.128339868369,0.197971051829,0.122824718243,0.0287336456,0.6284599968629986,0.3784287158062214,0.6032627308431197,0.1190044031426802,0.3610596739772796,0.7341203939406765,0.1392811367325849,0.2078064387217909,0.3043163188690704,0.0574619612544965,0
2019-11-22,0.2130421988666057,8.27849284e-05,0.037814061507,0.102354082576,0.0247660297689999,0.13384983953,0.23812807051,0.093821738668,0.116782474691,0.058037540616,0.194363378177,1.1217794117575983,0.1706853725248257,0.2763375213645035,0.275694390163908,0.0550557982226552,0.5411021297545939,0.2236155830370698,0.5261940115483048,0.1075714325008662,0.0897463646220117,1
2019-11-25,0.4697394356131553,7.55647012e-05,0.1864113136079999,0.128791350963,0.014530597796,0.199073840569,0.088627476645,0.074928057733,0.0847517211005,0.0497994254004,0.173010661466,0.5546787124693054,0.2453045338564855,0.4003826981723978,0.0948506396897902,0.1374581481327822,0.5602689573704488,0.1983801555444489,0.5801134016584554,0.206698429777472,0.1918421584739836,1
2019-11-26,-0.0122119337320327,0.0044381182681,0.0370506340509999,0.192913593141,0.0307699755779999,0.074893954835,0.137972460477,0.259346887943,0.125264557416,0.1232641641089999,0.0140856309486,0.9102627282185722,0.5800325722935047,0.5258181651205447,0.2263902607031245,0.28095503949191,0.3711844896699015,0.1936038808976874,0.2521267063110096,0.2218883910214006,0.1801183539366579,1
2019-11-27,-0.4234232768416405,0.0021747195127,0.024571351037,0.2561219255,0.052765521785,0.031116017848,0.105223372816,0.1422036115265,0.281999531638,0.103698727676,0.0001252277692,1.2203332924617267,0.6648837996847836,0.7933394476757021,0.3323256950726739,0.2959490396565766,0.4158883166840145,0.332230555035711,0.3797887352283816,0.2361132051277748,0.0672494199183407,1
2019-11-29,-0.058381524682045,0.00294569079,0.014732233836,0.12669770752,0.00508254987,0.08062914289,0.086398391847,0.14942509947,0.333808634983,0.179650593935,0.0206299388936,0.921850715917025,0.4652746414299501,0.4851149140900948,0.2560682951222996,0.1799653263546133,0.4003366871993067,0.3563939948531875,0.269839664244533,0.5955077793128895,0.0237296805327849,0
2019-12-02,-0.190511972643435,9.5168208e-05,0.084380747147,0.262175943563,0.045857878557,0.101411667364,0.198522384849,0.042135913622,0.232559009554,0.018449074379,0.0144122001589999,1.0723631363184367,0.2914151006429863,0.4301483391534343,0.246535161187518,0.108940934530932,0.825673844274854,0.2373177939047342,0.4163290716394293,0.3124385322997035,0.0597035605967442,0
2019-12-03,0.0306052684783935,9.33482987e-05,0.121685844458,0.1618529636,0.010171975744,0.2644429319,0.020413033498,0.149474195079,0.255614353269,0.003205342031,0.0130459812159999,0.7129119712054507,0.2566198208500698,0.2729665018821404,0.1664480217868197,0.1145318267079355,1.067917862611292,0.1586306095881788,0.1430165027813635,0.2398361864838479,0.0405837575697168,0
2019-12-04,-0.1711582506075501,0.0019273563997999,0.051344407122,0.2420262039,0.054511101944,0.050856332608,0.201610624625,0.050628666732,0.2070187060809999,0.092208960442,0.047867651933,0.9080521984729156,0.1682094813540147,0.5403091641097058,0.3085332475231093,0.097795637043923,0.7574765774362263,0.3549521407194108,0.3509880804112509,0.3608576717111786,0.181417502613598,1
2019-12-05,-0.0644049044698476,0.003782653979,0.037554171976,0.29694757,0.005939228489,0.0927773029459999,0.114168206461,0.167677594548,0.2040436330506,0.066024073383,0.011085570018,0.5651048415830363,0.3153624272620408,0.7899797584577986,0.3987993976280503,0.2091405311922885,0.6964007718258781,0.2142852123490416,0.2538453048196947,0.3350016933427545,0.1174584972906068,1
2019-12-06,-0.4453767955303192,8.01089043e-05,0.040768572409,0.2511802316,0.013854618065,0.046010196833,0.13315055582,0.3365485099999999,0.152113497009,0.009931218708,0.0163624672576,0.6460663347395692,0.6630912072520845,1.1354282776131912,0.2031380383279962,0.0708024026999731,0.6899352092419593,0.2084900433777161,0.2285791511902299,0.2216917752551469,0.0700336675070628,1
2019-12-09,-0.0190339056774973,9.11731116e-05,0.009114274473,0.179960634816,0.085141901836,0.050819867613,0.037475805842,0.17217688865,0.339023102783,0.113610976615,0.0125853950365,0.710150796923047,0.6459068205625846,0.8850874226315056,0.2276419523950006,0.2745760755116452,0.630932544092411,0.1302064279168951,0.439249992245704,0.4469695327175621,0.0612481827463631,0
2019-12-10,0.1127884094603359,0.0006897395450999,0.106783152828,0.1919613803236,0.082655188425,0.13925511388,0.020715147394,0.182223755439,0.2507510909214,0.023042659468,0.0019227528582,0.7542473516384877,0.684873453813872,0.4532009996019823,0.2494358148593105,0.1006319315400184,0.7441285487634157,0.1963872284976117,0.2348199241287417,0.3396603200887674,0.0210130498031542,0
2019-12-11,-0.0752577554434538,0.0013416825851,0.0284749063879999,0.116489388945,0.0140618745639999,0.031269816425,0.141425118846,0.5222805214,0.1260243352849999,0.003614248148,0.0150180909394,0.7518153207626579,1.2923982874426545,0.7795664731392159,0.1507648169903584,0.1218703193944795,0.4218634924337205,0.2149871497931541,0.3230909481380777,0.1921781841285624,0.0540979831953246,1
2019-12-12,0.2510965157300234,0.0071245607891,0.0544843075069999,0.099407760259,0.013996962007,0.08159245171,0.047607623858,0.421645494136,0.1185172415799999,0.15344832507,0.0021752612763999,0.5965583146300717,0.978943841152601,0.52987306424263,0.267063517396412,0.3892552091876314,0.434742490308808,0.1276187896319394,0.1750801801287048,0.2570082711710323,0.0,1
2019-12-13,-0.0225806310772895,6.72406518e-05,0.1405653816,0.123800451623,0.130897729744,0.091944605318,0.1467320175,0.056438185862,0.2796157077584,0.029679646247,0.000259027597,0.737427988174433,0.3177749964606036,0.3206913841349378,0.1153306432743543,0.1231774911092231,1.1020570079837375,0.3216740217163283,0.3226524402389589,0.488468613505164,0.1363584561627974,1
2019-12-16,-0.0608026057481765,0.0028316868794999,0.17061965179,0.112970653542,0.063212531969,0.0569186056199999,0.099760524233,0.093428978558,0.290270109116,0.075211406006,0.0347758400164,0.6976519666349233,0.3638127617924038,0.4130472324609928,0.2288290389464621,0.3261460806071369,0.9527755372543684,0.1661824664271835,0.360403035554693,0.2539404703485838,0.0134832556164261,1
2019-12-17,0.2904014586471021,0.0016755357213999,0.107713248102,0.14129393798,0.013981033419,0.034149323169,0.0657232664359999,0.291039111637,0.12960695072,0.085430005447,0.129387550449,0.6270178442777958,0.6460331988525865,0.6194627831508205,0.2612567024615673,0.2640993483466117,0.4407939073885295,0.1121684653844731,0.656451987258971,0.1402993163619701,0.1812617017424005,1
2019-12-18,-0.4764790754765272,0.0001000777015,0.0070534787769999,0.086176219338,0.10174452797,0.005898096304,0.31794430637,0.1701437672,0.197471372497,0.0529196862639999,0.060548452854,1.2143596769730611,0.5986389004885235,0.5752632016549711,0.2384579022349085,0.1724585548163809,0.2953967258367356,0.1526711754326282,0.4069075003375091,0.1685857947497425,0.1823596049175495,0
2019-12-19,-0.303574188798666,0.0004857229567,0.0139450533429999,0.1971330405609999,0.112227338958,0.014124201809,0.035089951729,0.3119612271,0.2646201433273,0.048574057073,0.0018392350463,0.7215893131042324,0.9962669327151354,0.7170791902794125,0.103355728312765,0.3099621645001435,0.3290058343116777,0.2828025047403363,0.2095003879134832,0.3238664241039616,0.1584619756509533,1
2019-12-20,0.1357912065461277,6.87879628e-05,0.0195075351244,0.2419580772829999,0.0992915769379999,0.120236726397,0.1037888748889999,0.1141330383856,0.090280743983,0.209102170393,0.0016324566831999,0.854602157850411,0.4084825592910091,0.7672482103383486,0.4211148445568956,0.2521891042306562,0.400213583932548,0.289495889283736,0.0403380949472036,0.1801548193282296,0.1316347258515586,1
2019-12-23,-0.0482081770896911,0.0033345243297999,0.122138485928,0.08388629545,0.180989087606,0.006042985281,0.0849247158779999,0.054624164597,0.212565882183,0.2329758722159999,0.0185179610379,0.9267570326216128,0.2574272773414677,0.1396807002032513,0.5244356603379954,0.3716847845697091,0.4755463496888172,0.2581824187005508,0.2828745681464154,0.4834542472099611,0.0167580008307932,1
2019-12-24,-0.0426944277249276,0.0001122432144,0.120029702314,0.138621366896,0.007953304555,0.0597825932929999,0.2450681422419999,0.058482090438,0.271509764335,0.010516229501,0.087924572573,1.249616687787985,0.2810215159280085,0.2333324323813078,0.1644093595033627,0.0945800891046884,0.6439600855207646,0.1768981859763445,0.6520624316399946,0.4051310861790771,0.0344861347222392,0
2019-12-26,-0.564692435413599,0.0001216424714,0.0128959860359999,0.10010524588,0.05041701884,0.06794652067,0.57556472194,0.0036724615769999,0.133758976781,0.033355602787,0.022161800081,1.7780313821195768,0.1599495175453968,0.3769210207646419,0.1389212290815515,0.0294338943748392,0.4130805609913347,0.131610728498572,0.3825972258473196,0.1021424942831397,0.0845372014536592,1
2019-12-27,-0.4276623398065567,0.0001061748905,0.03483704721,0.190776534006,0.015818399591,0.015725069881,0.2346625406349999,0.081142331551,0.268109848698,0.073683427367,0.085138592172,1.2101793504154608,0.1809910753854809,0.4172639297095097,0.2141414302842234,0.1172246386169093,0.3479242523015268,0.3067572033693594,0.8138913771864379,0.3082387274228673,0.1238585077136617,1
2019-12-30,-0.1931437253020703,9.26671234e-05,0.019307805145,0.046888363759,0.00666480503,0.024400419887,0.13502576951,0.0716445399629999,0.312904709286,0.158048776438,0.225022157247,1.217165906204278,0.2232871614657169,0.2331430625853476,0.4163777996607194,0.2205981126161148,0.2377282916801621,0.2730095166419075,0.8645475750169513,0.3178798168310728,0.0984666136645585,0
2019-12-31,-0.3510804292745888,0.0001052789121,0.018369115448,0.215412468942,0.002844534191,0.021656864206,0.2242242023469999,0.107108086182,0.3028226996199999,0.10728798387,0.0001687532066,1.587626997284689,0.245611749384517,0.3923715237112931,0.1872592398199034,0.1728135645724686,0.3958336091902781,0.2369926641656894,0.3104643059150818,0.3114698358880042,0.0555579956762455,1
2020-01-02,-0.2066664919257164,0.0056230502983999,0.010572807656,0.1577467632999999,0.146751177432,0.017423901999,0.082891205693,0.1404544113699999,0.346767407189,0.091628343091,0.0001409257906,1.104426946239934,0.4210374617430052,0.7033509029802827,0.2318501402308804,0.2490463043312183,0.2302421852160891,0.0718790215276741,0.441836746607149,0.5346606092854422,0.0370832711550113,1
2020-01-03,0.0127878081984817,0.0009069053358,0.137341219405,0.130743648755,0.030720746814,0.092464257764,0.0137633457399999,0.452351871825,0.0925873883679999,0.036518683172,0.012601897693,0.343002571598865,0.6893505871398413,0.7698578772116594,0.2115508406566945,0.2389651081773564,0.459161620521019,0.0351010373356773,0.271204815207597,0.096555796637274,0.035923470959929,0
2020-01-06,0.418188837915659,7.80519772e-05,0.070082709801,0.067772242847,0.098191494119,0.177217581945,0.100719553743,0.248409627888,0.053720311443,0.127513615558,0.05629476498,0.710682925390455,0.575055136184318,0.4527013063786528,0.2308909039633843,0.3409365577966198,0.2839206636853878,0.3072295991825416,0.2938130757184688,0.0274478311185599,0.1348850537940669,1
2020-01-07,0.0436685757711529,0.0035140494793999,0.053762648938,0.262758821822,0.075651506943,0.038944201281,0.0474119353039999,0.029750864841,0.249487966106,0.125048402813,0.113669600001,0.466255863419385,0.0680227812430766,0.5464310561683957,0.4357962278011899,0.2525620669684768,0.4062443360708414,0.2019369014740248,0.4881801238269504,0.2060496589711584,0.149053875365636,0
2020-01-08,0.0264706103131174,0.0007089718567,0.068734090826,0.188633409779,0.028656971296,0.1465042515,0.022069412287,0.0981264835,0.219498958718,0.11377889084,0.1132885149269999,1.079494953728587,0.066557872996374,0.5411056420705261,0.3260744192245754,0.1019517543114732,0.3291962093718031,0.3462691464100395,0.6329098688272577,0.2491390787114654,0.0617065922156422,1
2020-01-09,0.0767256898805499,0.0001269548005,0.067600487742,0.24831127233,0.023974467448,0.033767683445,0.18157205508,0.367690402693,0.038849841021,0.032258514279,0.0058482664185,0.7044751461427985,0.5652326997046946,0.7936983421366878,0.0735030784936965,0.2792497979604434,0.4856189021708454,0.1352498040619978,0.0677451032395062,0.0504449476987521,0.265310450048267,1
2020-01-10,0.177593364752829,0.0004851057112999,0.018888729522,0.163886292657,0.0307063303289999,0.213011026859,0.083897125621,0.344291496811,0.105229473223,0.032853084317,0.0067513538708,0.6327243277390971,0.5228779029199517,1.1931659534988412,0.1045993484487374,0.1688469062195904,0.3341959227820453,0.0850646303692913,0.1926093064962299,0.2089209300319666,0.1679724234140588,0
2020-01-13,-0.2178267251700162,0.0010371845490999,0.064054422741,0.080536557982,0.0050264042689999,0.082468458675,0.079242289509,0.422570244713,0.2136845206789999,0.0283654933929999,0.023014381629,0.666119386947582,0.6519899219342145,0.8261318607512227,0.1940139668963863,0.1430184250446214,0.4105622362358357,0.1810095181827136,0.4232889668018819,0.2436862457599466,0.0993345796670215,1
2020-01-14,-0.1533247574232518,0.0019907336227,0.13405105358,0.26301924468,0.0077521866469999,0.05946519292,0.212394050241,0.1168785923079999,0.079469177807,0.026194633695,0.098785092392,0.6310591502606627,0.290792702236838,0.5562089190544464,0.0694002263565466,0.0994689456889678,0.8982139066248275,0.1530773070699169,0.3316052123371816,0.1907817204983026,0.2944745707945421,0
2020-01-15,-0.1077264543622732,7.90434598e-05,0.217600256059,0.194500503643,0.042747971372,0.107412577692,0.028215319533,0.270396021594,0.014394245372,0.090986524511,0.033667511821,0.3819588847814866,0.5599493870218797,0.4775894665576555,0.0657618982819127,0.2748509496553787,0.8344968814532157,0.1462794815473909,0.1403194491884595,0.0759529198716633,0.0442182822843394,1
2020-01-16,-0.1355742171406746,0.0067091169296,0.097268279226,0.158810470274,0.103918185276,0.025758789161,0.1224485621683999,0.182268432528,0.269575065099,0.008851065263,0.024392040254,0.7055198718247168,0.5587546760550393,0.6156095111514962,0.1896003749922672,0.1693184043804886,0.7151138060826275,0.1365953734575649,0.3683211437544118,0.3871759061668324,0.1897904838941602,1
2020-01-17,0.110628374479711,0.0012842031232,0.016185956686,0.1356742268719999,0.006122943672,0.01593890648,0.2068226317879999,0.399258196741,0.084079967117,0.134494606334,0.0001383202591,0.7541524686642297,0.7414358394786434,0.7917791778473716,0.3419444260436369,0.2865323897804706,0.2865358313377207,0.2347492257502465,0.0,0.1259718916752639,0.2738478555127585,1
2020-01-21,-0.0020927269011736,9.63291849e-05,0.098856142117,0.135422223497,0.035969270274,0.0381773979419999,0.222614755207,0.105579458485,0.134327431607,0.125120655455,0.103836332024,0.9292965613787774,0.4262121603883355,0.6759913833616501,0.2370289286995152,0.0745803320150968,0.3875435305934462,0.2480384193201878,0.3857407003536773,0.2141033813679386,0.1721539904134891,0
2020-01-22,0.575049035064876,0.0068005306286999,0.0866604806539999,0.085163137904,0.145530777642,0.147284052398,0.004371262957,0.3279679738195,0.019073671389,0.172401458554,0.004746649424,0.1581920423543307,0.5866678927691668,0.5858961666142297,0.2316415801516146,0.4760869176674241,0.4884715780405438,0.1711435899781019,0.0979791208373027,0.0594595119483459,0.0772444357593625,1
2020-01-23,0.2474071173928678,0.0084035768309,0.03829991654,0.213966295089,0.030958908213,0.034047044102,0.108275879461,0.255222148655,0.051397817147,0.142852867304,0.1165755494026,0.6911038256255152,0.5073770927862788,0.7343765839249181,0.1670378381603266,0.3633993799596398,0.2395666194033446,0.1380632398909122,0.2166492982879653,0.1648958940395393,0.2295500712653655,1
2020-01-24,0.1153241849504411,0.002465751849,0.093577071502,0.1654727419359999,0.11443354298,0.046027179995,0.238029577399,0.1249120935939999,0.0362497843499999,0.178137313433,0.0006948911528,0.9423977507125082,0.4635749164213941,0.4965778093238528,0.1659888294060973,0.2787760514477149,0.3213336712710233,0.3355696353846735,0.0781477903105843,0.0451530012880028,0.461681612856638,0
2020-01-27,0.1834531676024198,0.015816087834,0.039122410486,0.045212583175,0.0673658761799999,0.066325943939,0.226000319565,0.078951495338,0.184479972711,0.264497011092,0.0122283111191,1.273808168837212,0.1892633739026078,0.4328095211374186,0.3879082165656259,0.2977009879967931,0.2973055310683654,0.3592281493298297,0.200874120785768,0.1358025729974468,0.0851982138518245,0
2020-01-28,0.2241163837723433,0.0025814606491,0.119103019486,0.161851643434,0.0791449994329999,0.0441379257909999,0.161065740347,0.2701701224289999,0.041385789564,0.069324480904,0.0512347952834,0.4573769386689447,0.3761533872375248,0.679928521230847,0.5337528288869067,0.0538453063456577,0.1772971803633764,0.1992376812201988,0.1695707605610087,0.0186873331571671,0.5462625389197647,1
2020-01-29,0.4560541078448296,7.59423549e-05,0.021264286208,0.065843169166,0.156631305195,0.01701681947,0.096756194224,0.502293030287,0.068168389022,0.070220658362,0.0017302267012,0.7101826583407435,1.2617636317707792,0.5566478104696473,0.2333594844697721,0.5247069107956349,0.1083503093049193,0.2106830855924229,0.0948456141945372,0.0714236018814702,0.1683975090874077,0
2020-01-30,-0.11417444255203,0.0004542001291,0.043262102056,0.2571116406379999,0.04887711967,0.099205734762,0.0576228147909999,0.22523642677,0.2372329650329999,0.028187956658,0.0028090411561,0.6170386890951374,0.6766048149141601,1.0760445329498416,0.2823826228399929,0.1583347897394133,0.3351813335238748,0.2151960598785317,0.2831745374530648,0.3306122899326819,0.1768155120015254,1
2020-01-31,0.2453221594914794,0.0014560432532999,0.081676061396,0.1790288873556,0.056549110816,0.099849604292,0.1373696371209999,0.037026842545,0.185650533838,0.154921120987,0.0664721487731,1.0103012152672857,0.2251698001522933,0.6015020355382187,0.2985567094707575,0.2712012109754347,0.3101778175170965,0.2309040769159275,0.3970174528756213,0.3024574811558725,0.3633533458841467,0
2020-02-03,-0.0241980475373566,0.0012462422922,0.032953437045,0.280481542434,0.0332885342,0.0005866159565999,0.013491396778,0.10564025378,0.415088135267,0.10656063733,0.0106631862686,1.0097418968339087,0.5346374287426647,0.7497696682208563,0.4048713900513668,0.287040794229444,0.1160204145767253,0.2189092992477148,0.4753303692459486,0.3736043453938715,0.143373493895604,1
2020-02-04,-0.1353081529960036,7.89697288e-05,0.014145511549,0.2000690034999999,0.064166550451,0.014666404389,0.097038339122,0.0969390776039999,0.4347044483229999,0.03965252449,0.038539175526,1.264241211452001,0.3605428132740187,0.5331133785933135,0.2406838767024148,0.2564470033054065,0.1972376244196427,0.2976293796159201,0.7417651153144172,0.6894779326079787,0.0795051530310177,1
2020-02-05,0.025609519239515,0.004644033495,0.00748232229,0.229537939055,0.054667360817,0.0234238025493999,0.0427243500939999,0.2256668429709999,0.177445889357,0.229544814351,0.0048626131087999,0.6675807582818114,0.6286366796549121,0.6884555919697192,0.3705205163975123,0.4358538842419387,0.2177954583183886,0.2090314407980801,0.1476269161105612,0.1915724972090574,0.1797232915174699,1
2020-02-06,-0.0203283099457621,0.004230278297,0.133775400085,0.284037981196,0.026036745077,0.073778305854,0.039528435283,0.216183802762,0.17413860267,0.01368523016,0.034605214754,0.582514083779916,0.4050249250069492,0.7411180514457639,0.2308389530459384,0.2309304565891363,0.695927929914956,0.1887928631896968,0.3354092276312762,0.2266996118123712,0.1119736233986088,1
2020-02-07,-0.1786844881251454,0.0018719509077,0.022081296696,0.238649612036,0.180130504314,0.015336894177,0.181407967148,0.265656408693,0.014490061764,0.058996764011,0.0213785520051,0.5644459903000177,0.6856520000079749,1.034061696241967,0.1460551424308227,0.2190917490955992,0.1172413924858067,0.1431780876462836,0.0153576090534053,0.0807899026830752,0.2417157782021109,0
2020-02-10,0.0981934815645217,0.0073153118815555,0.0248554020699999,0.1684131668011111,0.13571550602,0.01470006236,0.0166855195155555,0.3100480840011111,0.1755177544537777,0.1396790665444444,0.0070701392822222,0.5966397578329908,0.6756645186183599,0.7473172153223004,0.282729889079014,0.352096180134105,0.1752239920486113,0.1256573465074512,0.1029878684717421,0.1871071025228125,0.0551725962712362,1
2020-02-11,-0.1266309767961502,0.0032128029956,0.046308846858,0.0923147300529999,0.069675820671,0.0744483341899999,0.180309858614,0.223506810301,0.16449396204,0.145567575334,0.000161224183,0.8069413879416378,0.6032618894500898,0.5283944223545269,0.2422905137225265,0.2260903806087654,0.2223837163794166,0.1678477453240035,0.2701147039357166,0.2981707028210986,0.2519874976241095,1
2020-02-12,-0.1017541183158755,0.0014606624802,0.023197182129,0.150553072826,0.0220308907,0.069972894417,0.343210626959,0.092149140456,0.129153403067,0.157314360346,0.0109577564206999,1.1373783116967286,0.4485434278795683,0.4077123727723255,0.2742031708584674,0.2389047537270112,0.2524790638097409,0.1645095818537729,0.0961387570676571,0.0690100690772957,0.278444125353451,1
2020-02-13,0.0196348405443131,0.0037536427554,0.102786475628,0.161422038774,0.20281341262,0.0136544761289999,0.133969406493,0.210603709253,0.074698407184,0.070615099706,0.025683314919,0.8281591742892263,0.5417420556721507,0.4523404507674828,0.1782574840499637,0.2317720089401887,0.0487880181541824,0.0855320297027011,0.3810023766918875,0.2190957326770148,0.3433808765857877,0
2020-02-14,0.0675035111606121,0.0019158558737,0.081926965719,0.160907207964,0.04295708553,0.072063215473,0.347070105649,0.116151669607,0.064824773435,0.097682076982,0.014500992596,1.0923423453730998,0.3099445005767582,0.8026055149205696,0.0674194242296751,0.2205668006252882,0.2488673733646214,0.2317891734477981,0.1184630549689856,0.1126045395978307,0.5801450751907253,1
2020-02-18,0.2534707906655967,0.0005618513865,0.115221488392,0.156459863969,0.118619889086,0.085449620008,0.099566666567,0.113080575623,0.10903919643,0.16144250097,0.0405583327044,0.7183973711689357,0.3402567476195522,0.5575694385598189,0.3087918656121091,0.4015168056787339,0.15200207374778,0.2048207103570564,0.4531869124814042,0.1274167930410119,0.0394036042136757,0
2020-02-19,-0.2581004951149225,0.001321513282,0.0450989546549999,0.178015457552,0.003736670359,0.023351639942,0.1098463309599999,0.3797968851259999,0.116317468131,0.098421485532,0.044093553254,0.6560991748206767,0.902886259639876,0.667818567551671,0.1663054900771333,0.4745659256266833,0.1064193150879351,0.1333954855215352,0.3115137437088457,0.1996145712247884,0.1686202634278094,1
2020-02-20,-0.1401709880679846,0.0028829978632,0.020797832935,0.139027727643,0.07486377122,0.017335692377,0.17593373852,0.13536108938,0.19687186492,0.188779139215,0.048146123998,0.91440705907995,0.46197016391582,0.6305246793433019,0.4478779884460473,0.2439409462310487,0.3300144570517767,0.2864348452669415,0.385597891494545,0.3120920745257174,0.1108906065000246,0
2020-02-21,0.2177897911518812,8.387657540000001e-05,0.0911644370139999,0.22722731686,0.086426732572,0.129116194754,0.013451625467,0.315090290388,0.027824680164,0.081907713664,0.027707122868,0.3569742103090766,0.8374477093318451,0.902281192337773,0.2366520920317777,0.1506072620092992,0.3892387876313469,0.0837423881669251,0.131343316964242,0.1609537606140129,0.0779343655875997,0
2020-02-24,0.2210731361061334,8.06489845e-05,0.081721520918,0.0894835562359999,0.047225084719,0.116061409862,0.034785113244,0.204348410363,0.208000009898,0.1520264905609999,0.0662677380872,0.8729673201000457,0.4657349526421591,0.45856205902259,0.4913291823241136,0.2810045297064546,0.1898213910781166,0.2084588921038226,0.518595331318515,0.3473734621749002,0.1219531415356594,0
2020-02-25,0.3742949412204325,0.001275374093,0.0629820917044444,0.0891904576266666,0.0866704544322222,0.0043680725711111,0.1448791468888889,0.2163314553077777,0.1889941606777777,0.1482550865999999,0.0570536819961111,1.038743138385792,0.6148067802351207,0.4754079082259462,0.3569739839273256,0.2206890437483847,0.1380286217414622,0.2305544168720777,0.208697146338071,0.2421830743981176,0.2304829065319516,0
2020-02-26,0.2841396993026137,0.0138975283858,0.029284745427,0.195946558706,0.055092002954,0.002163663465,0.12589087407,0.136409740977,0.287396206937,0.153782776816,0.0001358789585,1.040746633613469,0.4080397522685747,0.7138247287440938,0.7627873173442439,0.1801129588813909,0.0381669721897762,0.2280811978051035,0.0821653597646932,0.2830366497234436,0.2755586287310766,0
2020-02-27,0.0681173391640186,8.40291955e-05,0.005051921358,0.131566692064,0.179529123242,0.014086471472,0.076905896866,0.340202796,0.09659794174,0.13210880365,0.0238663119094,0.6514526894280495,0.7411143343621098,1.049082559822827,0.3001530233459571,0.1952740784797754,0.1163613065055893,0.2401136850407925,0.081707525873528,0.141259560983195,0.0666344897184949,0
2020-02-28,0.1518284452147781,7.73807179e-05,0.0007165717319999,0.117737248468,0.0312812836,0.008205495014,0.0517331200789999,0.264942526,0.395853232349,0.10495962994,0.0244934946266,1.4109430079987324,1.0254968512528826,0.6450448640525586,0.5080275151613564,0.1564207879754671,0.0706029770051652,0.2690027914420003,0.2389764676804565,0.2468459969335079,0.1093159491530123,0
2020-03-02,-0.0750682981684803,0.0008151095292999,0.01481667678,0.1377981922825999,0.071919996023,0.028064648787,0.067327443433,0.164275700383,0.3718242219317,0.0819435895,0.0612143822458,0.9305750459640436,0.6939475658436196,0.465644893692365,0.50183539891334,0.3734133332210961,0.1730217877809499,0.2419417941237641,0.5674576656042548,0.3276983335178939,0.1502814520399242,1
2020-03-03,-0.1830960938706994,7.64260312e-05,0.005466138686,0.052089192377,0.040792230954,0.028572777188,0.101437761817,0.502819005,0.192595792179,0.0754879485849999,0.000662736145,1.0086210768336126,1.4812071321076674,0.5966464446090682,0.2070558358606993,0.2616848232121932,0.0350001902529632,0.1959008435319507,0.4417663470641145,0.2417417050288278,0.016344119852851,0
2020-03-04,0.1567129982635378,0.0006692357219,0.001350088146,0.078240686377,0.042219507028,0.011855336179,0.027448191052,0.3858693004,0.146283529512,0.3059364373,0.0001276658716,0.8310140978631576,1.329321906828636,0.4750586283133955,0.3955320240673189,0.7208086729810962,0.0623578019652573,0.1486526341553802,0.1561211387657561,0.2048796115211872,0.0371992101727807,1
2020-03-05,0.0135810067877173,0.0195703443087999,0.032048004275,0.1600536081299999,0.022030720332,0.035707585144,0.060746591573,0.271101758013,0.088265357101,0.2684461703399999,0.0420298589555,0.6241805674699358,0.8164962592150162,0.7440611460593773,0.474014020744117,0.4378736698988598,0.0773371411083541,0.2773637978918394,0.1529594231721225,0.1756544528912453,0.1848975499919478,0
2020-03-06,0.2672560025006533,0.0075612195295,0.0846996144999999,0.173641177078,0.144819233924,0.034829494284,0.0344483228534999,0.336423236155,0.0476702203715,0.073923949461,0.0619835225898999,0.4105966111754676,0.867544206778018,0.9350732155975684,0.3855570912654188,0.1770648528807915,0.0680311928625172,0.0835422301265188,0.331842799491203,0.024950329190379,0.0644104747170673,0
2020-03-09,0.1485770916566252,6.548056260000001e-05,0.000189654615,0.004006663395,0.033060176856,0.002162874224,0.042606931596,0.215171908,0.3800272772649999,0.2001230891999999,0.1225859221576,1.101527384725176,0.6807110267545473,0.2913596025033489,0.9425485224068632,0.1955884898603201,0.079468063329861,0.3265259108578279,0.6732362331321953,0.4449899814585942,0.0561361443806658,0
2020-03-10,-0.0735668575391173,0.0025152260197,0.0142950557019999,0.05433099027,0.021625673906,0.034519818571,0.104313065446,0.12853075915,0.318996089442,0.2735398905,0.0473334090475,1.305477720808717,0.5175192172566367,0.447985273322767,0.5426984432530351,0.5671829418784216,0.0665058171994244,0.4699808109920266,0.6165471968493653,0.2713732375696814,0.0499645164080123,1
2020-03-11,0.0722019962966442,0.0010913765959,0.013581040174,0.1123497774,0.1208600399869999,0.02889310371,0.061745684351,0.2620319359999999,0.062549528562,0.302532964413,0.0343645435256,0.5924137873718238,0.8023494748727108,0.8376090988934746,0.3641025090683161,0.4634214853176699,0.022709528366609,0.1739427342165848,0.2510111572174989,0.1824693704450669,0.2243252260816914,0
2020-03-12,0.1946497154422104,0.0065958614472999,0.005786365186,0.067870387651,0.0151691497339999,0.031391836585,0.056382039069,0.242857567,0.265289838668,0.2795631999,0.029093783738,1.0610327980819054,0.9634237170043708,0.5060909504683638,0.4204153419367266,0.7056428969968361,0.0608095304730922,0.1695464867397637,0.3621510157078206,0.4783191913182646,0.0,0
2020-03-13,0.1596238788217306,7.683434199999999e-05,0.063862827955,0.092785380132,0.053120590961,0.076015459611,0.034317680535,0.215884244823,0.151556889067,0.29965033079,0.0127297412041999,0.8873709438022065,0.8030544412235073,0.3616238157213115,0.4282288530127001,0.5661330310455431,0.3909071959773014,0.2484623943792351,0.2213747606501426,0.1845440483345178,0.0440570058449197,1
2020-03-16,0.3551837425678968,6.688858869999999e-05,0.005520258671,0.057853840372,0.036547643306,0.004939341713,0.075538592426,0.216844525,0.27704158546,0.315806073,0.009841268635,1.1575849063415171,1.0726386903109408,0.4552766704779195,0.5743713582413915,0.6486533202259953,0.0300394731913058,0.2659472335371244,0.4398948606630619,0.3849273754773966,0.0283795435108189,0
2020-03-17,-0.2174945655278861,0.0021514101359,0.002364497763,0.038229495024,0.02022005626,0.014980763999,0.125627366681,0.1646474205999999,0.280134567075,0.32998633,0.021658086473,1.5265003149240282,0.5839313721246918,0.4825895587554797,0.5138105191658253,0.5011883371470306,0.0335133278640582,0.339063843399767,0.3963165569743231,0.3046349158035785,0.0310744781388249,1
2020-03-18,0.3497304134070872,0.0094259898252,0.0257355061079999,0.039105451102,0.138528821092,0.033651039292,0.162049758128,0.054615227136,0.20114640224,0.319131856,0.016609918263,1.3523127799240968,0.2572018484410393,0.4615268302045217,0.6547748106880127,0.3950716535622913,0.0050313358973981,0.3364986729319531,0.387956451189833,0.3359512851954925,0.0715299002621883,0
2020-03-19,-0.4242295883595943,7.28259045e-05,0.008277798289,0.070541371687,0.0188928480369999,0.04078658055,0.093413239203,0.1688321376,0.2535931097309999,0.285850309,0.0597397643554,1.0223580245185584,0.5994030740078098,0.4029040334771707,0.7712215577451257,0.5154744497965188,0.0373459266616173,0.1743728422442082,0.2958145283856394,0.4345020863656012,0.0912110442649442,1
2020-03-20,0.3045885555446147,0.0135327625498999,0.003260416106,0.1099378428059999,0.030084694574,0.047283014205,0.027762769717,0.215818558255,0.089216461118,0.385056836,0.078046625835,0.6187403631836581,0.6773352793655086,0.627911332235369,0.7270053951307762,0.6083507706288294,0.0164575593944397,0.1651867013269097,0.2906192306558402,0.2384363496753233,0.0989845932789845,0
2020-03-23,0.0126452500931918,0.000111207713,0.004966288153,0.027998988991,0.142919240745,0.0850758462,0.140952870897,0.15902928724,0.030371290247,0.393998973,0.014575978666,0.8383252621343346,0.4494284165147941,0.6362261834353726,0.6505528506624795,0.4928295345991113,0.0611837886736283,0.120499975073064,0.0117719379360986,0.0664293686034108,0.0375971516427953,0
2020-03-24,0.151492104679346,0.003209625657,0.08385556984,0.054258575824,0.146537813677,0.0615547257839999,0.123795627688,0.075810801299,0.0461910743709999,0.3499047249999999,0.054881478636,1.017454344302014,0.285505092331878,0.3136163625979353,0.2821708723336052,0.4740339485579705,0.0449617024967494,0.1396333157426371,0.2500239167589734,0.244040437059953,0.0,1
2020-03-25,0.337286464869976,0.0001582772883,0.074310415569,0.089578292485,0.178703659536,0.0993244488049999,0.0009811851039999,0.044616998175,0.107037694632,0.350487276104,0.054801746293,0.5379170171286166,0.1414085924714561,0.4744453692213833,0.3341034378338407,0.3866034312560678,0.1891420993600459,0.1479240475989032,0.2799271067515244,0.3120507617131317,0.043399279975464,1
2020-03-26,0.1144032483920454,0.0001068730555,0.190268492131,0.12166615178,0.13647476298,0.077587097834,0.016732595802,0.0757194570789999,0.0572151953649999,0.2412806474,0.082948724941,0.5601317301065428,0.1529224510592234,0.7273182917267671,0.3211684855188276,0.33315869062958,0.2345666924771089,0.1924458423291302,0.429506059600856,0.1107871371037803,0.151378508996714,1
2020-03-27,0.2153507764451205,0.015589894811,0.129400810287,0.0578583193369999,0.1781659029849999,0.046895856269,0.085131200579,0.051188029807,0.060560729507,0.2446099949629999,0.130599252027,0.5566979145529221,0.2658397608686823,0.399358168383397,0.6090497153700519,0.3891958505199409,0.0204913129853811,0.3522775053134666,0.3434914425941369,0.1080552807210728,0.0805946690152859,0
2020-03-30,0.893551766872406,7.3501765e-05,0.037618254795,0.088205217,0.4023081349999999,0.144803755,0.025948679435,0.026432375535,0.04282424735,0.223845,0.007940833205,0.2935159249325914,0.6013676924040685,0.1516296473675589,1.0521103162471888,0.1685072084561104,0.0,0.2857766092228522,0.0328177965607136,0.0,0.0,1
2020-04-01,0.0221168831922113,0.00156068075,0.0045201697,0.00631710215,0.3437507095,0.0062878679,0.418376825,0.00727916905,0.06884120015,0.1405646741,0.00250163945,0.4059437551609115,0.0,0.2919069503212589,0.0,0.0,0.0,0.0,0.0,0.0,0.0,0
2020-04-02,-0.2072517462074756,0.0016261431,0.00470980035,0.0065812777499999,0.0052500463,0.2405082475,0.2658939535,0.2171793725,0.0042113014,0.0060138563,0.24802602315,0.0,0.2662633965853965,0.3699746463254556,0.0,0.0,0.0,0.2054813001593134,0.7036578792853576,0.0,0.0,1
2020-04-03,0.4198280777782202,0.001838088,0.005323507,0.88343185,0.005934976,0.07314791,0.007229137,0.008592003,0.0047602486,0.006795953,0.0029463,0.0,0.0,0.8431031769988371,0.0,0.0,0.0,0.0,0.0,0.0,0.0,0
2020-04-06,-0.7963005900382996,0.001642802,0.0047581177,0.006643975,0.0053045526,0.006619806,0.0064569986,0.19688998,0.004254391,0.76479614,0.002633273,0.5,0.2585421687067706,0.1968837441216211,0.0,0.3799904450128342,0.0,0.0,0.0,0.0,0.0,1
2020-04-07,0.4115432035177946,0.00148825385,0.0043103646,0.0060217846999999,0.0405162412,0.182531586,0.4822940465,0.00694243315,0.2311633021,0.04234648235,0.0023855453,1.2850200765038335,0.0,0.0,0.0,0.0,0.0,0.1665248058912968,0.0,0.0,0.0,0
2020-04-08,0.0410616090521216,0.0014863025,0.004304792,0.0060102707,0.8331928,0.005986519,0.0058483565,0.0069516967,0.0038491539,0.12998764,0.0023824172,1.0,0.0,0.0,0.0,0.0,0.0,0.0,0.0,0.0,0.0,1
2020-04-09,-0.3461620956659317,0.0010761378,0.003116877,0.004351377,0.0034747268,0.004333928,0.49971694,0.005038652,0.0027869183,0.47437945,0.001724958,0.1954898213367831,0.2125590774511082,0.0,0.2626864096077224,0.3124071358888114,0.0,0.0,0.695598989341834,0.0,0.0,1
2020-04-13,0.2748928535729646,0.0016459659,0.004767591,0.006681158,0.3210077,0.6387262,0.006469724,0.007710943,0.004262705,0.0060897227,0.0026383444,0.5,0.0,0.0,0.0,0.0,0.0,0.1879949959116624,0.631482005310891,0.0,0.0,0
2020-04-14,-0.1334109790623188,0.0016423325,0.004757037,0.0066457265,0.45834532,0.0066181896,0.50134295,0.0076890024,0.004253217,0.0060736607,0.0026325204,0.2975827998048145,0.0,0.3478141755317692,0.0,0.0,0.0,0.7610024573755536,0.0,0.0,0.0,1
2020-04-15,0.0618074564263224,0.0015599938,0.0045182174,0.006313434,0.5431058,0.19234286,0.006133088,0.007281638,0.004040024,0.005770925,0.22893402,0.5,0.0,0.7070777629031447,0.0,0.0,0.0,0.0,0.0,0.0,0.0,0
2020-04-16,-0.4088280871510506,0.0014868892,0.004306571,0.0060150507,0.32618684,0.0059912307,0.6373181,0.006961943,0.0038506787,0.005499375,0.0023833578,0.6958290368590956,0.0,0.5,0.0,0.0,0.0,0.0,0.0,0.0,0.0,1
2020-04-21,-0.1341036353260279,0.001559579,0.0045169606,0.006308682,0.0050347405,0.0062798075,0.47388747,0.0072751795,0.0040389183,0.005765702,0.48533294,0.3393465153774063,0.0,0.0,0.0,0.0,0.0,0.2980848223387943,0.4489654941387143,0.0,0.0,0
2020-04-23,0.0627706497907638,0.0015616481,0.004522933,0.0063122557,0.35655278,0.0062960144,0.30010462,0.007277698,0.004044267,0.3108246,0.00250319,0.5,0.0,0.0,0.0,0.4243412850543229,0.0,0.2644512692320569,0.0,0.0,0.0,0
2020-04-24,-0.480659157037735,0.0016103013999999,0.0046640315,0.18072287725,0.0999530235,0.26361595925,0.3085699295,0.0075220207,0.0041702703,0.1265903373,0.0025811773,0.1767482085812506,0.0,0.6119762503808095,0.0,0.0,0.0,0.0,0.0,0.0,0.0,1
2020-04-28,-0.0695989257656038,0.0019518647,0.0056530824,0.007891595,0.00630605,0.007858905,0.9458129,0.0091223605,0.0050548795,0.0072197146,0.0031286743,0.7303221104535066,0.0,0.3174711102378457,0.0,0.0,0.0,0.3628152391651522,0.0,0.0,0.0,0
2020-04-29,-0.0977281332015991,0.00133016305,0.00385251665,0.0053793876499999,0.1750007105,0.005357047,0.2805835552,0.48683569,0.0034447554,0.0360840545,0.0021321390499999,0.0,0.7512532728115178,0.1644390452179926,0.0,0.1608433548476765,0.0,0.0,0.0,0.0,0.0,1
2020-04-30,-0.072296269237995,0.0012042845,0.003488058,0.240355847,0.0238239355,0.0048502015,0.352791499,0.204861525,0.00311879485,0.0904754709999999,0.07503044085,1.0884823629005789,0.2361707565126022,0.6214414845878972,0.0,0.0,0.0,0.0,0.0,0.0,0.0,0
2020-05-01,-0.3746335785835982,0.0014902928,0.00431668,0.45295054,0.004811597,0.51186347,0.0058594435,0.006947585,0.0038594638,0.0055120196,0.0023888135,0.0,0.0,0.1664599316078613,0.0,0.0,0.856753259637071,0.0,0.0,0.0,0.8131488944011416,0
2020-05-04,-0.6537601947784424,0.0013574808,0.0039315447,0.0054983217,0.004382481,0.005467012,0.2759346,0.10943385,0.0035156026,0.00501909,0.58546,0.1280848481698441,0.0,0.2581063482191774,0.0,0.0,0.0,0.601711253772891,0.9450931844409324,0.0,0.0,1
2020-05-05,-0.0581974550150335,0.00143121865,0.0041451919,0.280117912,0.0046210448,0.005766527,0.005634753,0.5980969500000001,0.00370648945,0.0941857431999999,0.0022941227,0.3458382929658616,0.2914396789574366,0.7949837999567415,0.0,0.263649599479345,0.0,0.0,0.0,0.0,0.2583610166545341,1
2020-05-06,-0.0240172613412141,0.00150009145,0.1709416618,0.11671956535,0.0048429337,0.006040039,0.323126935,0.3075456797499999,0.00388484635,0.0629937731,0.0024045199499999,0.6430350663375188,0.3455339137297741,0.5708727946041932,0.0,0.0,0.0,0.0,0.0,0.0,0.0,0
2020-05-07,-0.0939270872622728,0.0014863304,0.0043049846,0.006010898,0.16426042,0.005984506,0.64657074,0.0069238176,0.003849177,0.005493675,0.15511551,0.2905268407554902,0.0,0.734976903462465,0.0,0.0,0.0,0.0,0.0,0.0,0.3322348711978101,1
2020-05-08,-0.3449891810305417,0.001418482,0.004108613,0.005740322,0.0045799688,0.005711678,0.48226324,0.4210594,0.0036735379,0.005245451,0.06619931,0.1968307547735562,0.0,1.4096032049349998,0.0,0.0,0.0,0.1638185600631177,0.0,0.0,0.0,1
2020-05-11,-0.7035043239593506,0.0015604559,0.004519442,0.07009574,0.005038154,0.006286372,0.006132517,0.8940551,0.0040411595,0.0057697063,0.002501279,0.0,0.6719337879504763,0.4900783433795549,0.0,0.0,0.0,0.3592009177315052,0.0,0.0,0.0,1
2020-05-12,0.0199896446429193,0.00166426505,0.00482026735,0.0067293879999999,0.1547005375,0.0067121135,0.0439674549999999,0.67954315,0.00431004215,0.094885142,0.0026676763,0.3449740270990939,0.2664940531670481,0.936827678340417,0.0,0.0,0.0,0.0,0.0,0.0,0.0,0
2020-05-13,0.0271518183872103,0.0015599147,0.0045179515,0.12148318,0.0050360425,0.006285507,0.00614544,0.8426626,0.00403979,0.0057691485,0.0025004114,0.0,0.5428128157572929,0.8251239532104545,0.0,0.0,0.0,0.2082328544643497,0.0,0.0,0.0,0
2020-05-14,-0.4338872451335192,0.0014194795,0.004111151,0.00574234,0.0045835227,0.30241916,0.07765884,0.59286547,0.0036760916,0.0052486844,0.0022753058,0.4358680809103101,1.025701913837171,0.0,0.0,0.0,0.0,0.0,0.0,0.0,0.4111917535171143,1
2020-05-15,-0.0556746572256088,0.002087334,0.45779762,0.2509798,0.0067399456,0.24798562,0.008210948,0.009723599,0.0054057296,0.0077235266,0.0033458201,0.2206328653403976,0.0,0.4590054706228408,0.0,0.0,0.0,0.8320243329935386,0.0,0.0,0.0,1
2020-05-18,-0.4290459752082824,0.0017343402,0.005023034,0.0070100557,0.005599146,0.0069844294,0.0068150745,0.9531507,0.004491446,0.006411856,0.002780001,0.5,0.7506320019576908,0.1646880115215653,0.0,0.1610868771538147,0.0,0.0,0.0,0.0,0.0,1
2020-05-20,-0.3357089594937861,0.0014857799,0.36126807,0.006005923,0.004797524,0.005985563,0.601794,0.006938336,0.0038478223,0.005495372,0.0023815797,0.8323528663627868,0.0,0.5,0.0,0.0,0.0,0.0,0.0,0.0,0.0,1
2020-05-21,0.0201484840363264,0.00156864785,0.0461617742499999,0.484875315,0.15091496015,0.0063199988,0.11021845725,0.00731566465,0.0040624005,0.0869980339999999,0.10156474375,1.0,0.0,0.0,0.0,0.0,0.0,0.0,0.0,0.0,0.0,0
2020-05-22,-0.7290554046630859,0.0016419457,0.004756232,0.2570508,0.005300738,0.048130304,0.66249895,0.007659529,0.0042522815,0.0060774246,0.0026319004,0.6819670178513657,0.0,0.0,0.0,0.0,0.0,0.5,0.0,0.0,0.0,1
2020-05-26,-0.6384602189064026,0.00161099205,0.00466599015,0.0567776615,0.00520080415,0.00648538925,0.8616789250000001,0.007510687,0.00417205445,0.0059559955,0.045941525,1.1870782505279676,0.0,0.2632942569838957,0.0,0.0,0.0,0.2719139856719601,0.0,0.0,0.0,1
2020-05-27,-0.2318970337510109,0.0017183733,0.004976738,0.1946729384999999,0.0055477503,0.214060095,0.496714365,0.0080230675,0.00445014145,0.00635333585,0.06348326525,1.0238220117957535,0.0,0.2632942569838957,0.0,0.0,0.0,0.2719139856719601,0.0,0.0,0.0,1
2020-05-28,-0.2299425341188908,0.0013591737,0.0039365515,0.14785926,0.0043887887,0.46624225,0.16244191,0.0063382587,0.20022418,0.005031053,0.0021786406,0.5861411969099254,0.0,0.5,0.0,0.0,0.2467046763713486,0.0,0.0,0.0,0.0,0
2020-05-29,0.2046983428299426,0.00136717825,0.0039598098,0.09148159965,0.14841076,0.2727316419,0.1795311323,0.1206286278499999,0.00354065655,0.0050576613,0.17329095,1.2251040439180476,0.2659253484165902,0.0,0.0,0.0,0.0,0.0,0.0,0.0,0.0,1
2020-06-01,-0.3748211301863194,0.00155047375,0.0044907178,0.00627317975,0.3491951785,0.1421085875,0.476899015,0.00724859465,0.0040153919,0.0057336451499999,0.0024852786499999,1.2022504553223796,0.0,0.0,0.0,0.0,0.0,0.0,0.0,0.0,0.0,1
2020-06-03,-0.4512527640908956,0.00148928115,0.00431335385,0.239375055,0.0048080731,0.005995003,0.47750229,0.11415516,0.0038568551,0.0055066315,0.14299832695,0.6887203585987622,0.0,0.5,0.0,0.0,0.0,0.0,0.0,0.0,0.0,1
2020-06-04,-0.743739515542984,0.0014868418,0.004306342,0.006015172,0.0048002927,0.005989443,0.0058445325,0.20683838,0.0038505956,0.70367694,0.057191502,0.142916421920745,0.3788612402273438,0.5,0.0,0.293324150043549,0.0,0.0,0.0,0.0,0.0,0
2020-06-05,-0.1658511525020003,0.0014869433,0.004306731,0.8426824,0.0048003704,0.005986012,0.0058577782,0.00695062,0.0038509665,0.0054994635,0.11857865,0.8468885294792438,0.0,1.210466507110112,0.0,0.0,0.0,0.0,0.0,0.0,0.0,1
2020-06-08,-0.3477376513183117,0.044040985,0.0037701863,0.0052684634,0.004202579,0.0052388525,0.92114,0.006067339,0.0033712448,0.004813768,0.002086628,0.8406708825550283,0.0,0.840558569018053,0.0,0.0,0.0,0.0,0.0,0.0,0.0,1
2020-06-09,-0.2324091214686632,0.0016437908999999,0.0047610302,0.0066488224499999,0.00530754775,0.00662737925,0.615294695,0.134899554,0.0042570048,0.217925392,0.002634858,0.7007167469080388,0.3958349635230274,0.0,0.0,0.0,0.0,0.3054745188272231,0.0,0.0,0.0,0
2020-06-10,0.2883122414350509,0.00132861595,0.00384786925,0.0053754059999999,0.0042891966,0.00535123925,0.0052266852,0.964099065,0.0034408341,0.004911422,0.00212965915,0.144234191604583,1.0910168621258844,0.5058586053110321,0.0,0.3133035426304223,0.0,0.0,0.0,0.0,0.1718715592218809,0
2020-06-11,0.2761509288102388,0.00138866555,0.00402206415,0.005623822,0.091551575,0.00559527775,0.79915523,0.0817060642,0.0035963118499999,0.0051350885,0.0022259137,1.8412911936891043,0.0,0.175977668096752,0.0,0.0,0.0,0.1817388258657384,0.0,0.0,0.0,0
2020-06-12,0.4545111283659935,0.0014870921,0.0043069352,0.006015786,0.0048009143,0.00598788,0.0058459933,0.47315985,0.0038512307,0.49216062,0.002383683,0.5012395865473226,0.1716820110309732,0.0,0.6065572799247289,0.0,0.0,0.6793486492853593,0.0,0.0,0.0,1
2020-06-15,-0.26274374127388,0.00142186275,0.00411814035,0.41580921885,0.0045908742,0.0057292882,0.2438930815,0.05119709875,0.0036822395,0.2009152242,0.0686429358,0.3284552338343026,0.0,0.5,0.2645382427344284,0.0,0.0,0.2685827200283635,0.0,0.0,0.0,1
2020-06-16,-0.3300887583754956,0.0013570213,0.0039302288,0.0054852506,0.11261159,0.0054650945,0.005344705,0.8550992,0.0035143055,0.005017495,0.0021751907,0.0,0.6202605855118546,0.5,0.0,0.2218370401979085,0.0,0.0,0.0,0.0,0.0,1
2020-06-17,-0.1201481921598315,0.0014184071,0.0041081137,0.33101904,0.0045793513,0.005714519,0.005577856,0.636391,0.0036733134,0.0052448935,0.0022735868,0.1700794742659007,0.0,1.2928272099345,0.0,0.0,0.0,0.0,0.0,0.0,0.0,0
2020-06-18,-0.4585215523838997,0.0014865686,0.004305573,0.006017503,0.004799703,0.0060025435,0.4540503,0.5116097,0.0038498943,0.0054953913,0.002382844,0.3498370097135897,0.0,0.3572311109557141,0.0,0.0,0.0,0.5,0.0,0.0,0.0,1
2020-06-19,0.0702652120962738,0.0016414876,0.0047543626,0.0066415602,0.005300676,0.006621016,0.58331543,0.0076517933,0.004251094,0.006068429,0.37375414,0.668347847843492,0.0,0.0,0.0,0.0,0.0,0.0,0.0,0.0,0.0,0
2020-06-22,-0.1107023144140839,0.001642718,0.0047578212,0.4806319785,0.0053039812,0.0066173538,0.264049732,0.096271184,0.00425420615,0.006073508,0.1303974944,0.6821563966058113,0.0,0.7308135317085889,0.0,0.0,0.0,0.0,0.0,0.0,0.0,1
2020-06-23,-0.6844310909509659,0.0014853271,0.0043018274,0.7432046,0.004795071,0.0059772916,0.2215734,0.0069454913,0.0038465972,0.0054896004,0.002380854,0.0,0.1907677781920194,0.1733182445989216,0.0,0.4284488778055427,0.0,0.0,0.0,0.0,0.0,1
2020-06-25,-0.0932768192142248,0.0015605942,0.004519845,0.81896627,0.0050381487,0.00628302,0.006135276,0.0072886855,0.004041531,0.0057709543,0.14039579,0.8549006711849294,0.0,0.6730933441375153,0.0,0.0,0.0,0.0,0.0,0.0,0.0,1
2020-06-26,0.0210858304053544,0.0013568612,0.003929905,0.0054918183,0.004380908,0.0054627866,0.0053438046,0.14284389,0.003513975,0.82550114,0.002174934,0.7128642976321933,0.2767975167364122,0.218299867658097,0.0,0.454543652748199,0.0,0.0,0.0,0.0,0.0,0
2020-06-29,0.0566364862024783,0.0013936626,0.00403654445,0.12923464725,0.28521703,0.00561518765,0.287617922,0.275889565,0.00360925375,0.005152281,0.00223392355,0.9182280460428104,0.0,0.4318446823107327,0.0,0.0,0.0,0.0,0.0,0.0,0.0,1
2020-06-30,-0.5788683295249939,0.0013998691,0.00405431075,0.0056644339999999,0.00451984875,0.005635477,0.719671305,0.2047147795,0.0036252991,0.0051751784,0.0455395032,1.4851161661964487,0.1793326852027371,0.0,0.0,0.0,0.0,0.0,0.0,0.0,0.3701400468423051,1
2020-07-01,-0.848246693611145,0.001642302,0.004756583,0.9545873,0.005302252,0.006615877,0.0064630425,0.007673451,0.0042531937,0.006073609,0.0026324715,0.7344945997227109,0.0,0.5692741522351161,0.0,0.0,0.0,0.2547663458653353,0.0,0.0,0.0,1
2020-07-02,0.0352719947695732,0.00133633925,0.0038704954499999,0.3258495265,0.0043151423,0.00538657125,0.320478876,0.230283095,0.00346080435,0.0735121535,0.03150700055,0.504198616772071,0.0,1.2445022043723786,0.0,0.0,0.0,0.1712903066032186,0.0,0.0,0.0,1
2020-07-06,-0.4887805208563804,0.0015598802,0.104257636,0.006310048,0.005035629,0.0062770634,0.85698175,0.0072718095,0.004039665,0.0057662036,0.0025003564,0.8893891145393591,0.0,0.0,0.0,0.0,0.0,0.3136496731677779,0.0,0.0,0.0,1
2020-07-07,0.2825864553451538,0.0015605367,0.11169096,0.0063193794,0.083885096,0.6573318,0.0061404468,0.0072996398,0.004041436,0.11922921,0.0025014086,0.0,0.0,0.0,0.0,0.0,0.0,0.0,0.0,0.0,0.0,0
2020-07-08,-0.2619996517896652,0.0015720984,0.004553325,0.006353456,0.0050750123,0.053864144,0.90884507,0.0073334915,0.004071322,0.0058121704,0.002519941,0.3440422971518668,0.0,0.0,0.0,0.0,0.0,0.3628152391651522,0.0,0.0,0.0,1
2020-07-09,-0.3975518150255084,0.001490799,0.004317584,0.0639142,0.0048127207,0.006001007,0.90071917,0.0069775474,0.00386083,0.00551649,0.002389625,1.4945912622072963,0.0,0.0,0.0,0.0,0.0,0.0,0.0,0.0,0.0,0
2020-07-10,-0.3478875756263733,0.0018026221,0.00522093545,0.4077477893,0.07427892215,0.007257597,0.4353362825,0.008424385,0.00466830335,0.052373785,0.0028894511,0.649148485007224,0.0,0.6730933441375153,0.0,0.0,0.0,0.0,0.0,0.0,0.0,1
2020-07-14,-0.7562224864959717,0.0014176209,0.004105757,0.005732837,0.004576449,0.005705559,0.5162037,0.0066078333,0.0036712647,0.4497067,0.0022723265,0.3339445022948187,0.0,0.0,0.0,0.409628489747303,0.0,0.0,0.0,0.0,0.4411274903398005,1
2020-07-15,-0.7645373642444611,0.0016019279999999,0.00463942695,0.0064772706,0.031831158,0.006447598,0.8531922000000001,0.007473067,0.00414859125,0.08162107265,0.00256775525,1.2732655913711168,0.0,0.1971964257517613,0.1786515358859436,0.0,0.0,0.2036522433138596,0.0,0.0,0.4130697543205806,1
2020-07-16,-0.0629935208708048,0.00149958455,0.0043432102,0.2658294335,0.0048413749,0.0060365605,0.31183165,0.074842661,0.0038835332,0.32448827165,0.0024037073,0.4069430772499566,0.0,0.5537530392092349,0.0,0.5,0.0,0.0,0.0,0.0,0.0,0
2020-07-20,-0.7057309150695801,0.0013007203,0.003767357,0.0052587963,0.0041992394,0.0052362583,0.63200164,0.0060658483,0.0033685442,0.33671668,0.0020849449,0.7812641911099051,0.0,0.0,0.0,0.0,0.0,0.1565739082788255,0.0,0.0,0.0,1
2020-07-24,-0.05588442645967,0.00169759655,0.004916907,0.3777596949999999,0.0054806127,0.1665577399,0.15864632775,0.271547215,0.0043963734499999,0.00627638425,0.0027211038999999,1.0164183672598746,0.0,0.3158875254821237,0.0,0.0,0.0,0.0,0.0,0.0,0.0,0
2020-07-27,-0.0937197729945183,0.0014198722,0.004112324,0.005744644,0.25144538,0.005725365,0.33829042,0.10297999,0.0036771004,0.2843289,0.0022759354,0.451650303315212,0.1462699421728207,0.6328906267884583,0.0,0.0,0.0,0.1372412007858752,0.2452020715060224,0.1731441992401687,0.0,1
2020-07-28,0.4465188086032867,0.0014586453,0.00422475975,0.0058984963,0.210038265,0.0371802585,0.434977895,0.2573361405,0.00377751095,0.0427699956499999,0.00233808535,0.3263132847732676,0.3626261715200031,0.0,0.0,0.0,0.0,0.7230814326267333,0.0,0.0,0.0,0
2020-07-29,-0.0118800476193427,0.00112350797,0.1718823075,0.0045438905999999,0.421981905,0.0045250505,0.09494345525,0.29213397265,0.0029096013,0.00415541835,0.00180088845,0.5,0.7815028726091836,0.1785679476713569,0.0,0.0,0.0,0.0,0.0,0.0,0.0,1
2020-07-30,0.4132701377384364,0.0014049724,0.0040691471,0.467494195,0.00453591115,0.00565655475,0.4209771335,0.006552996,0.00363850105,0.083418575,0.0022520522,0.3446290419683964,0.0,0.6999052108382007,0.0,0.0,0.0,0.0,0.0,0.0,0.8834240109707374,0
2020-07-31,0.0403209645301103,0.0012876610999999,0.0037294965,0.357521325,0.175461611,0.0051894481499999,0.3044586603,0.057450556,0.0880751655999999,0.00476214985,0.00206401215,0.4760369510151574,0.17458224529249,1.0929972171632336,0.0,0.0,0.0,0.0,0.0,0.0,0.241775749091551,1
2020-08-03,-0.1974493563175201,0.0016420872,0.5409329,0.00664179,0.005302446,0.4184131,0.0064574275,0.007655196,0.0042525404,0.0060704113,0.0026321274,0.3177065930660546,0.0,0.0,0.0,0.0,0.0,0.0,0.0,0.0,0.3860861571234592,1
2020-08-04,0.0833424143493175,0.0014858647,0.0043038945,0.006009028,0.004797595,0.0059838537,0.95875764,0.006935827,0.003848001,0.005496621,0.0023817157,0.9947777721863652,0.0,0.5,0.0,0.0,0.0,0.0,0.0,0.0,0.0,1
2020-08-05,-0.8984861075878143,0.0013568434,0.003929935,0.005485701,0.0043808357,0.005463126,0.8359122,0.0063238144,0.0035138517,0.0050162114,0.12861754,0.7112339412400392,0.0,0.3174711102378457,0.0,0.0,0.0,0.0,0.0,0.0,0.380006335125869,1
2020-08-06,-0.3362860903143883,0.00174294845,0.31822769685,0.00705564395,0.0369543315,0.16474188265,0.2257605185,0.2317665035,0.0045137641,0.006443015,0.00279379915,0.1491484850072239,0.0,0.6730933441375153,0.0,0.0,0.0,0.0,0.0,0.0,0.0,1
2020-08-07,-0.0903269983828067,0.0015675003,0.0045404559,0.2732688723499999,0.00506074615,0.00631333585,0.47706308085,0.21981824,0.0040594817,0.00579573715,0.0025125707,1.1244161479898578,0.0,0.6447047367849222,0.0,0.0,0.0,0.0,0.0,0.0,0.0,1
2020-08-10,0.037945662625134,0.074320436,0.19509,0.0048668943,0.003882173,0.42798114,0.15119481,0.13317835,0.003113177,0.004446144,0.0019269047,0.0,0.0,0.5,0.0,0.0,0.0,0.244204203610985,0.4363075829489152,0.0,0.0,1
2020-08-12,-0.4448856636881828,0.0016880941999999,0.0048890949999999,0.296834323,0.00544966415,0.0067957005,0.585166765,0.0078730245,0.00437170265,0.006239902,0.080691682,0.577893423281606,0.0,0.5,0.0,0.0,0.0,0.2801410814167224,0.0,0.0,0.0,1
2020-08-13,-0.3772397208958864,0.0014184011,0.00410806,0.0057346923,0.0045790765,0.9063436,0.0055771493,0.006627238,0.05809418,0.005243978,0.0022735773,0.5,0.0,0.5,0.0,0.0,0.0,0.0,0.0,0.0,0.0,0
2020-08-17,0.1095861420035362,0.0015317906,0.00443635485,0.0061992337,0.1389694209999999,0.006167532,0.4559183635,0.007157955,0.2252216975,0.151942387,0.0024553309,0.733752732111881,0.0,0.3845324136509266,0.0,0.0,0.0,0.3971212377119097,0.0,0.0,0.5637947571087661,1
2020-08-18,0.046290785074234,0.0014857994,0.0043032095,0.0060099284,0.004796557,0.00598005,0.9587741,0.0069284085,0.0038478253,0.0054925163,0.0023816111,0.8555166327697304,0.0,0.0,0.0,0.0,0.0,0.0,0.0,0.0,0.0,1
2020-08-19,-0.0556962080299854,0.0014859763,0.0043037664,0.006007294,0.004797431,0.005986484,0.11793677,0.8477587,0.0038483383,0.0054933755,0.0023818945,0.0,0.4275314336679864,0.2441466954500386,0.3020354184796865,0.1800793839841975,0.0,0.185055495735426,0.0,0.0,0.4363397656652737,0
2020-08-20,-0.7321301996707916,0.0019070886,0.0055235152499999,0.4396687999999999,0.0061567635,0.0076757784999999,0.47448302,0.00890547075,0.0049388709,0.007049029,0.04369167675,0.1491484850072239,0.0,0.6730933441375153,0.0,0.0,0.0,0.0,0.0,0.0,0.5,1
2020-08-21,-0.8561358153820038,0.00143151765,0.0041461063,0.3689674777,0.0493624505,0.00576346865,0.480903259,0.0066884817,0.003707242,0.0052938978,0.0737361101499999,0.955127925447702,0.1932057000631324,0.0,0.0,0.4339242515806912,0.0,0.0,0.0,0.0,0.0,1
2020-08-24,0.5450387895107269,0.0013312315,0.05285367335,0.00538533285,0.3222982123,0.0053662929999999,0.501427625,0.0615142184999999,0.00344754715,0.0442420416499999,0.00213385165,0.9201700751409202,0.0,0.2710297178467215,0.0,0.0,0.0,0.0,0.0,0.0,0.0,1
2020-08-25,-0.3453004956245422,0.0016428829,0.35202697,0.0066512777,0.005303638,0.006611641,0.41038927,0.0076580574,0.0042546545,0.2028282,0.0026334028,1.089458067186097,0.0,0.0,0.0,0.0,0.0,0.0,0.0,0.0,0.2585480600034722,1
2020-08-26,-0.3068174421787262,0.0012000619,0.0034756986,0.004850847,0.0038741417,0.004832052,0.08169065,0.89060766,0.0031078137,0.004437468,0.0019235979,0.3189214733946279,0.9471946361392988,0.6195215920735335,0.0,0.122165982352756,0.0,0.0,0.0,0.0,0.0,1
2020-08-28,-0.1242981702089309,0.00134319565,0.00389024635,0.0054328421,0.41583558885,0.005412804,0.32952424985,0.227962555,0.0034785246,0.0049670142,0.00215302925,0.8258626116910113,0.0,0.5310500675602592,0.0,0.0,0.0,0.0,0.0,0.0,0.0,1
2020-08-31,0.4480899572372436,0.0012540522,0.16531941,0.005071851,0.004049479,0.0050481507,0.80351883,0.0058453763,0.0032476743,0.004635045,0.0020101396,1.495317074502038,0.0,0.0,0.0,0.0,0.0,0.0,0.0,0.0,0.0,0
2020-09-01,-0.4410363137722015,0.00138732945,0.004017957,0.305775985,0.0044787868499999,0.0055838738,0.599238335,0.0685688187,0.00359282925,0.0051323575,0.0022237722,1.161047906031349,0.3153919924320518,0.0,0.0,0.2441846203511322,0.0,0.0,0.0,0.0,0.0,1
2020-09-02,-0.3052138984203338,0.0016419769,0.0047555924,0.006637447,0.005301186,0.006611412,0.95443416,0.0076635163,0.0042522633,0.006070457,0.0026319504,0.5,0.0,0.5,0.0,0.0,0.0,0.0,0.0,0.0,0.0,1
2020-09-03,0.0173882930539547,0.0019505089,0.0056495713,0.007885683,0.0062968708,0.0078540305,0.5366687,0.0090904115,0.0050513013,0.41642642,0.003126501,1.3984059069172683,0.0,0.0,0.0,0.0,0.0,0.314583666367968,0.0,0.0,0.0,0
2020-09-04,-0.0226376075297594,0.0016019239,0.0046396807,0.00648383825,0.0051714429999999,0.006447648,0.58633431,0.33625587735,0.0041485943,0.00592288575,0.042993836,1.4119226688545283,0.0,0.7387353334046711,0.0,0.0,0.0,0.0,0.0,0.0,0.0,0
2020-09-08,-0.4330463409423828,0.00160984205,0.0523599903499999,0.006510195,0.00519731105,0.0064801567,0.58746435,0.0075033566499999,0.00416904835,0.00595094015,0.3227548269,1.5533848247235291,0.0,0.0,0.0,0.0,0.0,0.0,0.0,0.0,0.0,0
2020-09-09,-0.7078692018985748,0.0014883454,0.50415516,0.006015897,0.0048052506,0.4589744,0.0058556725,0.006961227,0.0038543865,0.005504051,0.002385692,0.4474194257084835,0.0,0.0,0.0,0.0,0.5,0.223194662791678,0.0,0.0,0.0,1
2020-09-10,-0.4469770267605781,0.0015632333,0.0045278477,0.54834807,0.005047244,0.0063032736,0.20420685,0.21766743,0.0040483554,0.005782058,0.002505731,0.1491484850072239,0.0,1.173093344137515,0.0,0.0,0.0,0.0,0.0,0.0,0.0,0
2020-09-11,0.3893511435016989,0.00182752725,0.00529293695,0.007392664,0.0059005368,0.2068654455,0.6083571999999999,0.0462437069999999,0.00473284865,0.006757547,0.1066295775,1.3999350580576884,0.0,0.0,0.0,0.0,0.0,0.0,0.0,0.0,0.0,1
2020-09-15,0.0217759842053055,0.0012995775,0.0037638193,0.0052528405,0.004195369,0.005232333,0.26952282,0.70047957,0.003365548,0.004804971,0.0020831132,0.1929553892344299,0.2143514487954101,0.9634057354392958,0.0,0.2385328478367984,0.0,0.2034841537591299,0.0,0.0,0.0,1
2020-09-16,-0.3412485783919692,0.0015959912,0.00462236555,0.0064582406999999,0.11801587485,0.00642836565,0.067884838,0.782402415,0.0041332433499999,0.0059004282,0.0025582391499999,0.1912364907116604,1.385107471527831,0.2047446253464316,0.0,0.0,0.0,0.0,0.0,0.0,0.0,0
2020-09-17,0.011589562986046,0.0016539122,0.0047901,0.6476967,0.0053418917,0.14784151,0.0065018423,0.17312396,0.0042831823,0.0061157504,0.0026510817,0.1491484850072239,0.0,0.6730933441375153,0.0,0.0,0.0,0.0,0.0,0.0,0.0,0
2020-09-18,0.3196798134595156,0.0013570464,0.0039303278,0.0054949421499999,0.44921743685,0.0054648547,0.4838373491,0.0063397,0.0371649028,0.0050182965,0.0021752309,1.2022504553223796,0.0,0.0,0.0,0.0,0.0,0.0,0.0,0.0,0.0,0
2020-09-22,-0.0233733355998993,0.0014621903499999,0.1692895135,0.0059127708,0.1910284299999999,0.0058938697,0.2705651,0.3443111063,0.00378670145,0.0054065217,0.0023437677,0.928024420089031,0.4750961663368656,0.0,0.0,0.1699187886693941,0.0,0.0,0.0,0.0,0.0,1
2020-09-23,-0.4495428204536438,0.0015595942,0.004516874,0.33143774,0.005034775,0.006277333,0.33602506,0.30284512,0.0040389523,0.0057647107,0.0024998977,0.1491484850072239,0.0,0.6730933441375153,0.0,0.0,0.0,0.0,0.0,0.0,0.0,0
2020-09-24,-0.542104035615921,0.0018360598,0.0053176964,0.007428954,0.0059285285,0.007404501,0.51678497,0.4408115,0.0047549517,0.0067897793,0.002943049,0.6819670178513657,0.1907677781920194,0.1733182445989216,0.0,0.4284488778055427,0.0,0.0,0.0,0.0,0.0,1
2020-09-25,-0.0143167972564697,0.0015599965,0.0045179753,0.006303834,0.9556242,0.006281482,0.0061337966,0.0072729755,0.0040399414,0.0057651657,0.0025005427,0.3147018017574847,0.0,0.1831186479019357,0.0,0.0,0.0,0.3426811006769407,0.0,0.0,0.0,1
2020-09-28,-0.0597743466496467,0.001356321,0.003928382,0.005487005,0.6934394,0.005464483,0.005338249,0.006344014,0.0035125222,0.2729556,0.0021740682,0.5,0.0,0.4258234728848091,0.0,0.0,0.0,0.2620579514922611,0.0,0.0,0.0,1
2020-09-29,-0.2995696384459734,0.0014873494,0.004307592,0.0060112216,0.438825,0.0059938463,0.52469015,0.0069515896,0.0038518463,0.0054973206,0.0023840955,0.0,0.2033772611432727,0.0,0.0,0.4567687485477318,0.0,0.5,0.0,0.0,0.0,0
2020-09-30,-0.4599431287497281,0.0013703556,0.00396880285,0.325332165,0.00442396035,0.00551598265,0.6143595,0.006396427,0.003548922,0.0328873658,0.0021965643,1.558608204934894,0.0,0.3612660771159741,0.0,0.0,0.0,0.0,0.0,0.0,0.0,1
2020-10-01,-0.3859001472592355,0.0014186653,0.004108711,0.09591141,0.44155023,0.0057201735,0.25033578,0.0066407872,0.0036739865,0.18836617,0.0022740008,0.0,0.0,0.5,0.0,0.0,0.0,0.5,0.0,0.0,0.0,1
2020-10-02,-0.4455232303589582,0.0015318958,0.0044367723,0.00619415285,0.00494657945,0.5832688,0.00602256715,0.11239859685,0.27307914765,0.00566599085,0.0024554996,0.8436862482465267,0.0,0.0,0.0,0.0,0.0,0.0,0.0,0.0,0.0,0
2020-10-05,-0.5454411655664444,0.0293050971999999,0.0566420295,0.005627477,0.14761216175,0.42150518,0.1663865185,0.1619454404999999,0.00360202845,0.0051445805,0.00222943515,0.5752653586176251,0.0,0.0,0.3304080830769878,0.0,0.3047028503776428,0.3508799614558532,0.0,0.0,0.0,1
2020-10-06,-0.4370458424091338,0.0015239146,0.0044136179999999,0.11776315525,0.004920725,0.3981805,0.07144385835,0.3897304625,0.0039465422,0.0056345339499999,0.0024427065,0.0,0.7065486296082859,0.1579653243857404,0.0,0.0,0.215176304484375,0.0,0.0,0.0,0.0,0
2020-10-07,0.0199138224124908,0.0013293916,0.114491785,0.04043056025,0.26176735835,0.25968523,0.1087756997,0.2030256415,0.0034429138,0.004920494,0.0021309025,0.2503688064518196,0.0,0.0,0.0,0.0,0.0,0.4327995618711868,0.0,0.0,0.0,1
2020-10-08,-0.0709889475256204,0.00160998785,0.00466279815,0.4790513145,0.00519768545,0.0064827675,0.0063340316999999,0.4839597625,0.00416941985,0.00595156975,0.00258067465,0.1491484850072239,0.6921097349536662,0.6730933441375153,0.0,0.0,0.0,0.0,0.0,0.0,0.0,1
2020-10-09,-0.8237097263336182,0.0014193677,0.004111066,0.21044005,0.1908715,0.00572517,0.41259575,0.16363604,0.0036758645,0.0052500973,0.0022751265,0.5,0.0,0.0,0.0,0.0,0.0,0.5,0.0,0.0,0.0,1
2020-10-12,-0.2440025880932808,0.0013592385,0.003936799,0.005494334,0.61803406,0.005474862,0.005347608,0.13689865,0.003520105,0.21775554,0.0021787446,0.5,0.0,0.0,0.0,0.0,0.0,0.0,0.0,0.0,0.0,1
2020-10-14,0.3249805364757776,0.00186206865,0.005393224,0.09344151825,0.0803692765,0.2318740665,0.096646421,0.0086871721,0.00482227,0.4739192853,0.00298473895,0.1681791992427126,0.0,0.0,0.0,0.0,0.0,0.0,0.0,0.4708670268155118,0.0,0
2020-10-15,0.035921661183238,0.0014194031,0.0041111233,0.61903614,0.004582881,0.005718041,0.34729087,0.006641599,0.0036758916,0.005249013,0.0022751833,0.1336244436057243,0.0,0.6030347784004344,0.0,0.0,0.0,0.0,0.0,0.0,0.2221122282590442,0
2020-10-16,-0.5821979939937592,0.0016419698,0.0047555547,0.006641923,0.0053012474,0.22912236,0.25702325,0.48255888,0.0042523034,0.0060705496,0.002631939,0.5,0.0,0.4252417495469096,0.0,0.0,0.0,0.0,0.0,0.0,0.2630008639572946,1
2020-10-20,0.442701069638133,0.0014889269,0.2875938,0.0060257437,0.32191658,0.0060049146,0.3582597,0.0069599305,0.0038559658,0.005507765,0.0023866242,0.2146566161050439,0.0,0.0,0.0,0.0,0.0,0.4515778306807496,0.0,0.0,0.0,1
2020-10-21,-0.5998178571462631,0.0012996969,0.0037643572,0.0052559082,0.0041963737,0.005231793,0.96394885,0.0060498267,0.003365848,0.0048040412,0.0020833043,0.2384429016621889,0.0,0.0,0.0,0.0,0.3984351364579743,0.3020752257893973,0.0,0.0,0.617338820003824,0
2020-10-22,0.0211995183490216,0.00156115085,0.0045213907,0.3357329953,0.13715584725,0.00628573215,0.2705972004,0.1531665665,0.0827030518,0.00577367375,0.002502393,0.4268609988749359,0.0,0.6730933441375153,0.0,0.0,0.0,0.0,0.0,0.0,0.4157833085169195,1
2020-10-23,0.0166253745555877,0.00145228105,0.16306195275,0.00587905025,0.169014715,0.1213730403,0.40199131,0.1257676362999999,0.00376102135,0.0053711531,0.0023278838,0.4649872138967148,0.0,0.0,0.0,0.0,0.0,0.0,0.0,0.0,0.3719687401730877,1
2020-10-26,0.388411724474281,0.0015601272,0.0045187143,0.0063139256,0.66891754,0.006285628,0.29280734,0.0072851973,0.0040403344,0.005770562,0.0025007522,0.6567783664912734,0.0,0.0,0.0,0.0,0.0,0.7062217657528425,0.0,0.0,0.0,0
2020-10-27,0.1540701021440327,0.0014856166,0.0043026814,0.0060030185,0.09362746,0.005985396,0.8699398,0.0069343564,0.0038473457,0.0054930965,0.002381318,0.5012551723465765,0.0,0.0,0.5,0.0,0.0,0.1904501742499644,0.0,0.0,0.2703829448942128,0
2020-10-28,0.0377681422978639,0.0014865473,0.004305336,0.0060115573,0.0047991644,0.0059859487,0.4057076,0.00693008,0.4460308,0.11636021,0.0023828098,1.1475911208282166,0.0,0.0,0.4468192975904329,0.0,0.0,0.14590495271757,0.0,0.0,0.2071418991649194,0
2020-10-29,-0.8767624199390411,0.0014180384,0.00410698,0.45542592,0.04123035,0.005711957,0.47428554,0.006627794,0.0036723462,0.0052480977,0.002272996,0.5293950922871982,0.0,0.242430444371085,0.0,0.0,0.0,0.0,0.0,0.0,0.7642603664919321,1
2020-10-30,0.0100682289339601,0.00119997,0.0034754095,0.0048583015,0.0038743427,0.0048345025,0.41025335,0.005602433,0.4727435,0.09123472,0.0019234506,1.3981830259937722,0.0,0.0,0.0,0.0,0.0,0.3209929092853604,0.0,0.0,0.0,0
2020-11-03,-0.2172286063432693,0.00160128295,0.00463786575,0.00647607625,0.33208723,0.0064529075499999,0.21707568835,0.1790247672,0.134742733,0.11533475615,0.00256672125,1.0959001163518858,0.0,0.0,0.0,0.0,0.0,0.2264101943596949,0.0,0.0,0.0,1
2020-11-04,-0.4097013808786869,0.0012489287,0.0036172466,0.00505125,0.56673074,0.005033083,0.40262577,0.005834844,0.003234435,0.0046217837,0.0020019275,0.6296546587007714,0.0,0.0,0.0,0.0,0.0,0.7195209328015721,0.0,0.0,0.0,1
2020-11-05,-0.6813924908638,0.00153172935,0.0044363310999999,0.0062029257,0.270251239,0.0061754042,0.2146498664999999,0.484668072,0.003966825,0.00566235765,0.0024552328999999,0.5,0.919475682017913,0.1619081919311205,0.0,0.0,0.0,0.0,0.0,0.0,0.0,1
2020-11-06,-0.6543074697256088,0.0015170837,0.00439391475,0.1708398337499999,0.280406565,0.0061113165,0.2532414900999999,0.2715173396999999,0.00392887985,0.0056118178,0.00243175715,0.624490598024727,0.0,0.9404516762163622,0.0,0.0,0.0,0.0,0.0,0.0,0.0,0
2020-11-09,-0.2345382645726204,0.0011226607,0.0032516022,0.0045382998,0.1784094525,0.0045198202,0.746992235,0.0052332841,0.0029074165,0.0512256775,0.00179953045,0.9379019206711986,0.0,0.0,0.0,0.5,0.0,0.1357984985912384,0.0,0.0,0.0,1
2020-11-10,0.0786757096648216,0.00175559255,0.0050845803,0.00709899765,0.266228214,0.1475800895,0.5502177349999999,0.008184014,0.00454649825,0.0064901985,0.0028140667,0.6263024350413288,0.0,0.2223456238494899,0.0,0.0,0.0,0.0,0.0,0.0,0.0,0
2020-11-11,0.4845073819160461,0.0015608994,0.004520624,0.006308196,0.0873823,0.0062828483,0.76924163,0.0072856285,0.10914551,0.005770397,0.00250199,0.7207308278095552,0.0,0.0,0.2220251117591467,0.0,0.0,0.647656109652041,0.0,0.0,0.0,1
2020-11-12,-0.4514223411679268,0.0416218244,0.102827843,0.298093279,0.040708011,0.00636213165,0.490540265,0.0073789866,0.0040924414,0.0058422845,0.0025330145,0.649148485007224,0.0,0.6730933441375153,0.0,0.0,0.0,0.0,0.0,0.0,0.0,0
2020-11-13,-0.0043598711490631,0.00164304,0.0047587203,0.0066434564,0.08662513,0.0066152676,0.5676152,0.2172138,0.00425508,0.101996735,0.0026336543,0.6662158035625245,0.0,0.0,0.0,0.0,0.0,0.5,0.0,0.0,0.0,1
2020-11-16,-0.8217939734458923,0.0019495435,0.0056464192,0.007883952,0.0062937224,0.007846093,0.9458596,0.009120973,0.0050488487,0.007225904,0.0031249535,1.3136292728128185,0.0,0.0,0.0,0.2155374383778025,0.0,0.0,0.2784772295154427,0.0,0.0,1
2020-11-17,-0.3759510368108749,0.0015677592,0.004540762,0.28849965,0.06669359,0.0063163424,0.5597907,0.0072993096,0.0040600332,0.05871889,0.0025129856,0.0,0.0,0.0,0.0,0.0,0.0,0.0,0.0,0.0,0.7023472339334386,0
2020-11-18,0.0050767268985509,0.0015599848,0.004518089,0.82104355,0.0050369906,0.006285071,0.006133406,0.007279771,0.0040399637,0.14160255,0.0025005238,0.1491484850072239,0.0,0.6730933441375153,0.0,0.0,0.0,0.5,0.0,0.0,0.0,0
2020-11-19,0.4205856695771217,0.0013571301,0.0039306567,0.0054858206,0.0043816078,0.3944471,0.19071463,0.38897255,0.003514674,0.0050205565,0.002175365,0.207006231297542,0.322385930552808,0.120452761855151,0.177919516476453,0.2388545787793067,0.0,0.5,0.0,0.0,0.0,1
2020-11-20,-0.0077453888952732,0.0016457317,0.0047664167,0.006663887,0.1704568,0.006639867,0.5923089,0.007699109,0.20109494,0.0060863052,0.002637969,0.5,0.0,0.0,0.0,0.0,0.0,0.5,0.0,0.0,0.0,0
2020-11-23,-0.3269587531685829,0.0014858479,0.004303635,0.0060143927,0.10888133,0.5679484,0.29267916,0.006962944,0.0038480037,0.005494635,0.0023816887,0.6819670178513657,0.0,0.0,0.0,0.0,0.0,0.0,0.0,0.0,0.0,1
2020-11-24,-0.0086053013801574,0.00136338825,0.0280796764999999,0.00551066825,0.25977648,0.323583852,0.298203935,0.0727253673,0.0035307884999999,0.00504044235,0.0021853962999999,0.3666195813615877,0.0,0.0,0.3399854152199094,0.0,0.0,0.0,0.0,0.0,0.0,1
2020-11-25,-0.4358563907444477,0.00145247395,0.0042067165,0.428071342,0.1358976665,0.0058530779999999,0.352004402,0.00678991925,0.00376154535,0.059634655,0.002328193,0.6936522055844976,0.0,0.6730933441375153,0.302429889614536,0.0,0.0,0.0,0.0,0.0,0.0,0
2020-11-27,-0.0201991349458694,0.0016486362,0.0047747972,0.11437749,0.13411374,0.00663877,0.71775085,0.007689932,0.0042695743,0.0060935603,0.0026426248,0.695100455084406,0.0,0.0,0.0,0.0,0.0,0.0,0.0,0.0,0.0,1
2020-11-30,-0.2152716368436813,0.00130354875,0.0037754846,0.1630745049999999,0.29226128,0.00524828765,0.517966975,0.00608311915,0.00337585925,0.00482149275,0.00208947865,1.356248684610779,0.0,0.0,0.0,0.0,0.0,0.0,0.0,0.0,0.0,0
2020-12-01,-0.2957129180431365,0.0014862044,0.0043042933,0.21561491,0.10196307,0.00598400715,0.195913744,0.3927233559999999,0.0741342475,0.0054939364999999,0.0023822603,0.7101239822614182,0.640614464597721,0.1892556525547545,0.0,0.0,0.0,0.0,0.0,0.0,0.2708887711155633,1
2020-12-03,-0.5977346897125244,0.03681151535,0.00403926225,0.228188311,0.131822889,0.12039540625,0.1165224005,0.35121278,0.00361178235,0.00516014265,0.00223552575,0.0,0.5509232025898725,0.8026446496898614,0.0,0.0,0.0,0.0,0.0,0.0,0.0,0
2020-12-04,-0.4274335317313671,0.001561614,0.004522843,0.80139804,0.0050441935,0.006292703,0.006147774,0.16269828,0.0040442524,0.0057871942,0.0025031355,0.1111276164231171,0.0,1.064868985674657,0.0,0.0,0.5,0.0,0.0,0.0,0.0,1
2020-12-07,0.1260955333709716,0.0014190362,0.0041103465,0.0057405895,0.0045823464,0.36704397,0.59927505,0.0066285706,0.0036749316,0.0052506295,0.0022745952,0.2918649607860653,0.0,0.0,0.0,0.0,0.4059739457962155,0.5,0.0,0.0,0.0,0
2020-12-09,0.1830078549683093,0.0019503065,0.0056496793,0.007879794,0.006295886,0.007846955,0.94591326,0.009077975,0.005050771,0.0072093094,0.0031261765,0.8423929978824138,0.0,0.0,0.0,0.0,0.0,0.0,0.0,0.0,0.0,0
2020-12-10,-0.3671722710132599,0.00150047415,0.00434586665,0.006070861,0.194364134,0.2326343739999999,0.06829182265,0.1804130775,0.0038858377,0.30608840475,0.0024051333499999,0.0,0.3953556799114628,0.0,0.0,0.3060945709445773,0.0,0.0,0.0,0.0,0.0,0
2020-12-14,0.0400934219360351,0.0014863982,0.004304987,0.006018768,0.5622222,0.30233544,0.104958296,0.0069462913,0.0038494356,0.0054956162,0.0023825709,0.5,0.0,0.0,0.0,0.0,0.0,0.0,0.0,0.0,0.0,0
2020-12-16,-0.2353568375110626,0.00133042215,0.02332445375,0.0053819108,0.076271365,0.00536190605,0.361254328,0.51657961,0.0034454493,0.0049180763,0.0021325544,0.3227721359772326,0.7284199228883655,0.4097722259252652,0.2700972089314118,0.0,0.0,0.2332978703880242,0.0,0.0,0.0,1
2020-12-17,-0.0250341594219207,0.0014206504,0.0041148853,0.0057476717,0.004586848,0.0057205204,0.6532329,0.0066465833,0.0036790885,0.21642013,0.09843077,0.7060676868110168,0.0,0.0,0.0,0.0,0.0,0.0,0.0,0.0,0.0,1
2020-12-18,-0.6722338795661926,0.001333598,0.00386269565,0.00539352535,0.0043061976499999,0.2172193225,0.491602795,0.0062257925,0.00345368335,0.26446481,0.00213764495,0.9261855369756412,0.0,0.0,0.0,0.0,0.0,0.1860843641714175,0.0,0.0,0.0,0
2020-12-21,0.2193252220749855,0.0013379321,0.1097964415,0.06470627875,0.00432018575,0.074331399,0.2542599749999999,0.00625030975,0.0034649562,0.44994961,0.0315829323499999,0.8640458080897455,0.0,0.5,0.0,0.0,0.0,0.0,0.0,0.0,0.0,0
2020-12-23,0.0029285512864589,0.00138889345,0.00402268985,0.074516264,0.5716786300000001,0.1318302545,0.0874782323,0.0459318492,0.00359698925,0.0773299145,0.002226279,0.5,0.0,0.0,0.0,0.0,0.0,0.0,0.0,0.0,0.0,1
2020-12-24,-0.4250987619161606,0.0724414596,0.00392951655,0.111836854,0.004380508,0.2790630442,0.3064022638499999,0.00633345615,0.2084183083,0.0050198075,0.0021747713,0.940335317376786,0.0,0.0,0.0,0.0,0.2426279087570999,0.3628152391651522,0.0,0.0,0.0,1
2020-12-28,-0.3739149272441864,0.00122412835,0.0035455563,0.11813729185,0.1746998719,0.317711775,0.1339704547,0.0783919645,0.0275421464,0.14281463065,0.0019621744,0.3393672358228853,0.0,0.3671918834205546,0.0,0.0,0.0,0.0,0.0,0.0,0.0,1
2020-12-29,-0.4320549480617046,0.001560473,0.0045197485,0.006318229,0.44791394,0.15634215,0.26418173,0.106846765,0.0040414142,0.0057743015,0.0025013066,0.0,0.5,0.0,0.0,0.0,0.0,0.0,0.0,0.0,0.0,0
2020-12-30,0.2192048341967165,0.0013001175,0.0037656203,0.00525966,0.4127871,0.0052368594,0.17653824,0.38484958,0.0033669581,0.0048119565,0.0020839786,0.0,0.3626261715200031,0.6126835990172772,0.0,0.0,0.0,0.3442415717613799,0.0,0.0,0.0,1
2020-12-31,-0.8739649653434753,0.001082833425,0.0031361958499999,0.08860199215,0.00349610985,0.0043591967999999,0.6735453499999999,0.0634423687,0.00280432585,0.00400439055,0.1555272526,1.0202914417305968,0.0,0.1620689347600436,0.0,0.0,0.0,0.0,0.5976794725856285,0.0,0.0,1
2021-01-04,0.0077233565971255,0.00051489287,0.0014913333,0.0020827691,0.05319630115,0.00207330955,0.9063261,0.01480032585,0.00133344225,0.0019044864,0.01627714875,2.155131207513148,0.0,0.1112940788375406,0.0,0.0,0.0,0.0,0.0,0.0,0.0,0
2021-01-05,0.0240804012864828,0.0004836663,0.0014007722999999,0.00195505345,0.00156137475,0.00194631985,0.9865856,0.0022516792,0.00125257185,0.00178764945,0.000775276245,1.932882413448906,0.0,0.0,0.0,0.0,0.0,0.0,0.2703488179941853,0.0,0.0,1
2021-01-06,-0.4007188230752945,0.01102527957,0.02979284325,0.0728003758999999,0.08117181355,0.023479381,0.62238093,0.00265990985,0.0209420693,0.0334197666,0.1023276229999999,1.7979854998332363,0.0,0.2198452743395236,0.0,0.0,0.0,0.1104900846767132,0.5089012172296066,0.0883915937789428,0.0,1
2021-01-07,-0.1461523473262786,0.0377030995,0.00134911715,0.00188265005,0.088731315,0.00187700155,0.798346235,0.0021715188,0.0012063049,0.0659862339,0.000746638025,1.8244408762101647,0.0,0.1007929238600001,0.0,0.0,0.0,0.2612908231895688,0.0,0.0,0.2828922714458622,1
2021-01-08,-0.4207458430901169,0.0288261877,0.0673204979999999,0.0534200154,0.1069738775,0.01662425545,0.620250815,0.1021493862999999,0.0014555705,0.0020784304,0.00090091645,1.082373102954213,0.0,0.631937299567513,0.0,0.0,0.0,0.0679862476816152,0.0,0.0,0.0965203730206926,1
2021-01-11,0.1450785249471664,0.0006010122,0.00174070815,0.05565368665,0.14451258,0.0024204557,0.6126186849999999,0.06160184615,0.00155646485,0.11833122325,0.0009633718,1.534334351304704,0.0,0.666132745815807,0.0,0.0,0.0,0.1168594333173864,0.0,0.0,0.0,0
2021-01-13,0.1593206971883773,0.000496069045,0.00143679875,0.0020081563,0.00160161165,0.001998628,0.71335097,0.0675537597,0.20892465955,0.00183425235,0.0007951568,1.9268616621626464,0.0,0.120220819349065,0.356630779257268,0.0,0.0,0.0,0.2635430087524865,0.0,0.0,1
2021-01-14,0.0951632857322693,0.01023451437,0.0012807987,0.0017890032499999,0.0421551745,0.00178148575,0.898461025,0.0236749805,0.0011451956,0.0187690857499999,0.00070881384,1.9183117044756928,0.0,0.2054553079683355,0.0,0.0,0.0527650983646622,0.049640364746955,0.0,0.0,0.0704746428233161,0
2021-01-15,0.0949045699089765,0.0104374351099999,0.0013033722,0.0018204182,0.0149303450999999,0.0018131834,0.93673833,0.00209914065,0.00116538685,0.028971127,0.0007213075,2.0603491227041006,0.0,0.0609369226689339,0.0,0.0,0.0,0.0493463160260088,0.0,0.0,0.1528954281586892,0
2021-01-19,0.5818382054567337,0.006984808535,0.0012929697,0.00180592125,0.06923311215,0.00179919065,0.7717704700000001,0.0932179517999999,0.0515293072999999,0.0016507698,0.00071559488,1.864231194989847,0.1341317834887344,0.3643798930483374,0.1480502701933563,0.0,0.0,0.0,0.0,0.0,0.0,1
2021-01-20,-0.8001192808151245,0.000496184365,0.00143705675,0.00200607945,0.0887848695,0.00199747415,0.89904943,0.0023143473,0.00128498925,0.001834238,0.00079534165,1.7934714243463925,0.0,0.0,0.0,0.0,0.0,0.0,0.1466030155115207,0.0,0.4576975453564675,1
2021-01-21,-0.2027865750715136,0.00051771613,0.00149947285,0.002094535,0.0572910941999999,0.0020855086,0.91303435,0.0024122867,0.0013407471,0.0188944574,0.00082985525,2.1210745628601098,0.0,0.0609369226689339,0.0,0.0,0.0,0.0,0.2129204860628454,0.0,0.0,1
2021-01-22,0.0065296180546283,0.04183691415,0.00140287655,0.0019598749,0.01044942025,0.00195032215,0.93632238,0.00225665245,0.0012543539,0.0017907813499999,0.00077637962,1.658498036710312,0.0,0.0,0.0,0.0,0.0,0.0580111758879417,0.2606318175170254,0.0,0.3294348799654253,0
2021-01-25,0.4280246943235397,0.00056138961,0.0370395772,0.00227179785,0.057107988,0.0022609983,0.86885922,0.00261677385,0.0014538621,0.0020756897999999,0.0257527129,1.9237157190054035,0.0,0.0,0.0,0.0,0.0,0.0,0.0,0.0,0.1450739104941232,1
2021-01-26,-0.3879982251673937,0.036483799,0.0013005191,0.0018150992,0.04092724265,0.0018104592,0.84812277,0.0020927499,0.0011628056,0.06556494485,0.000719705105,1.867941831596867,0.0,0.1355567241795728,0.0,0.0,0.0,0.132721200995369,0.0,0.0,0.2810176159231467,0
2021-01-27,0.245179958641529,0.000530481425,0.001536533,0.01944516525,0.06543029655,0.0021361214,0.90426333,0.00247131395,0.0013738241,0.0019626754,0.000850316975,1.560834090467765,0.0,0.0,0.0,0.0,0.0,0.0,0.0,0.0,0.5571421491636454,0
2021-01-28,-0.5346752852201462,0.000578724735,0.00167615075,0.0023405418999999,0.0613585468,0.0023300991,0.924453785,0.0026960253,0.00149874815,0.0021396563499999,0.000927646865,2.1647663548154714,0.0,0.0,0.0,0.0,0.0,0.0,0.0,0.0,0.0,1
2021-01-29,-0.1560862883925438,0.00052312953,0.00151523815,0.0021173173999999,0.03396895585,0.0021059640999999,0.883728765,0.0024449653,0.0708226035999999,0.0019345341,0.0008385325,2.320173684548786,0.0,0.0,0.0,0.0,0.0,0.0,0.0,0.0,0.0,0
2021-02-02,-0.1325465068221092,0.00057035355,0.01389911955,0.0023067549999999,0.0573414895,0.0022961502,0.904928925,0.0026558021999999,0.0014770665,0.00210941715,0.0124149249,2.36077811467524,0.0,0.0,0.0,0.0,0.0,0.0,0.0,0.0,0.0,1
2021-02-03,-0.1922001093626023,0.0004927987299999,0.01129007615,0.00199325825,0.0015909841,0.0019842697,0.94709147,0.0022956028,0.00127622135,0.02086721485,0.0111181218,2.1888563785616126,0.0,0.0609369226689339,0.0,0.0,0.0,0.0,0.0,0.0,0.0,1
2021-02-04,0.3007270246744156,0.000324390745,0.00093954788,0.03076112545,0.05788699785,0.0402350916,0.8124610800000001,0.0357694570499999,0.0008400931499999,0.02026230367,0.000519970975,2.063937300815556,0.0,0.2974493066535155,0.0765275117952455,0.0,0.0,0.053505807793971,0.0810373996041299,0.0,0.2479428794702521,1
2021-02-05,-0.2143338657915591,0.02923862813,0.00142664245,0.0019929209,0.07083730035,0.00198424215,0.7762079550000001,0.09538056705,0.0012756066499999,0.0208665951,0.0007895322,1.540277051050431,0.0,0.6630129255016877,0.0,0.0,0.0,0.0843594614136798,0.0,0.0,0.1197654961280494,1
2021-02-08,-0.776212066411972,0.035002051,0.0013289734,0.0018560357,0.0713425775,0.00184858375,0.846101075,0.0389006587,0.00118824155,0.0016964089999999,0.0007354586,1.837032038241939,0.0,0.1353796655926116,0.1549981423806394,0.0,0.0,0.0674132956745557,0.1641324290747171,0.1367203817584627,0.1914139011034701,1
2021-02-09,0.0197561383247375,0.01066073966,0.0013373699499999,0.0018686600999999,0.02392481085,0.0018605981,0.853826175,0.0021566949,0.00119583375,0.102428974,0.0007401535,1.8421659350514312,0.0,0.0609369226689339,0.0,0.0,0.0,0.0759738673201194,0.0,0.0,0.1078604315376199,0
2021-02-10,-0.6583824157714844,0.0106732907,0.0016274931999999,0.00227277935,0.00181414795,0.01266890215,0.963888975,0.00262123265,0.0014552704,0.0020771441,0.0009007323,2.142365626733417,0.0,0.0,0.0,0.0,0.0,0.1714078985978414,0.2596064043638758,0.0,0.2067482783325112,0
2021-02-11,0.4267009943723678,0.00049004252,0.00141936405,0.00198318885,0.0015823774,0.0019836866,0.92125695,0.0493406264,0.0012690862,0.0198892275,0.000785496825,1.9792106092182185,0.1200285072626094,0.2526496339845247,0.0,0.0,0.0,0.0918753580584596,0.1391501298966435,0.0,0.0,1
2021-02-12,0.0460155010223388,0.01321109173,0.0390593982499999,0.0202021413,0.00162882245,0.00203192775,0.899790555,0.002350472,0.0013065344,0.019610428,0.00080867225,2.0549838325655174,0.0,0.0609369226689339,0.0,0.0,0.0,0.0739652728601518,0.0,0.0,0.1050088212026699,1
2021-02-16,0.3704929053783417,0.000495134215,0.0014340886,0.0020031224,0.0015985421,0.00199482995,0.780687425,0.0023085395,0.05192939515,0.0018312427,0.1557176425499999,2.0706470353044155,0.0,0.0609369226689339,0.0,0.0,0.0,0.0,0.523477559651701,0.0,0.0,0
2021-02-17,0.388200655579567,0.007956125,0.00129934375,0.0018147423,0.00144839975,0.00180669155,0.962188515,0.00209155135,0.0011618307,0.01951374535,0.0007191039,2.030210434411112,0.0,0.0609369226689339,0.2268201460730153,0.0,0.0,0.0,0.0,0.0,0.0,0
2021-02-18,0.013386134058237,0.00040987137,0.00118713375,0.15582276,0.00132349465,0.00165035435,0.834461175,0.0019118340999999,0.00106145955,0.00151498715,0.00065698918,1.9287202548660496,0.0,0.1660701684949967,0.0,0.0,0.0,0.0,0.2858760794511142,0.0,0.138189921437335,0
2021-02-19,-0.5783517360687256,0.01641723125,0.00143414745,0.00200415165,0.07079639945,0.00199394245,0.9011378,0.0023084419,0.0012823595499999,0.00183182855,0.000793697435,1.6980141480726076,0.0,0.0,0.0,0.0,0.0,0.3073628375907299,0.0,0.0,0.1959798491191396,0
2021-02-22,0.4458041163161396,0.000477740975,0.00138365125,0.1028875505,0.0138086789,0.00192341565,0.76553658,0.0022333099,0.0012372396,0.1097460998,0.0007657785,2.165258931819181,0.0,0.1298059279010705,0.286038289516403,0.130450784327895,0.1424939657865279,0.1340555150110473,0.1432309433130682,0.0,0.0,0
2021-02-23,0.0034528970718383,0.00050517202,0.0816126999,0.10273595035,0.01670122195,0.00203450815,0.53390626,0.00411253835,0.2378886600499999,0.01969326725,0.00080974807,1.5205153149724158,0.3344472123252894,0.3582666761492044,0.0,0.2536630894077462,0.0,0.0,0.0,0.0,0.0,1
2021-02-24,0.1811826825141906,0.01865555499,0.0419365594499999,0.00193160785,0.0015417426,0.00192378445,0.8881262,0.0022279164999999,0.0012366328,0.0198942652,0.02252578215,1.824879353828632,0.0,0.0609369226689339,0.0,0.0,0.0,0.225910304557117,0.0,0.0,0.2333213873048803,1
2021-02-25,-0.0798912048339844,0.0004992276,0.0014459005,0.00201923265,0.0016118015,0.0020103479,0.8787998800000001,0.0923513799,0.0012928694499999,0.01916920975,0.000800219685,1.834835421032876,0.3885279742072283,0.1575160381195641,0.0,0.1137986184606675,0.0,0.0970776804386717,0.1470293246042182,0.0,0.0,0
2021-02-26,-0.0132918637245893,0.00048133037,0.0013940541,0.0019476868,0.00155394115,0.0019384278,0.950548865,0.0211237305499999,0.00124652355,0.0189939629,0.000771531935,1.9730645394431263,0.0,0.2073261938903989,0.0,0.0,0.0,0.0,0.1723543393233719,0.0,0.0,0
2021-03-02,0.1413459032773971,0.04088821172,0.00134737845,0.00188114835,0.00150190225,0.0018733873,0.9274475,0.00216736665,0.0012047886,0.02094261825,0.00074570147,2.160105850667924,0.0,0.0609369226689339,0.1406666892837243,0.0,0.0,0.0754102816530762,0.0,0.0,0.0,0
2021-03-04,0.4675725968554616,0.00050880645,0.0351394947,0.0020583953,0.0431031252,0.00204962155,0.58085195,0.28066904965,0.0013176786,0.053486308,0.0008155737199999,1.1572176089950887,0.601955159070404,0.5914629915005937,0.1204063798632849,0.0,0.0,0.0,0.0,0.0,0.0,0
2021-03-05,-0.4602476730942726,0.0399993389999999,0.00148280685,0.00207043435,0.0888322135,0.00206199835,0.7038646049999999,0.1148428254,0.0013258487,0.04469931675,0.000820626995,1.3883359380138671,0.0,0.5446027810409021,0.2095456839275676,0.0,0.0,0.2287926594017714,0.0,0.0,0.2128104937633435,1
2021-03-08,0.0117051368579268,0.0211450904999999,0.00150676685,0.00210402375,0.16160969,0.00209490785,0.766613225,0.0024295036,0.03973947735,0.00192341075,0.00083389202,1.357107030423092,0.0,0.0,0.5872384198581668,0.0,0.2115062853517523,0.3979618905881191,0.0,0.0,0.0,0
2021-03-09,0.4210422113537789,0.000547329955,0.0015852006,0.0022149235,0.0017670504999999,0.0022041653,0.8581961499999999,0.00255451185,0.0014174486,0.12863592,0.0008773237,1.856209055797802,0.0,0.2061080552617455,0.0,0.0,0.0,0.0577576433500064,0.0,0.0,0.0,1
2021-03-10,-0.4836467057466507,0.00045148277,0.001307621,0.0018266491,0.0014576134,0.0018191381,0.9487064,0.002105007,0.0011692268,0.040433176,0.0007236888,1.773745612630396,0.0,0.2649086489103691,0.0,0.0,0.0,0.1585617291523887,0.0,0.0,0.0,1
2021-03-11,0.2419643998146057,0.008730631935,0.0013291087499999,0.0018579282499999,0.0125916447499999,0.001848262,0.94966376,0.00213962075,0.0011884102499999,0.01991514535,0.0007355603,2.122298018238134,0.0,0.0609369226689339,0.0,0.0,0.0,0.0,0.0,0.0,0.0,1
2021-03-12,-0.4105529785156249,0.008575708415,0.00131892495,0.00184343995,0.01253181885,0.00183411215,0.95019762,0.00212326375,0.0011793073,0.0196659165,0.000729925415,2.122298018238134,0.0,0.0609369226689339,0.0,0.0,0.0,0.0,0.0,0.0,0.0,1
2021-03-15,-0.745748907327652,0.0173340105,0.0012926780999999,0.0018069543,0.0014408883,0.00179635995,0.97072742,0.00208061105,0.00115585255,0.00164981095,0.000715406525,1.968510080723469,0.0,0.0,0.2196641476600597,0.0,0.0,0.0726251910740861,0.2580960498406786,0.0,0.0,1
2021-03-16,-0.5393889844417572,0.00935293664,0.001350453,0.00188715905,0.00150530415,0.00187768095,0.9596213,0.0021723026,0.0012074942,0.0202780328,0.000747373875,2.073385349292918,0.0,0.0609369226689339,0.0,0.0,0.0,0.0,0.1481013245379767,0.0,0.0,0
2021-03-17,-0.0782238282263279,0.01148544248,0.001509894,0.0021084411,0.0548786897,0.02994616985,0.85812405,0.0378334225,0.00135007475,0.0019281654499999,0.00083561982,1.509066493471401,0.2083576855844299,0.0,0.3017331727238524,0.0,0.0,0.3000340880100669,0.1447222996396291,0.0,0.1451503232214385,1
2021-03-18,-0.2159131541848182,0.01344115317,0.00142360305,0.00198769005,0.057739487,0.00198151295,0.8987664799999999,0.00229054295,0.0012729138,0.02030872585,0.0007878642099999,1.620579601611205,0.0,0.0609369226689339,0.2465170347452719,0.0,0.0887883022154689,0.1670605701055803,0.0,0.0,0.1185883108239301,0
2021-03-19,-0.0734644401818513,0.027467617,0.0218197583,0.0022329345,0.00178338645,0.0022234623,0.9375426,0.0025722579,0.00143048285,0.00204207145,0.00088539527,2.108028621261652,0.0,0.1588412244832289,0.0,0.0,0.0840750504798621,0.0790961506997605,0.0,0.0,0.0,0
2021-03-22,-0.3082066774368286,0.009139569275,0.0180466850999999,0.001807002,0.0014431452,0.00180106875,0.9621484,0.002086932,0.0011575479,0.0016531862,0.00071645005,1.9067467222694507,0.0777049465931039,0.0732075660312777,0.7369217416302475,0.0,0.0814461250729799,0.134657199324726,0.1500097386184709,0.0,0.0,1
2021-03-23,-0.4357684254646301,0.00992809922,0.00127158835,0.0017756869,0.00141753185,0.0017695607,0.925406905,0.03664606175,0.0011370089,0.0199438719,0.00070374672,1.7377782958337358,0.239585537393461,0.1336590725529437,0.2157276678267785,0.0,0.0964151759656169,0.0730975593875872,0.177580152923129,0.0,0.0,0
2021-03-24,0.0204961383715271,0.0005071488,0.00146886765,0.00205201735,0.09103011185,0.00204370825,0.64639217,0.113771754,0.0013133842,0.140607947,0.00081291672,1.553757327199511,0.0,0.2088822397450967,0.2126934217686128,0.0,0.0,0.2974180938913121,0.0,0.0,0.0,0
2021-03-25,-0.1634975895285606,0.00045545761,0.00131914165,0.04490975685,0.1744057193,0.0018350136,0.739447175,0.00212771885,0.0011795249999999,0.033590457,0.000730060085,1.7292680232933284,0.0953541374036471,0.1509918635732082,0.0,0.0,0.0,0.0905198265094647,0.0,0.3076797066920836,0.0,1
2021-03-29,-0.431965559720993,0.0099242274,0.0013119901,0.1285628894,0.01571283755,0.07365427035,0.7483439000000001,0.0021163239,0.0179729169,0.0016745405,0.000726106285,1.4003648201811716,0.1105997729640902,0.4943953834816185,0.4473011921332511,0.0,0.0711177610656613,0.3208806973961521,0.0,0.0,0.0949870077917459,0
2021-03-31,0.0216196486726403,0.008701008285,0.00128081095,0.00178965305,0.0014276452499999,0.00178078705,0.9588443,0.0020603521999999,0.0011452367,0.02226142465,0.00070883995,2.122298018238134,0.0,0.0609369226689339,0.0,0.0,0.0,0.0,0.0,0.0,0.0,1
2021-04-01,0.0047626495361328,0.0004553590949999,0.10565247885,0.00184148445,0.03802538195,0.0018348392,0.828412975,0.00212348025,0.00117926235,0.01974490185,0.0007299022199999,2.1017381948981457,0.0,0.0609369226689339,0.0,0.0,0.0,0.0,0.0,0.0,0.0,1
2021-04-05,-0.7791378200054169,0.042221503,0.00149544125,0.0020872942,0.00166696015,0.0020778852,0.94397335,0.0024044441499999,0.00133719985,0.0019082771,0.000827660435,1.9361785339076487,0.0,0.0851584234807883,0.0,0.0,0.0,0.0,0.313452397510636,0.0,0.0,1
2021-04-06,-0.7791378200054169,0.0426732489999999,0.0015086019,0.00210567425,0.00168162675,0.00209617255,0.943400065,0.00242560935,0.0013489659,0.00192507335,0.000834944105,1.9361785339076487,0.0,0.0851584234807883,0.0,0.0,0.0,0.0,0.313452397510636,0.0,0.0,0
2021-04-07,0.0101566854864359,0.015159707965,0.0810573756,0.0019456770999999,0.0015528630999999,0.0019382862499999,0.87524214,0.0022453051999999,0.00124557465,0.0188421392,0.00077094615,1.9618850517864763,0.0,0.0609369226689339,0.0,0.0,0.0,0.3552516081192257,0.0,0.0,0.0,1
2021-04-08,0.1248359084129333,0.00046235828,0.00133910765,0.00187018965,0.00149275275,0.0147296784,0.61459873,0.1876624062,0.0011973936,0.122698246,0.0539492238,1.8534508182453,0.5361977987929802,0.1477009729673219,0.2710203292067249,0.0,0.0,0.0,0.0,0.0,0.0,1
2021-04-09,-0.0023801699280739,0.0004218098999999,0.00122166175,0.1025307853999999,0.001361974,0.00169924315,0.788059085,0.0210908576,0.06431341235,0.01862508565,0.00067612567,1.7552491755297486,0.0,0.459302164854406,0.2479667769973135,0.0,0.0,0.2217498978490649,0.0,0.0,0.0,1
2021-04-12,-0.109948068857193,0.0236554183,0.0016403429,0.0022900133,0.0322487489,0.00228121875,0.729341955,0.10551456985,0.0014667268499999,0.0020952524,0.09946583525,1.7791233953798509,0.0,0.1524257912903287,0.0,0.0,0.1054371645214962,0.0799376168541908,0.1941971023958459,0.0,0.0,0
2021-04-13,-0.1047207470983267,0.012768284885,0.0013706811,0.0019136202,0.2050376525,0.00190630125,0.71515825,0.0367576087,0.0012256285,0.0231034175,0.00075859635,1.6057066271428135,0.1003986418051794,0.2341608145119603,0.0,0.0,0.0,0.2105178452085666,0.0,0.3239568361059878,0.1353100106978068,1
2021-04-14,0.3267477750778198,0.01699752939,0.0013503243,0.00188580125,0.0369012802499999,0.00187822365,0.919030905,0.00217338345,0.00120740215,0.017827798,0.00074731853,2.127754288819656,0.0,0.1724940286410531,0.0,0.0,0.0,0.1152092630594807,0.0,0.0,0.0,0
2021-04-15,0.7309951484203339,0.01028973167,0.0012896711,0.0018007182999999,0.00143759135,0.00179386345,0.961191745,0.0020747969,0.0011531637999999,0.0182550543999999,0.0007137467049999,1.886735228033972,0.0,0.0609369226689339,0.0,0.0,0.0606707794497887,0.0459977992002388,0.1117451291744886,0.0,0.0,1
2021-04-16,0.1297630071640015,0.0005224183,0.00151319945,0.00211522355,0.0142318534,0.0021041642,0.95649865,0.0024345228,0.00135294135,0.01838968535,0.00083739245,1.913308300211064,0.0,0.0609369226689339,0.0,0.0,0.0,0.0,0.0,0.0,0.0,1
2021-04-19,0.501481682062149,0.0095554814999999,0.00148087335,0.00206772585,0.0182819455,0.0638950734,0.785651965,0.0023849108,0.11397166735,0.00189076165,0.000819573815,1.9904375435757609,0.0,0.0,0.0,0.0,0.0,0.0723997616973785,0.0,0.0,0.1027862581615889,0
2021-04-20,-0.0689817145466804,0.0389167574999999,0.1601048933,0.00184457635,0.04646936,0.06534800985,0.66427332,0.0194452735,0.00118068365,0.00168644085,0.000730778815,1.8898103349635365,0.0,0.3049440190564019,0.0,0.0,0.0,0.203902224819549,0.0,0.0,0.1004686821158734,0
2021-04-21,0.0204811533913015,0.011749376785,0.0012987603,0.00181372585,0.00144775635,0.0018071416,0.960657,0.0020895853,0.0011613004999999,0.01725665565,0.0007187826,1.7651818984161394,0.0,0.0609369226689339,0.0,0.0,0.1658594519994579,0.0696320710169897,0.1691612404456142,0.0,0.0988569556042827,1
2021-04-22,-0.0433422876521945,0.0221329325,0.001342601,0.0018737526,0.0171951155,0.0733780409,0.832299815,0.00216332785,0.0012004645,0.04767089695,0.000743024435,1.557308634287634,0.0,0.0,0.0,0.0,0.1613480593880661,0.3204030716365638,0.0,0.0,0.1916262338017671,0
2021-04-23,0.0288811968639492,0.016796242,0.00129461595,0.0095974064,0.0421547825,0.142792475,0.76160045,0.0020838395,0.0113595592,0.0116041524,0.0007164790999999,1.1721157594283829,0.0,0.0,0.0,0.0,0.0634097168757712,0.148161414440131,0.0,0.0,0.3359989019374866,1
2021-04-26,0.1095731481909751,0.01031884985,0.00140272095,0.00195860965,0.0964471701999999,0.00195129775,0.70607891,0.1117824195,0.01688464965,0.05239917855,0.000776306555,1.7598486431831246,0.0,0.0,0.0,0.0,0.0758545405409118,0.2868846552295084,0.1397110026949751,0.0,0.2243833988740617,1
2021-04-27,-0.3846953948959708,0.00980557022,0.00150643955,0.00210277615,0.0016791465,0.0020930495,0.95942875,0.0024217585,0.0182050726,0.00192365215,0.00083372617,1.8015425117240191,0.0,0.0,0.0,0.0,0.0,0.2048929938784242,0.166583187708026,0.0,0.5852694760229629,0
2021-04-28,0.3621338084340095,0.0093331673,0.00127205195,0.00177614425,0.01544873135,0.08946422585,0.86072577,0.0020467355,0.00113738865,0.0180919322499999,0.0007039849,1.5841514661884404,0.0,0.0609369226689339,0.0,0.0,0.0,0.0501621704062462,0.0,0.0,0.2848618103950875,0
2021-04-29,0.3780910037457943,0.00861286155,0.00128056825,0.0017879414499999,0.02476071715,0.0780281053,0.86452178,0.002060658,0.0011450338,0.0170936850499999,0.000708716325,1.4650380473568316,0.0,0.0609369226689339,0.0,0.0,0.0,0.0586079803684395,0.0,0.0,0.3328240236844801,1
2021-04-30,-0.2177209234796464,0.01255224961,0.0013287224,0.0018553832499999,0.0127782871,0.00184834115,0.94638375,0.0021382974999999,0.0011880946,0.0191915391,0.000735366395,1.8026464748481064,0.0,0.0609369226689339,0.0,0.0,0.0895880472278464,0.0679215438552,0.1650057573143763,0.0,0.5394807667533025,0
2021-05-03,-0.2296751514077186,0.0013454882999999,0.04673923065,0.0339589445,0.0043442149,0.0054188162,0.8360933500000001,0.0062869354,0.0586797910999999,0.0049765435,0.0021567043,1.3847403696896057,0.0,0.168914303624695,0.0,0.0,0.0,0.0,0.0,0.0,0.3824728699834883,1
2021-05-04,0.0228162999264895,0.0012509617,0.0036230574,0.0050578067499999,0.0040389807,0.00504640815,0.28148798085,0.554711,0.1381534585,0.0046251025,0.0020051859,0.6087320158019722,0.952730831611818,0.5745293867150303,0.1757157330060132,0.0,0.0,0.0,0.0,0.0,0.0,0
2021-05-05,-0.458100764080882,0.0015621672,0.004524626,0.25952545,0.0050439727,0.006300061,0.0061448296,0.70457375,0.0040456145,0.0057755434,0.002504022,0.5,0.0,0.5,0.0,0.0,0.0,0.0,0.0,0.0,0.0,1
2021-05-06,0.0265320288017391,0.0015597335,0.0045172684,0.9568775,0.0050352197,0.006278224,0.0061383187,0.00728917,0.0040393597,0.005765085,0.0025001212,0.3626848707930457,0.0,0.8318009847318284,0.5669386385337956,0.0,0.0,0.1874408153965927,0.0,0.0,0.0,1
2021-05-07,0.0690417764708399,0.0011153243,0.0032310977,0.68126893,0.003601563,0.0044914293,0.0043874714,0.29310206,0.0028884,0.004126063,0.0017877709,0.0,0.0,0.8431031769988371,0.0,0.0,0.0,0.0,0.0,0.0,0.0,1
2021-05-10,0.0271440763026475,0.0015604807,0.0045194817,0.006315218,0.005037554,0.0062811137,0.6653886,0.007293634,0.29533353,0.005769196,0.0025013187,0.2110981500087979,0.0,0.3465373009819823,0.5380423501832782,0.0,0.0,0.0,0.0,0.0,0.0,0
2021-05-12,0.1236210372298955,0.0011592195,0.0033574153,0.004693307,0.0037422741,0.0046649612,0.8928882,0.0054096547,0.0030021227,0.079224735,0.0018581311,0.5530873045646723,0.0,0.1345552144241722,0.3954809987664219,0.0,0.0,0.0,0.0,0.0,0.2249566406113683,0
2021-05-13,-0.0605339528992772,0.0015056435,0.0043605347,0.006087538,0.004860701,0.006058966,0.85207385,0.06271588,0.0038992884,0.056024253,0.0024134193,0.950770288391914,0.0,0.5,0.0,0.0,0.0,0.1004933695589696,0.0,0.0,0.0,1
2021-05-14,-0.3323324434459209,0.0014178575,0.0041063894,0.0057370723,0.004577537,0.0057065706,0.64642346,0.3208446,0.003671896,0.0052419202,0.0022727058,0.4652081502667098,0.2351072592008888,0.73150068287977,0.0,0.0,0.0,0.1799619449899933,0.0,0.0,0.0,1
2021-05-17,0.1284742206335068,0.00152387155,0.0044136992,0.3652505304999999,0.00492021925,0.00613813125,0.2595452658,0.314629265,0.00394645195,0.0056349183,0.0339975809,0.5,0.3005923673346938,0.0,0.0,0.0,0.0,0.2300872685027393,0.0,0.0,0.3266559008698188,0
2021-05-18,-0.1922651827335357,0.0014857199,0.004303005,0.0060061794,0.004796382,0.0059807515,0.011986816,0.953719,0.003847743,0.0054928404,0.0023814836,0.0,0.0,0.2626404772751805,0.0,0.3803936166857849,0.0,0.3245006878031357,0.0,0.0,0.4254644282389132,0
2021-05-19,0.1789353555068373,0.0013807145499999,0.00399890055,0.00558346815,0.0044576037,0.0055585771999999,0.00543200215,0.5073733300000001,0.3436127,0.120389491,0.0022131688,0.9061731094969894,0.0,0.0,0.6125766137788362,0.0,0.0,0.0,0.0,0.0,0.0,0
2021-05-20,-0.0179655607789754,0.0016435755,0.004760052,0.0066535287,0.005306191,0.006615979,0.0064678155,0.5167376,0.44310495,0.006075835,0.0026345127,0.978538324663342,0.0,0.3072189708626516,0.0,0.0,0.0,0.1706272421460261,0.0,0.0,0.0,1
2021-05-21,0.0608370099216699,0.0017330736,0.0050192485,0.007007735,0.005594649,0.0069739856,0.76882315,0.19117665,0.004488227,0.006405335,0.0027779706,0.0,0.0,0.3947538913121655,0.0,0.0,0.0,0.3068702743732325,0.0,0.0,0.0,0
2021-05-24,-0.780189037322998,0.0016469178,0.0047708475,0.006679914,0.32408088,0.00663567,0.6354626,0.0077245636,0.004265122,0.006093515,0.0026398702,0.7680371452777128,0.0,0.2015584243557792,0.0,0.0,0.0,0.5,0.0,0.0,0.0,1
2021-05-26,0.1013747900724411,0.001559969,0.0045179855,0.0063067367,0.0050361054,0.00628095,0.006139935,0.95785093,0.0040400806,0.005766899,0.0025004987,0.0,0.2318770827730741,0.2283200577837909,0.5368393713595208,0.0,0.0,0.0,0.5,0.0,0.0,1
2021-05-27,-0.4581493576988578,0.0016503391999999,0.0047804243,0.77562177,0.184068955,0.00664313575,0.0064978925,0.00771550265,0.00427392775,0.006102846,0.0026453544999999,0.1491484850072239,0.0,1.173093344137515,0.0,0.0,0.0,0.0,0.0,0.0,0.0,1
2021-05-28,-0.4220579378306865,0.00133293105,0.003860457,0.199706844,0.0043032656,0.005365109,0.4827768145,0.2921392216499999,0.0034519584,0.0049268662,0.0021365759,1.2549866605778135,0.2981584154791188,0.2959916823525559,0.0,0.0,0.0,0.0,0.0,0.0,0.0,1
2021-06-01,-0.4908527359366417,0.0014185116,0.004108338,0.86861724,0.0045793997,0.0057089897,0.005580552,0.0066234535,0.0036736368,0.0052437442,0.09444618,0.7030095701135999,0.0,0.0,0.0,0.0,0.0,0.0,0.0,0.0,0.0,0
2021-06-02,-0.850348949432373,0.00171817365,0.0049762507,0.240494953,0.005546911,0.00691897965,0.2633263897,0.243568337,0.00444964335,0.0811903525,0.1478100235,0.5,0.0,0.5,0.0,0.0,0.0,0.0,0.0,0.0,0.0,1
2021-06-03,0.0337324845604598,0.0016429782,0.004759277,0.006645301,0.005304639,0.0066188877,0.86949104,0.09256835,0.0042548976,0.006081092,0.0026335553,0.5689164033096261,0.0,0.0,0.0,0.0,0.0,0.7968953367417442,0.0,0.0,0.0,0
2021-06-04,-0.0359125579707324,0.00153143365,0.0044352696999999,0.00619383035,0.00494409145,0.00616435685,0.31172614,0.65292362,0.00396604045,0.0056605199,0.00245475885,0.8468825524100188,0.5801644921113818,0.5499598674040045,0.0,0.0,0.0,0.3158913628956794,0.0,0.0,0.0,1
2021-06-08,-0.6215848624706268,0.0024000593,0.0069509232,0.009706581,0.0077476446,0.009659046,0.83743674,0.011195227,0.10218688,0.008869732,0.0038470924,0.455671295604605,0.0,0.4433167328660299,0.4838728278273454,0.0,0.0,0.0,0.584219311953806,0.0,0.0,1
2021-06-09,0.1401254106312989,0.0015297736,0.00443051285,0.21382693015,0.0049387212,0.00616053,0.20145027175,0.300397005,0.25915702,0.00565715695,0.0024520979999999,0.0,0.0,0.722924410712589,0.7733347611516492,0.0,0.0,0.0,0.0,0.0,0.0,0
2021-06-10,-0.2164131850004196,0.00145783095,0.0042222219999999,0.39692079515,0.0047070967999999,0.00587220955,0.3755902055,0.199728795,0.00377539905,0.005388709,0.00233678,0.2761373828074101,0.2607505919017836,0.7567506434796588,0.0,0.0,0.0,0.1995905351261037,0.0,0.0,0.0,1
2021-06-11,-0.1578109264373779,0.0014306599999999,0.0041434965,0.00578634965,0.046622,0.191274753,0.165886325,0.32169683035,0.09000227,0.1708640815,0.0022932271,0.5,0.0,0.3947538913121655,0.0,0.0,0.0,0.3068702743732325,0.0,0.0,0.0,1
2021-06-14,0.5156424641609192,0.0014521221,0.0042057102499999,0.0058704114,0.0046883849,0.199852713,0.0057122896,0.5315214930000001,0.00376067415,0.2406085265,0.002327629,0.5652001592735301,0.3036442570224651,0.0,0.0,0.0,0.4059739457962155,0.288249951335804,0.0,0.0,0.0,1
2021-06-15,0.0156811736524104,0.0014180316,0.0041068634,0.00573113,0.004577778,0.0057073785,0.22134192,0.7459303,0.0036723427,0.0052412883,0.002272985,0.0,0.2286068331733487,0.710137334559233,0.326320271985406,0.0,0.0,0.217016811657909,0.0,0.0,0.0,0
2021-06-16,-0.0309873521327972,0.0014713321,0.00426127815,0.00594686965,0.00475004035,0.0059248645,0.005783462,0.9602535,0.00381033065,0.00543990615,0.00235842125,0.0,1.1558774425944651,0.2120695021291044,0.0,0.2218370401979085,0.0,0.0,0.0,0.0,0.2360327489319547,0
2021-06-17,-0.2829939778894186,0.0016008284499999,0.0046363515,0.0064756347,0.00516788585,0.0064456561499999,0.245146414,0.422922685,0.182844006,0.00591782215,0.11884272785,0.7019596269427685,0.1760408939274967,0.0,0.0,0.0,0.0,0.0,0.6867919251936394,0.4894113618722273,0.0,0
2021-06-18,-0.2080640122294426,0.00139269115,0.0040334901,0.00562967865,0.00449597965,0.0056065935,0.309461685,0.25111835985,0.242628098,0.0051478447,0.1704855954999999,1.7803142036970248,0.1916057409329706,0.0,0.0,0.0,0.0,0.0,0.0,0.0,0.0,0
2021-06-21,-0.3327601002529263,0.0012996164,0.0037639982,0.00525332,0.0041954005,0.005229853,0.96395284,0.0060525076,0.003365707,0.0048035323,0.0020831753,0.9651995422497438,0.0,0.0,0.0,0.0,0.0,0.1310682200612372,0.1985098097276336,0.0,0.0,1
2021-06-22,-0.2965990900993347,0.0016614358,0.0309261915,0.006725632,0.0929459082,0.0066896123,0.34643809,0.501505225,0.004302665,0.00614212485,0.00266314135,0.4910022439059306,1.0545169841300164,0.212336426547779,0.0,0.0,0.0,0.218584297067515,0.0,0.0,0.0,1
2021-06-23,-0.8150905966758728,0.00135943545,0.0039373307,0.3582378615,0.00438883225,0.0054726112,0.0053502038,0.1611047099999999,0.3993435649,0.0586263538,0.0021790602,0.7572018626372063,0.1932057000631324,0.0,0.0,0.4339242515806912,0.0,0.2471480680685674,0.0,0.0,0.0,0
2021-06-24,-0.1524236500263213,0.0013003707,0.0037664955,0.18874705,0.33037606,0.005247463,0.45423427,0.0060660993,0.00336768,0.0048102527,0.0020843844,1.0,0.0,0.0,0.0,0.0,0.0,0.0,0.0,0.0,0.0,1
2021-06-25,-0.3431016579270363,0.001641874,0.004755417,0.70871466,0.0053014,0.0066123204,0.0064629386,0.2535572,0.004252108,0.006070286,0.0026317853,0.9310832113046076,0.0,0.0,0.0,0.0,0.0,0.0,0.0,0.0,0.628500564027801,1
2021-06-28,-0.4065131396055221,0.0020809257,0.0060270797,0.008420669,0.0067182058,0.008378601,0.9422396,0.009715709,0.0053891456,0.0076945852,0.0033355486,0.7070122019618122,0.0,0.4258234728848091,0.0,0.0,0.0,0.2620579514922611,0.0,0.0,0.0,1
2021-06-29,-0.372315600514412,0.0014857572,0.0043032225,0.75508946,0.004797662,0.0059808865,0.0058423863,0.21077314,0.003847793,0.0054981615,0.0023815434,0.8057002574570461,0.0,0.4097274684207536,0.0,0.0,0.0,0.2928976188874437,0.0,0.0,0.0,1
2021-06-30,0.3724723830819129,0.0012485198,0.0036159295,0.0050543593,0.004031033,0.0050285817,0.7673194,0.20385113,0.00323333,0.0046164272,0.0020012716,0.4308809908788151,0.215988118385458,0.8287654060272451,0.0,0.0,0.0,0.0,0.0,0.0,0.2366402512805316,1
2021-07-01,-0.8181489408016205,0.0013281078499999,0.0038464652,0.2437586235,0.00428745765,0.0053452529999999,0.512612195,0.218344075,0.0034394361,0.0049095349,0.0021288448,0.5023420775699847,0.0,0.4621723400160436,0.0,0.0,0.0,0.2251958346422119,0.0,0.0,0.3197115108361883,1
2021-07-02,0.0264899358153342,0.0016006790999999,0.0046359498499999,0.00647223065,0.0051675385,0.0064459501,0.747550535,0.215498903,0.004145385,0.0059170685,0.0025657535,0.4730075462152696,0.0,0.7456306161062028,0.0,0.0,0.0,0.2527073222590785,0.0,0.0,0.3587696900663416,1
2021-07-06,0.0288760773837566,0.0014180215,0.0041069724,0.0057350416,0.11133607,0.005707544,0.71072805,0.006627153,0.14682634,0.005241895,0.0022729686,0.2493947430057159,0.0,0.1458227437809426,1.3887994569943594,0.0,0.0,0.1505966894884547,0.0,0.0,0.0,0
2021-07-07,-0.3450749814510346,0.00141825305,0.0041075383,0.0057350432,0.00457856915,0.005710962,0.5325744099999999,0.404052391,0.0343064174,0.00524313835,0.0022733399,0.3542073643273025,0.5,0.2751685704295996,0.42967393270194,0.0,0.0,0.1370222043134355,0.0,0.0,0.0,1
2021-07-08,0.0069957412779331,0.00161047945,0.00466432235,0.3140568345,0.00519919875,0.00648568715,0.3031691625,0.1724794065,0.1837963485,0.0059571771499999,0.0025814625,0.2607370870046741,0.0,0.931280028986941,0.9223678705127216,0.0,0.0,0.0,0.0,0.0,0.0,0
2021-07-09,-0.2371219545602798,0.0017414943,0.00504366525,0.0070443365,0.0056219282,0.00701055185,0.690108085,0.0081373205,0.266063295,0.0064378715,0.0027914682999999,1.0785843296872342,0.0,0.0,0.6283018600599395,0.0,0.0,0.0,0.0,0.0,0.0,1
2021-07-12,-0.5451707243919373,0.0014216211,0.0041173589,0.00575011295,0.00458985285,0.0057240362,0.7351338599999999,0.2320436995,0.0036816422,0.00525911945,0.0022787386499999,0.2767476371284461,0.2592016862543986,0.257318053759351,0.0,0.2444258659272764,0.0,0.4512116796910527,0.0,0.0,0.3566014237671085,1
2021-07-13,0.0541813559830189,0.0014190237,0.124819264,0.3472344,0.0045830873,0.005715358,0.16301939,0.34201077,0.003674965,0.0052491366,0.0022745752,0.3872776349977078,0.0,0.2496842964246957,0.2629383528281839,0.0,0.0,0.1940973610059828,0.0,0.0,0.6007139763092834,0
2021-07-14,-0.6177139431238174,0.0015765853,0.00456615565,0.0063754562,0.0382356532,0.00634526285,0.24406780065,0.451724469,0.0240338189,0.220547751,0.0025271331,0.3441491008125252,0.6578714361313944,0.1504005325963421,0.3099558573442557,0.2014216329476627,0.0,0.0,0.0,0.0,0.3366848560281327,1
2021-07-15,0.3259632969275117,0.0017339636,0.0050221235,0.007007587,0.22787423,0.0069891275,0.006818112,0.7308738,0.0044904794,0.0064111734,0.0027793974,0.0,1.1115045028856936,0.2722278983338059,0.0,0.0,0.0,0.0,0.0,0.0,0.0,0
2021-07-16,-0.360381746198982,0.0013001506,0.0037654212,0.005258131,0.004197236,0.005231913,0.8531757,0.116814,0.0033671004,0.0048062834,0.0020840317,0.4099551516062545,0.0,0.5529638269022957,0.4796689464326978,0.0,0.0,0.4667763998077756,0.0,0.0,0.0,0
2021-07-19,0.0228337123990058,0.0012038695,0.1159819,0.0048721978,0.10979024,0.0048471177,0.4744997,0.005614553,0.27680954,0.0044512055,0.0019297011,1.147548428136547,0.0,0.0,0.0,0.0,0.0,0.0,0.6904919584093122,0.0,0.0,0
2021-07-20,-0.2179621448740362,0.0018241416,0.005283081,0.0073817288,0.00588951605,0.00734336035,0.71217096,0.24571399,0.00472412105,0.0067452145,0.00292394495,1.089225509212204,0.0,0.4569153800927773,0.0,0.0,0.0,0.1427726846405921,0.0,0.0,0.2026950044840048,1
2021-07-21,-0.3425414585508406,0.0016468288,0.00476957385,0.2806312,0.00531656285,0.0066297536999999,0.5849068900000001,0.1031023795,0.0042648728999999,0.0060922266,0.0026397277,0.6662286224595089,0.0,0.5738086274948613,0.0,0.0,0.0,0.0,0.0,0.0,0.4157833085169195,1
2021-07-22,-0.6902858018875122,0.00164676565,0.04122911275,0.0066581763,0.0053159973,0.0066262835,0.91785815,0.0076732148,0.00426469635,0.0060879702,0.0026396263,1.4950718327054056,0.0,0.0,0.0,0.0,0.0,0.0,0.0,0.0,0.2907750615898932,1
2021-07-23,-0.7693401873111725,0.0014174968,0.004105275,0.0057274457,0.004575853,0.0057044355,0.96068645,0.006601543,0.0036709365,0.0052384734,0.0022721277,0.3115628121240392,0.0,0.2163624869756452,0.4507629911935027,0.0,0.0,0.2251958346422119,0.0,0.0,0.3197115108361883,1
2021-07-26,0.1558353304862976,0.0015458956,0.004477391,0.1226273619999999,0.08344332715,0.006226669,0.583162875,0.06038289565,0.0040034603,0.131652208,0.00247794005,0.7022504553223796,0.2990244883651821,0.0,0.0,0.0,0.0,0.230763752872974,0.0,0.0,0.3276163086873454,1
2021-07-27,-0.4460374331101775,0.0014855745,0.0043028397,0.34019786,0.0047959727,0.0059841415,0.39855087,0.07110886,0.0038472621,0.16734545,0.0023812505,0.4034888403406321,0.2952909678953486,0.2441466954500386,0.0,0.0,0.0,0.0,0.0,0.0,0.4363397656652737,0
2021-07-28,-0.0123442597687244,0.0013566954,0.00392922,0.0054825055,0.004379824,0.0054630605,0.08259782,0.88608825,0.0035135506,0.005014434,0.0021746682,0.428763365559084,0.7398142444859263,0.3855086354318745,0.0,0.0,0.0,0.0,0.0,0.0,0.3626446058137209,0
2021-07-30,0.0426561869680881,0.0013559855,0.003927225,0.0054866723,0.0043777055,0.0054606847,0.84457445,0.1241194,0.0035116826,0.005012606,0.0021735304,0.8003256589927578,0.1872664955320421,0.0,0.0,0.0,0.0,0.7025558208036511,0.0,0.0,0.2051723534164119,0
2021-08-04,-0.4561099694110453,0.001489003,0.00431265085,0.33527812,0.0048072384499999,0.0059927289,0.35501706,0.28135597,0.0038561255,0.00550437395,0.002386746,0.8560955440564934,0.0,0.668878744890326,0.0,0.0,0.0,0.0,0.0,0.0,0.0,0
2021-08-05,-0.4479446187615394,0.00168819275,0.00488946375,0.27661055465,0.0054508687,0.00679641425,0.643965275,0.00788228215,0.00437198975,0.04563894615,0.0027060305,1.2396512422338892,0.1462233538645693,0.6576969709200168,0.0,0.0,0.0,0.0,0.0,0.0,0.0,1
2021-08-06,-0.3863246478140354,0.0019498721,0.005647401,0.6382994,0.006294621,0.007848922,0.31545946,0.009118995,0.0050497297,0.0072061615,0.0031254804,0.3241419078535505,0.0,1.3448210197720365,0.0,0.0,0.0,0.0,0.0,0.0,0.0,1
2021-08-09,-0.4600042849779129,0.00138806825,0.11820707865,0.0056166174,0.092573955,0.00559344235,0.43623513,0.2516302398,0.0035947273,0.0829358315,0.00222495615,0.4239153653269288,0.2176970336307602,0.3319052993862824,0.0,0.0,0.0,0.5,0.0,0.0,0.0,0
2021-08-10,-0.2165512982755899,0.0015616673,0.0045231297,0.0063214325,0.48033467,0.16654658,0.3210956,0.0072933263,0.004044284,0.005776089,0.002503221,0.0,0.0,0.0,0.0,0.0,0.0,0.5,0.0,0.0,0.0,1
2021-08-11,-0.1768343374133109,0.0014183121,0.004107766,0.18183185,0.0045791403,0.005709383,0.41265616,0.3785088,0.0036730953,0.0052421167,0.0022734345,0.264261496806736,0.3548403615939416,0.5979702439153802,0.0,0.0,0.0,0.3461115159443712,0.0,0.0,0.0,1
2021-08-12,-0.0231061242520809,0.00164399615,0.0047614777,0.3019386674,0.0518026667999999,0.00661792735,0.61257505,0.0076904423,0.00425752885,0.0060771662,0.00263518715,0.7998287243941302,0.0,0.4936187271406922,0.0,0.0,0.0,0.0,0.0,0.0,0.3763886426695227,1
2021-08-16,0.215402266010642,0.0015607985,0.004520805,0.0063092387,0.005039119,0.6039025,0.35907024,0.007282197,0.0040421425,0.0057711746,0.0025018281,0.5,0.0,0.786053645191356,0.2725072465337485,0.0,0.0,0.0,0.0,0.0,0.0,1
2021-08-18,-0.4157440075650812,0.0014860864,0.004304059,0.006007549,0.004797745,0.0059903935,0.15483603,0.8108535,0.0038485783,0.0054939995,0.002382071,0.7584205172614685,0.0,0.2090094422235266,0.0,0.0,0.0,0.0,0.0,0.0,0.3735423527790728,0
2021-08-19,-0.3846425455994904,0.00171853415,0.00497730385,0.07446510865,0.00554805645,0.00692204215,0.25662136775,0.63618907,0.0044505942,0.0063533162,0.00275466535,0.3289387476513847,0.245685208822967,0.6730933441375153,0.3966285915361609,0.0,0.0,0.0,0.0,0.0,0.0,1
2021-08-20,0.0587915163487196,0.0012999645,0.0037649453,0.005253705,0.0041968324,0.0052343747,0.2734879,0.6965068,0.0033665793,0.004805214,0.0020837334,1.0828120365683356,0.2503513374995208,0.0,0.0,0.0,0.0,0.1932016153392901,0.0,0.0,0.0,1
2021-08-23,-0.3622476011514663,0.0014873707,0.0043080207,0.006011503,0.75264037,0.0059937835,0.21088442,0.0069350195,0.003851876,0.005503631,0.0023841297,0.5790014792590524,0.2083908971646949,0.0,0.0,0.0,0.0,0.1955276424867752,0.0,0.0,0.0,1
2021-08-24,0.0319254994392395,0.0013564438,0.0039285768,0.0054819334,0.00437908225,0.00546046015,0.380845722,0.587846505,0.0035128347,0.0050141809999999,0.002174265,1.2954295922592045,0.0,0.0,0.0,0.0,0.0,0.1910830635859597,0.0,0.0,0.0,1
2021-08-25,-0.8221742212772369,0.0013923689,0.0040324868,0.0056274231,0.0044947432,0.0056025046,0.913822225,0.054044183,0.003605869,0.0051462753,0.00223184995,1.054936918103017,0.1711312070983698,0.1326074528135867,0.0,0.0,0.0,0.4053612189996529,0.0,0.0,0.3771224544224572,1
2021-08-26,0.1272883675992488,0.0012483258,0.0036154,0.0050458363,0.004031605,0.00502787,0.0049108523,0.96627194,0.0032328323,0.0046144174,0.0020009608,0.6358788811312279,0.5673269312185313,0.0,0.2216633349840861,0.1434515339443772,0.0,0.2173327654151284,0.0,0.0,0.0,0
2021-08-27,0.4464369714260101,0.00123000155,0.00356243145,0.00497045185,0.00397111265,0.004952322,0.2585048315,0.7131034,0.0031853757,0.0045484658,0.00197158865,0.8007996609605945,0.5870590424607716,0.0,0.3452865966297114,0.1259838477553275,0.0,0.2887260210036459,0.0,0.0,0.0,1
2021-08-31,0.3228943236172198,0.0012670592,0.00366988425,0.0051265849999999,0.033511434,0.23383718415,0.3430517617,0.369538625,0.003281377,0.00468509505,0.0020309889,1.356248684610779,0.0,0.0,0.0,0.0,0.0,0.0,0.0,0.0,0.0,0
2021-09-03,-0.3677261304110289,0.00156422685,0.00453056475,0.2972448782999999,0.0050497702,0.0062965974,0.23906444,0.433908965,0.00405095195,0.0057822653499999,0.0025073235,0.3028272917092015,0.2353210815983368,0.965970144118038,0.2730689678017627,0.0,0.0,0.1816024373677436,0.0,0.0,0.0,0
2021-09-08,0.3191194711253047,0.00160200045,0.00463994815,0.0064829864999999,0.161729526,0.00645312335,0.412224115,0.289298155,0.0041487585,0.11085359885,0.0025678715,0.6635562312798395,0.235576405558992,0.3813250579603853,0.0,0.0,0.0,0.2346729804836251,0.0,0.0,0.0,0
2021-09-09,-0.3981243353337049,0.00162669355,0.0047112356,0.184396505,0.0052513562,0.006548164,0.0064001248499999,0.67450912,0.00421273275,0.1097366304999999,0.0026074523,0.1491484850072239,0.4283744589276896,0.6730933441375153,0.2788098935139449,0.3977922094119895,0.0,0.0,0.0,0.0,0.0,0
2021-09-10,-0.4374019838869571,0.0013329812,0.00386059025,0.33450488365,0.0043033364999999,0.0053658401,0.4854619158,0.15465394485,0.00345208845,0.00492783915,0.0021366564499999,0.5964002853906738,0.3548403615939416,0.6090816404386766,0.0,0.0,0.0,0.0,0.0,0.0,0.0,0
2021-09-13,0.4106575436890125,0.001740284,0.0050401688,0.0070416466,0.0056187357,0.0070033176,0.8359919,0.12383525,0.004506915,0.006432198,0.0027895283,0.7334314116912259,0.0,0.0,0.0,0.0,0.0,0.6764649123329302,0.0,0.0,0.0,1
2021-09-14,-0.025352366734296,0.0016977121,0.0049170138999999,0.2455646045,0.00548047125,0.00683186115,0.563290865,0.158824834,0.0043966427999999,0.00627472925,0.002721289,0.5473672929944543,0.0,0.3654016374215716,0.0,0.0,0.0,0.2720918319784629,0.0,0.0,0.5148802954243201,0
2021-09-15,-0.1027347138151526,0.0014179703,0.31553498,0.3288061,0.0045778183,0.0057069757,0.1828633,0.14990596,0.0036721593,0.005241991,0.0022728867,0.6715184584884605,0.0,0.7211678499033869,0.0,0.0,0.0,0.0,0.0,0.0,0.2669326496876886,1
2021-09-16,-0.1327365450561046,0.0015597696,0.004517489,0.82204825,0.005035419,0.006280626,0.14095089,0.007297691,0.004039416,0.005770297,0.002500179,0.1188420462668623,0.0,0.451308441513208,0.0,0.0,0.0,0.7010413113792735,0.0,0.0,0.1794359458359006,0
2021-09-17,-0.4576302301138639,0.001485409,0.004302107,0.15629277,0.004795381,0.0059853387,0.644896,0.17051609,0.0038468367,0.0054990505,0.002380985,0.2719071956637265,0.2440749936790177,0.0,0.0,0.0,0.0,0.8413119898375611,0.0,0.0,0.0,0
2021-09-20,0.0215199254453182,0.0013016921,0.003770071,0.2425487,0.004202209,0.005240362,0.0051199193,0.006070507,0.5161868,0.21347328,0.0020865025,0.7070428584093524,0.0,0.0,0.7174886904191253,0.0,0.0,0.3525285495150396,0.0,0.0,0.0,0
2021-09-21,-0.6142923086881638,0.1099173021,0.00395150965,0.0531707759999999,0.1788490837,0.00549503225,0.225777535,0.2971270314999999,0.06973145785,0.0050460588,0.05093421845,0.6981995797001179,0.0,0.0,0.3129912201170575,0.0,0.0,0.4718192969003322,0.0,0.0,0.0,0
2021-09-22,0.1272194162011146,0.00147082795,0.00426018215,0.07380817275,0.0047483425,0.0059245372,0.005786017,0.4862790072,0.0038091124999999,0.4115562103,0.00235761295,0.5145918942661334,1.0768376889298708,0.0,0.5038008420258868,0.0,0.0,0.1423597469255935,0.0,0.0,0.0,1
2021-09-23,-0.3664162941277027,0.00164485255,0.0047639877999999,0.320614075,0.189490797,0.00662498825,0.16333676665,0.00769909165,0.0651681955,0.2380206895,0.00263655965,0.0,0.0,0.8102480552740465,0.0,0.0,0.0,0.3921047617648531,0.0,0.0,0.0,1
2021-09-24,-0.3239672295749187,0.00164822055,0.0047737479,0.00666870965,0.00532115615,0.0732415571999999,0.1414946485,0.6011303,0.1170292147,0.0060948388,0.0425975926,0.7802071398608637,0.0,0.0,0.0,0.0,0.2444590558450146,0.3628152391651522,0.0,0.0,0.0,1
2021-09-27,0.0269799176603555,0.00142407445,0.00412445,0.189443258,0.00459810175,0.1506856627,0.28444355025,0.1603953712,0.0036880276,0.1989148771,0.00228267115,0.4593356207308738,0.0,0.1438555425326855,0.8456232833884074,0.0,0.0,0.4338685417885247,0.0,0.0,0.0,0
2021-09-28,-0.3151364005170762,0.00157646085,0.00456575575,0.00637883235,0.00508908665,0.0063458092,0.4342624885,0.221467609,0.00408270375,0.0058278453499999,0.310403365,0.6376614201841831,0.0,0.1712150061302847,0.5032304538919442,0.0,0.0,0.0,0.6306603307636454,0.0,0.0,0
2021-09-29,0.0183707512915133,0.0016891503499999,0.00489222365,0.2074926537,0.0520874555,0.12823542235,0.26138114685,0.007888581,0.00437447895,0.329251345,0.0027075653,0.5200366805514008,0.2483423861633967,0.0,0.4068798752455421,0.1922730847247743,0.0,0.2906007004812137,0.0,0.0,0.0,1
2021-09-30,-0.0971713112667203,0.001216409675,0.00352295935,0.08756158015,0.00392785195,0.3534076660999999,0.1886955021,0.2271793241,0.00315020545,0.1293886625,0.001949802,0.7607410910490559,0.0,0.0,0.9511120817064236,0.0,0.0,0.0,0.0,0.0,0.0,0
2021-10-01,-0.0786636024713516,0.0014897559,0.0043145861,0.0858502092,0.0048096882,0.333323115,0.3827801282,0.0799004935,0.00385806495,0.101286045,0.0023879528499999,0.0,0.2990244883651821,0.0,0.5,0.0,0.0,0.230763752872974,0.0,0.0,0.3276163086873454,1
2021-10-04,0.0185103202238678,0.0011580883,0.00335412,0.004683932,0.13288595,0.0046628597,0.7525917,0.0054113567,0.0029991895,0.09039653,0.0018563177,0.435656540308715,0.0,0.0,0.2900750059710962,0.0,0.0,0.260493948197704,0.0,0.0,0.0,0
2021-10-06,-0.4409215152263641,0.0015608256,0.004520581,0.0063075214,0.005040474,0.4398819,0.16671108,0.0072852704,0.004042118,0.36214837,0.0025018717,0.0,0.0,0.0,0.61967565154485,0.0,0.0,0.2268006348899188,0.8416947817607171,0.0,0.0,1
2021-10-07,-0.1050081797875464,0.001561542,0.0045225653,0.0063145855,0.1364009,0.0062950137,0.20789115,0.0072959345,0.004043961,0.6231714,0.0025030202,0.0,0.0,0.7061794299417488,0.61967565154485,0.0,0.0,0.2268006348899188,0.0,0.0,0.0,1
2021-10-08,-0.3732711831107736,0.00149904345,0.00434151805,0.006065274,0.0048393918,0.0060347333,0.4412556307999999,0.4855035319999999,0.00388218735,0.044175871,0.00240284,0.1244905980247269,0.0,1.2348464776457382,0.2536690215906809,0.0,0.0,0.1811748377089183,0.0,0.0,0.2572147090617721,0
2021-10-11,0.0147092463448643,0.0014851268,0.0043014106,0.006007681,0.0047942377,0.0059772204,0.49330676,0.1701795,0.003846112,0.0054920428,0.3046099,0.2186288748109835,0.0,0.1728763838264445,0.0,0.1307754070675074,0.0,0.0,0.592024695541936,0.0,0.1907928040965658,0
2021-10-12,0.3175691873766482,0.0016984981,0.0049192612,0.3029700964,0.00548330635,0.00684001295,0.14081950085,0.47882811115,0.0043986552499999,0.0062795325499999,0.0477630196499999,0.0,0.0,0.2228879361904616,0.0,0.0,0.0,0.0,0.0,0.0,0.6329571804949405,0
2021-10-13,-0.4492173045873642,0.0014183287,0.004107801,0.005737309,0.0045788134,0.005707924,0.6027689,0.00661948,0.0036730987,0.36311495,0.0022734613,0.0,0.0,0.5,0.1949007744629419,0.3765647486661377,0.0,0.0,0.0,0.0,0.6300543576584733,1
2021-10-14,-0.4077432882040739,0.00170625165,0.0049416615,0.10473628675,0.04288678115,0.0068674107999999,0.3930122567,0.3017621537,0.0044187461,0.13693344,0.0027349774,0.2329909099907877,0.0,0.442397147212394,0.0,0.4556769113101514,0.0,0.0,0.0,0.0,0.3811624247959474,1
2021-10-15,-0.7988055050373077,0.0011570706,0.0033511312,0.0046807537,0.003735544,0.004659008,0.7757363,0.14905952,0.0029965022,0.0042803874,0.05034391,0.2520674694531808,0.0,0.914289643621362,0.0,0.1772938001328078,0.0,0.1821929381837145,0.0,0.0,0.2586601107562452,1
2021-10-18,-0.5326755791902542,0.0014854663,0.0043021953,0.0060064644,0.0047954647,0.005978685,0.9587667,0.006928713,0.003846972,0.0055082645,0.002381077,0.0,0.0,0.0,0.0,0.3478580819527057,0.0,0.2068245092804249,0.8588240954122462,0.0,0.2936296599138038,1
2021-10-19,-0.5873288959264755,0.0014896954,0.00431483495,0.00602956075,0.00481021025,0.0343584729,0.8795886500000001,0.0576549955,0.0038579216,0.005507811,0.002387856,0.9397377998153952,0.0,0.4241502343572564,0.0,0.0,0.0,0.0,0.0,0.0,0.602415257832084,1
2021-10-20,-0.7849496006965637,0.001642381,0.0047567775,0.0066373246,0.005301778,0.006608401,0.9544399,0.0076566855,0.0042533,0.0060709286,0.002632598,0.9924804989133802,0.0,0.0,0.0,0.0,0.0,0.0,0.0,0.0,0.9047653610209214,1
2021-10-21,-0.369574778713286,0.0018352044,0.00531523,0.0074327374,0.005924786,0.0073874784,0.0072208527,0.9504053,0.0047527235,0.006784049,0.0029416776,0.196529378007677,0.2685593789427178,0.3731649280972387,0.0,0.0,0.0,0.5,0.0,0.0,0.0,1
2021-10-22,-0.8799979388713837,0.0014175315,0.0041053775,0.0057466137,0.004576313,0.005709351,0.96062195,0.0066394,0.003671079,0.005240112,0.0022721833,0.6802893273934149,0.0,0.1709679002944496,0.0,0.0,0.0,0.5,0.0,0.0,0.2439768753388012,0
2021-10-25,0.0854762196540832,0.0014180834,0.0041070143,0.005730109,0.004578656,0.0057154433,0.960651,0.0066090957,0.0036724594,0.005245058,0.002273068,0.5026508235703662,0.0,0.0,0.0,0.0,0.0,0.1951972028268256,0.0,0.0,0.2771223221153862,1
2021-10-26,-0.3511914014816284,0.0015602513,0.004518798,0.0063087987,0.0050367415,0.006278335,0.95670927,0.0072787544,0.0040406254,0.0057674693,0.002500951,0.3489605343826398,0.0,0.1909123774985099,0.0,0.0,0.0,0.3116657767051419,0.0,0.0,0.6992865633457443,1
2021-10-28,0.0083227264694869,0.0015606021,0.004519951,0.60818887,0.005037777,0.006279948,0.29028225,0.0072869905,0.0040415097,0.0057673645,0.06703478,0.3402435743181378,0.0,0.4943850272814786,0.0,0.0,0.0,0.0,0.0,0.0,0.7067377458220722,1
2021-10-29,-0.419688057154417,0.0014910854,0.00431855975,0.00603517475,0.0048142905,0.00600698875,0.84960949,0.0069750182,0.0038615659499999,0.11449777485,0.0023900839,0.9516372134556192,0.0,0.0,0.0,0.2715540633507342,0.0,0.3628152391651522,0.0,0.0,0.2292208558797506,1
2021-11-01,-0.8226065635681152,0.0015614022,0.0045220684,0.08175184,0.069259256,0.0063035423,0.81699604,0.0072862254,0.0040436173,0.005773249,0.002502796,1.204808319412764,0.0,0.0,0.0,0.0,0.0,0.0,0.0,0.0,0.0,1
2021-11-02,-0.6240599155426025,0.0014184024,0.0041079144,0.005733182,0.004578973,0.0057083066,0.96065605,0.0066073565,0.003673289,0.0052429596,0.0022735791,0.4829081119527338,0.0,0.0,0.0,0.0,0.0,0.2070987545121308,0.0,0.0,0.2940190070680601,1
2021-11-03,-0.3746726214885713,0.0014588550999999,0.0042252035,0.0690517962,0.00470980285,0.0058757502,0.1935871235,0.709581325,0.0037780362,0.00539373135,0.0023384214,0.222628760806014,0.5424016654687857,0.5,0.0,0.2284635703897148,0.0,0.0,0.0,0.0,0.0,1
2021-11-04,-0.3979124873876571,0.00149202415,0.0534055782499999,0.00603158395,0.0877055503,0.0060094441,0.17166873785,0.66191424,0.00386398035,0.0055172732,0.0023915888,0.5651081160482744,0.5544049634718686,0.0,0.2535213931473553,0.0,0.0,0.2928976188874437,0.0,0.0,0.0,1
2021-11-05,-0.5445646643638611,0.0015599079,0.0045177583,0.0063133165,0.005035987,0.0062786024,0.7615141,0.20247443,0.004039761,0.0057658153,0.0025004006,0.7333759148175191,0.0,0.7456306161062028,0.0,0.0,0.0,0.0,0.0,0.0,0.0,1
2021-11-08,-0.19796384871006,0.0014859682,0.004303838,0.006022798,0.95770425,0.005986021,0.005841594,0.006930529,0.0038482302,0.005494947,0.0023818817,0.5,0.0,0.0,0.0,0.0,0.0,0.0,0.0,0.0,0.0,1
2021-11-09,-0.4293065257370472,0.0014868577,0.58700466,0.006013753,0.0048002433,0.0059852432,0.3760377,0.0069360905,0.0038505723,0.005501597,0.0023833073,1.3992436406037887,0.0,0.0,0.0,0.0,0.0,0.0,0.0,0.0,0.0,0
2021-11-10,-0.1081860214471816,0.0016097668,0.0046621783,0.1753262542,0.00519701185,0.00648557625,0.0492931355,0.6178372249999999,0.13105641805,0.0059521355,0.0025803202,0.3624396012775783,0.2934090640779698,0.4287730225727619,1.0003914322800769,0.0,0.0,0.0,0.0,0.0,0.0,0
2021-11-11,0.1034732349216937,0.0016878805999999,0.00488844075,0.00682723815,0.0054494152,0.0067950833,0.54492995,0.37757905,0.0428976135,0.0062397914,0.00270553015,0.9309708449146556,0.0,0.3718200173870044,0.7837618691711759,0.0,0.0,0.0,0.0,0.0,0.0,1
2021-11-12,-0.0949440593831241,0.0015648814,0.0045321803,0.0063301777,0.0050519663,0.006298547,0.7924739,0.17140329,0.004052646,0.005784087,0.0025083728,0.284324904977396,0.0,0.2044529934434749,0.0,0.0,0.0,0.7055084297430889,0.0,0.0,0.2917612160416922,1
2021-11-15,0.0745384059846401,0.00142188075,0.0984662367,0.0057496722,0.3021102315,0.0057283097,0.0922104185,0.4830948585,0.00368226495,0.0052569785,0.0022791547,0.0,0.4478626289455241,0.2223039936528441,0.0,0.0,0.0,0.5,0.0,0.0,0.0,0
2021-11-17,-0.3887389022856951,0.0014857476,0.004303009,0.4473624,0.0047965064,0.0059792935,0.40418774,0.120156944,0.0038477252,0.0054991627,0.0023815283,0.3883164741348303,0.0,0.9892118359090082,0.0,0.0,0.0,0.1508052798496045,0.0,0.0,0.3735423527790728,0
2021-11-18,0.081969411112368,0.0018371041,0.0053207455,0.007428443,0.005930483,0.007396343,0.0072260075,0.008557141,0.82858425,0.124774784,0.0029447228,1.0,0.0,0.0,0.0,0.0,0.0,0.0,0.0,0.0,0.0,1
2021-11-19,-0.2892525196075439,0.0014300388499999,0.0041416591,0.0933727803,0.33860078735,0.05946038435,0.4850322625,0.00667941535,0.0037034237,0.00528709365,0.0022922315,0.3578201720977351,0.0,0.3623671389635413,0.0,0.0,0.0,0.0,0.0,0.0,0.2262933927549245,0
2021-11-22,-0.1602743603289127,0.00165369555,0.004789423,0.0066839085,0.134981262,0.006657189,0.00650957685,0.82567893,0.0042827095,0.00611254235,0.00265073435,0.2067656884675642,0.6921097349536662,0.0,0.6435097404613164,0.0,0.0,0.0,0.0,0.0,0.0,0
2021-11-23,0.1404497693292796,0.0014997458,0.0043437092,0.0830840011499999,0.0829841055,0.006042856,0.242538475,0.26900306,0.00388394005,0.0055448517,0.3010752,0.2650148813407454,0.0,0.5979938472697506,0.0,0.0,0.0,0.0,0.5,0.0,0.0,1
2021-11-24,-0.7886051535606384,0.0014858606,0.0043032975,0.21117224,0.004796692,0.0059786574,0.005849379,0.75469095,0.0038481345,0.0054930793,0.002381709,0.1923285720270016,0.0,0.9199888476493908,0.0,0.1913611460882045,0.0,0.0,0.0,0.0,0.0,1
2021-11-26,0.0148489419370888,0.0016426197,0.0047577475,0.006648273,0.005303111,0.0066169915,0.5529712,0.0076591396,0.004254014,0.0060730665,0.40407377,1.0748787445716252,0.0,0.3056267317742222,0.0,0.0,0.0,0.0,0.4718176928706883,0.0,0.0,0
2021-11-29,0.0123300570994615,0.00148915115,0.0043131390499999,0.0060254526999999,0.05795027935,0.1197128775,0.42916539585,0.1715932966999999,0.0038565759,0.203506847,0.0023869835,1.2860152626356776,0.0,0.183191608384653,0.0,0.0,0.0,0.0,0.0,0.0,0.0,1
2021-11-30,-0.0781050729565322,0.001156569,0.0033496409,0.0046760733,0.0037357733,0.004659618,0.12941474,0.8438806,0.0029952005,0.0042779637,0.0018538825,0.533744574477938,0.5539292814586011,0.4962720424078338,0.0,0.2037105990396348,0.0,0.0,0.0,0.0,0.0,0
2021-12-01,-0.4477235581725835,0.0015312493,0.0044348389,0.2267045465,0.085986379,0.0061655129999999,0.1535392203499999,0.5095567,0.00396557805,0.0056615241,0.0024544633999999,0.6432517378731054,0.2712688397776689,0.210803570086668,0.0,0.0,0.0,0.379339587762948,0.0,0.0,0.3116978214102514,0
2021-12-02,-0.37258305773139,0.0017334839,0.0050204326,0.45664084,0.005595957,0.0069756503,0.0068314797,0.5035255,0.0044893944,0.0064086793,0.0027786281,0.7780593576799218,0.0,0.2922085951410536,0.0,0.0,0.0,0.0,0.0,0.0,0.0,1
2021-12-03,0.0053916722536087,0.00156003825,0.00451813675,0.006309299,0.005036378,0.0062800676999999,0.561440135,0.402549085,0.0040401316,0.0057661417,0.00250060955,0.8994853492962194,0.3236439356438361,0.9132582762499184,0.0,0.0,0.0,0.0,0.0,0.0,0.0,0
2021-12-06,-0.4571965225040912,0.0013020424,0.003771007,0.005270227,0.07918092,0.0052467133,0.393648,0.0060821935,0.0033720229,0.004813801,0.49731302,0.5,0.0,0.0,0.4068798752455421,0.0,0.0,0.2906007004812137,0.0,0.0,0.0,1
2021-12-07,-0.2676191031932831,0.0016427165,0.004757635,0.25188887,0.005303232,0.006613239,0.2270078,0.48982692,0.0042542387,0.0060721664,0.0026331358,0.6768256943414614,0.0,0.0,0.0,0.0,0.0,0.7010413113792735,0.0,0.0,0.0,1
2021-12-08,-0.8893352150917053,0.0016424523,0.004757037,0.0066432846,0.005302435,0.0066131414,0.95439655,0.0076841046,0.0042535705,0.0060747494,0.0026327122,0.695100455084406,0.0,0.0,0.0,0.0,0.0,0.5,0.0,0.0,0.0,1
2021-12-09,0.0329586118459701,0.0016101597,0.00466335785,0.0738502754999999,0.0051980915,0.0064798745,0.169277701,0.663533425,0.00416990585,0.00595209585,0.06526506915,0.4932086954414882,0.2685593789427178,0.7756340357403073,0.0,0.0,0.0,0.0,0.0,0.0,0.0,0
2021-12-10,-0.8391885161399841,0.00147149955,0.0042617851,0.1702348021,0.00475069585,0.00592413615,0.37107515,0.397032865,0.00381081495,0.039079615,0.0023586896,0.5879026435782193,0.4399054249910278,0.0,0.2376619806857275,0.0,0.0,0.2734717871736881,0.0,0.0,0.0,1
2021-12-13,0.104151289910078,0.0012476442,0.0036134599,0.005044846,0.0040277964,0.0050229384,0.17150187,0.7996983,0.003231061,0.004612223,0.0019998683,0.0,0.3958349635230274,0.0,0.0,0.0,0.0,0.3054745188272231,0.0,0.0,0.0,0
2021-12-14,-0.1251357644796371,0.0187820356,0.0038463471,0.0792498677,0.004287594,0.0053460885,0.642021445,0.2359890625,0.0034392381,0.00490964345,0.00212871385,1.0291615398251073,0.5346437237084839,0.0,0.0,0.0,0.0,0.2960920494211748,0.0,0.0,0.0,0
2021-12-15,-0.2542023509740829,0.0012856792,0.0037237655999999,0.0052017044999999,0.0406810632,0.0051793781999999,0.1599814442,0.77380263,0.0033295749499999,0.00475394935,0.0020608351,0.5125900092441724,0.5410867841739259,0.3868448272155018,0.2602850974895505,0.0,0.0,0.0,0.0,0.0,0.0,1
2021-12-16,0.2430298775434494,0.00132862815,0.00384813735,0.00537409575,0.0042894413,0.00535077385,0.150724413,0.66423285,0.00344083865,0.15928115615,0.00212967885,0.280478260477274,0.4908302351841803,0.2343944011531255,0.0,0.6005188119643332,0.0,0.2334368163819491,0.0,0.0,0.0,0
2021-12-17,0.0090815322473645,0.0016430826,0.004758996,0.0066485517,0.11026903,0.006617227,0.62224483,0.0076793334,0.13363826,0.0060766735,0.10042401,0.7844667675485499,0.0,0.0,0.0,0.0,0.0,0.0,0.0,0.0,0.4111917535171143,0
2021-12-20,-0.4436410488560797,0.0012015615,0.0034801185,0.0048652664,0.23489249,0.23940806,0.1373707,0.0056180353,0.0031117576,0.36812598,0.0019260017,0.5,0.0,0.0,0.0,0.0,0.0,0.0,0.0,0.0,0.0,0
2021-12-21,-0.3762059658765793,0.08396066,0.00393372,0.0054939575,0.0043849307,0.00546987,0.77974594,0.10629313,0.0035172738,0.0050233635,0.002177004,0.3530174903709921,0.0,0.1760180757729507,0.0,0.0,0.0,0.1769267240809558,0.0,0.0,0.2511836435744484,1
2021-12-22,-0.3094108267687261,0.0016466966,0.0047691438,0.0066641485,0.00531688215,0.0066340484,0.34941684825,0.612559285,0.0042645283,0.00608892175,0.00263951555,0.2329909099907877,0.0,0.442397147212394,0.0,0.0,0.0,0.2879293794314603,0.0,0.0,0.4087745985995388,1
2021-12-23,-0.4816152900457381,0.0014176536,0.0041057607,0.3865967,0.004576637,0.0057056057,0.3373116,0.24910238,0.0036713318,0.0052400413,0.0022723791,0.7018413982104439,0.0,0.6942073718652751,0.0,0.0,0.0,0.0,0.0,0.0,0.0,1
2021-12-28,-0.3878282662481069,0.00153111445,0.2386736217,0.19024261925,0.004943434,0.00616556725,0.16309644415,0.2970753555,0.090156192,0.0056614056,0.0024542471999999,0.994199249859259,0.0,0.3455484363058971,0.0,0.0,0.0,0.0,0.0,0.0,0.0,0
2021-12-29,-0.4275193512439728,0.0013895257,0.0313532745,0.40561736,0.0044861333,0.00559280235,0.38943292485,0.066228015,0.00359852305,0.00513872085,0.08716272525,0.8512455842215388,0.1932057000631324,0.0,0.0,0.4339242515806912,0.0,0.0,0.0,0.0,0.0,1
2021-12-30,0.0010132710449397,0.0014218474,0.004118089,0.6257224,0.1669533,0.0057294513,0.17818858,0.006648553,0.0036822662,0.005256495,0.0022791012,0.2329909099907877,0.0,0.442397147212394,0.0,0.0,0.0,0.5,0.0,0.0,0.0,0
2021-12-31,-0.4425047566182911,0.00126843665,0.0036737812999999,0.209334733,0.045508384,0.0051073312,0.5402653399999999,0.18483381935,0.0032849207,0.0046901189999999,0.002033197,0.7295561014364895,0.3299435272122364,0.2870494048081697,0.0,0.0,0.0,0.2342279410090104,0.0,0.0,0.51328029814674,0
2022-01-03,-0.7153779566287994,0.00139261345,0.00403324735,0.0056293349999999,0.0044957035,0.00560454,0.484893319,0.4829652147,0.00360651775,0.00514727115,0.0022322417999999,0.7957210304141789,0.4301015955062051,0.0,0.558150778240274,0.0,0.0,0.1889234086644446,0.0,0.0,0.0,1
2022-01-04,-0.2855649031698704,0.0012623527999999,0.0036559955999999,0.0051039923,0.0040750987,0.0050804178,0.4295539005,0.38561251865,0.15896641,0.0046658905,0.002023445,0.8928105421972119,0.4055885634530707,0.1290533178002594,0.9029026150263482,0.0,0.0,0.1709746194938443,0.0,0.0,0.0,0
2022-01-05,-0.3047163756564259,0.0014207725,0.004115023,0.2286759185,0.0045870532,0.0057199085,0.2275405232,0.5167299249999999,0.0036794394,0.0052540771,0.00227737855,0.6212584217572912,0.0,0.5,0.0,0.4695877337247186,0.0,0.0,0.0,0.0,0.0,0
2022-01-06,-0.0961335254833102,0.0016603297,0.00480862265,0.4776299518499999,0.0053599952,0.0066837809,0.3237606012,0.1669985434999999,0.0042998808,0.0061370218,0.0026613682,0.428005740510934,0.2103182449712858,0.6053701503177512,0.4790057844721566,0.0,0.0,0.1623072002315734,0.0,0.0,0.0,0
2022-01-07,-0.0009789858013391,0.0012485674,0.003616129,0.57437885,0.0040309457,0.005026847,0.0049117776,0.3321928,0.003233465,0.004615077,0.066745564,0.7335733311481802,0.0,1.1571458220102255,0.0,0.0,0.0,0.0,0.0,0.0,0.1936769187612643,0
2022-01-10,-0.3273229021579028,0.00175829765,0.00509230585,0.0650310595,0.00567599015,0.00707675,0.3524356037,0.081898755,0.376901149,0.06247587615,0.04165417075,0.7686782290087606,0.2501284445686592,0.1876071391230333,0.5721809126128756,0.0,0.0,0.1930296039782952,0.0,0.0,0.0,0
2022-01-11,-0.0060021057724952,0.00159971545,0.0046330797,0.0064693754,0.08215170465,0.0064403185,0.475391217,0.375518043,0.03931676035,0.0059155847,0.00256420865,0.680254101804335,0.5498795495018864,0.4406202330313951,0.4838728278273454,0.3212095474714335,0.0,0.0,0.0,0.0,0.0,1
2022-01-12,-0.7887996435165405,0.0013375937,0.0038740038,0.478984715,0.004318338,0.005383193,0.158509807,0.251370842,0.0034640292,0.0049446935,0.0878128265999999,0.3843094013978779,0.0,0.1797326116346402,0.3779263922800061,0.0,0.0,0.319853535226992,0.2736198646538853,0.0,0.0,1
2022-01-13,-0.4233208335936069,0.0014854802,0.00430223735,0.1693798848,0.0047953925,0.0059791465,0.4119792095,0.39035936,0.0038470181,0.0054911375,0.00238109925,0.2485754295639948,0.2594528192340998,0.2713800909853369,0.0,0.205290283629798,0.0,0.4111884734258058,0.0,0.0,0.5837660731436474,0
2022-01-14,-0.0276680653914809,0.0012474444,0.003612916,0.0050425124,0.004026942,0.005020107,0.891637,0.005815461,0.0032305464,0.0783675,0.0019995482,0.1742727998792107,0.0,0.7070777629031447,0.0,0.1700267893055803,0.0,0.1450439956257064,0.0,0.0,0.7101941704990693,1
2022-01-18,0.0118598770350217,0.0015228909,0.0044106178499999,0.0061632478,0.0049164034999999,0.00613006695,0.76940517,0.00711911845,0.12496901055,0.07292243125,0.0024410655,0.8076690681642333,0.0,0.1508172527028882,0.4599758500272897,0.1693274579604649,0.0,0.0,0.0,0.0,0.595298683708489,0
2022-01-19,-0.4079228825867176,0.00160946695,0.0046613242,0.00650708055,0.0051959207,0.00647993965,0.525163415,0.30278625685,0.1390667125,0.00595004625,0.0025798395999999,1.4611465589716488,0.175722670795473,0.0,0.4119118844660783,0.0,0.0,0.1345062407799531,0.0,0.0,0.0,0
2022-01-20,0.0297122397460043,0.0019500916,0.00564785,0.007894622,0.006295265,0.0078474125,0.5398343,0.009093024,0.41110328,0.0072083366,0.0031258322,0.902187094828063,0.0,0.1661874720012548,0.0,0.0,0.0,0.5,0.0,0.0,0.0,0
2022-01-21,0.0139037030749022,0.0015601375,0.0045185247,0.0063123163,0.005036526,0.0062802797,0.956705,0.0072795907,0.00404036,0.0057665487,0.0025007688,1.43390667891333,0.0,0.0,0.0,0.0,0.0,0.0,0.0,0.0,0.291939612806206,0
2022-01-24,0.1882767304778099,0.0019510495,0.0056505348,0.007893892,0.006298528,0.00785426,0.9458649,0.009094626,0.0050528217,0.0072119567,0.0031273677,1.690640441224199,0.0,0.0,0.0,0.0,0.0,0.0,0.0,0.0,0.0,1
2022-01-25,0.0427755527198314,0.00156965015,0.0045460421499999,0.0063486998,0.00506724025,0.10259673415,0.1147379135,0.686032975,0.0707807771999999,0.00580396875,0.0025160166,0.7116630107565419,0.5730269647766821,0.0,0.0,0.0,0.0,0.5066124763144112,0.0,0.0,0.0,0
2022-01-26,0.0175847811624407,0.0011139637,0.003226199,0.0045025097,0.0035962097,0.0044848123,0.26072004,0.7135686,0.0028849097,0.0041171177,0.0017855897,0.8448377923543045,0.7306340581425506,0.0,0.0,0.0,0.0,0.0,0.0,0.0,0.4111917535171143,0
2022-01-27,-0.4524752553552389,0.0014877742,0.0043089637,0.47256583,0.0048027234,0.0059878947,0.005855175,0.49325517,0.0038529243,0.0054988237,0.0023847762,0.6569736329060822,0.0,0.5872034870693164,0.0,0.0,0.0,0.3268005629593689,0.0,0.0,0.0,0
2022-01-28,-0.2019614223390818,0.0012501106,0.0036205244,0.005060236,0.0040361998,0.005033302,0.8586644,0.0058464585,0.10985889,0.004626102,0.0020038218,1.762729846590137,0.3286577993715183,0.0,0.0,0.0,0.0,0.0,0.0,0.0,0.421365309155756,1
2022-01-31,-0.6249858438968658,0.0013019533,0.00377085165,0.146242355,0.00420348225,0.00524174575,0.61975633,0.1208899873,0.0033717401,0.0048144015,0.0904071634,0.9428044434502556,0.0,0.0,0.0,0.0,0.0,0.0,0.5383461672919836,0.0,0.0,1
2022-02-01,-0.8290749192237854,0.0014855327,0.0043025147,0.006006272,0.0047959187,0.005980507,0.9587866,0.0069234557,0.0038471578,0.005490765,0.0023811834,0.5,0.0,0.0,0.0,0.0,0.0,0.2879293794314603,0.0,0.0,0.4087745985995388,1
2022-02-02,-0.2796233650296926,0.0015627084,0.25338048,0.0063167717,0.0050459905,0.006299359,0.7077746,0.007288514,0.0040469687,0.0057798247,0.0025048896,0.5367701217106758,0.0,0.0,0.0,0.0,0.0,0.6584656555781434,0.0,0.0,0.5881027356862889,1
2022-02-03,0.011793654412031,0.0012481962,0.13686688,0.0050444975,0.004029577,0.0050235563,0.8321278,0.0058093737,0.0032324875,0.004616845,0.002000753,0.4684047541545283,0.0,0.2664802424647484,0.0,0.0,0.0,0.2653915755821426,0.0,0.0,0.8315167471302162,0
2022-02-04,-0.4005003995262086,0.00124679795,0.0875695321,0.187952497,0.004024922,0.00501780135,0.3984771425,0.30587551085,0.0032288994,0.0046084136999999,0.00199851195,0.740322120274775,0.1731598075018328,0.3500851021961508,0.4092322193252049,0.0,0.0,0.0,0.0,0.0,0.5116694760347748,1
2022-02-07,-0.3690110296010971,0.00137299125,0.00397679665,0.0513943279,0.00443350985,0.00553147665,0.53156704,0.149411899,0.00355569355,0.2465555499999999,0.00220078915,0.8339624460333658,0.0,0.2976232195724772,0.0,0.0,0.0,0.2313636953557657,0.0,0.0,0.3284680496526829,0
2022-02-08,-0.4184917341917754,0.0016430157,0.004759513,0.1299726974999999,0.00530496515,0.00661788835,0.5963188100000001,0.00766915085,0.00425499985,0.19971083735,0.0437481317,0.9113655333353065,0.0,0.0,0.0,0.0,0.0,0.2757731563669249,0.0,0.0,0.380006335125869,1
2022-02-09,-0.4453131007030607,0.0015446282,0.004473552,0.0062472312999999,0.00498642785,0.00621610645,0.7746341,0.0537883766,0.13992465465,0.0057089834,0.0024759086499999,0.9263357411329958,0.0,0.2504861959559247,0.0,0.0,0.0,0.2448325074304604,0.0,0.0,0.5628311645107267,1
2022-02-11,0.0145416371524333,0.0014179847,0.004106769,0.005744474,0.07225407,0.16330746,0.57870406,0.16327871,0.003672256,0.0052412376,0.0022729097,1.1982409739585145,0.0,0.4077224294906986,0.0,0.0,0.0,0.2166314420819846,0.2631376815804421,0.0,0.0,0
2022-02-14,-0.2208712566643953,0.0013570688,0.003930378,0.24441938,0.004380975,0.19098896,0.0053402768,0.105805255,0.0035145262,0.005017624,0.43524554,0.1631460753643174,0.0,0.0,0.0,0.0,0.0,0.7163252396832844,0.7245355472663344,0.0,0.0,0
2022-02-16,0.1119709014892578,0.0014852948,0.004301805,0.006004504,0.0047950335,0.005982829,0.0058369962,0.9598748,0.0038465022,0.005491465,0.002380802,0.2696964753948078,0.595321987398349,0.0,0.0,0.0,0.0,0.0,0.0,0.0,0.0,1
2022-02-17,-0.3970242217183113,0.0014726852,0.004265173,0.00595396775,0.02983195875,0.260772125,0.6792033,0.0068827795,0.00381386335,0.0054435853,0.0023605899,1.3098038724076544,0.0,0.0,0.0,0.0,0.0,0.0,0.0,0.0,0.3824728699834883,0
2022-02-22,0.3341492153704166,0.0012480387,0.0036146461,0.0050470773,0.0040290672,0.89104044,0.00490895,0.005825697,0.0032320824,0.07905352,0.0020005007,0.8646585000193965,0.0,0.0,0.0,0.2755723580595722,0.4172048363495885,0.0,0.0,0.0,0.0,0
2022-02-23,-0.0043026115745305,0.0017354215,0.00502611925,0.00701751575,0.00560290995,0.448161021,0.479385427,0.0080884325,0.0357859277,0.0064154584,0.0027817341,1.4779308445114197,0.0,0.0,0.0,0.0,0.0,0.0,0.0,0.0,0.0,0
2022-02-24,-0.1985193900763988,0.00123200925,0.0035682904999999,0.0049813923,0.02852050125,0.1628006763,0.783438145,0.0057392342,0.00319058,0.0045544335,0.0019748069,1.808956592198366,0.0,0.0,0.0,0.0,0.2532791747517856,0.0,0.0,0.0,0.0,1
2022-02-25,-0.1103713656775653,0.0015619432,0.00452382,0.4806853,0.0050427346,0.006292879,0.00614657,0.48342302,0.0040450883,0.0057750307,0.002503663,0.8317732317861977,0.0,0.4074044458973576,0.0,0.0,0.0,0.2676761912127135,0.0,0.0,0.0,1
2022-02-28,0.0649401657283305,0.00169805595,0.00491797075,0.161986377,0.0054819602,0.12805076315,0.169514702,0.1652566615,0.2281957973,0.1321758976,0.0027218403,0.6078220422277999,0.2695489609032796,0.2675901342108274,0.0,0.3491667085686684,0.0,0.208016842169419,0.0,0.0,0.0,0
2022-03-01,0.0092579126358031,0.0011999658,0.003475681,0.004863692,0.0038744535,0.16158924,0.004718122,0.8108094,0.0031075925,0.0044384673,0.0019234439,0.2874958472696726,0.5662559786432606,0.0,0.2054304727121601,0.0,0.0,0.0982020821486426,0.6682367833789729,0.0,0.0,0
2022-03-02,0.3670771867036819,0.0012476415,0.003613405,0.0050461735,0.0040293583,0.11434082,0.004905685,0.8569711,0.0032310805,0.0046148677,0.0019998641,0.2092913185506161,0.7043437097984222,0.5165362994730702,0.0,0.3339187897279172,0.0,0.3068702743732325,0.0,0.0,0.0,1
2022-03-03,0.0228922953829169,0.0016634138,0.0644789445,0.331859857,0.0053700255,0.29635499085,0.0065459312,0.1535672285,0.1313420725,0.0061512338,0.00266631185,0.640936272770993,0.0,0.6360323884289542,0.0,0.0,0.0,0.163622752915325,0.0,0.0,0.0,0
2022-03-04,-0.386584248393774,0.001417877,0.004106417,0.005745874,0.0045775,0.005707017,0.005584487,0.9616755,0.0036720554,0.005240436,0.0022727372,0.2357508836439446,0.3345657705144371,0.6262241224361212,0.0,0.0,0.0,0.0,0.0,0.0,0.0,0
2022-03-08,-0.2127250730991363,0.0011999978,0.003475606,0.0048507536,0.12557197,0.124415316,0.23673797,0.0055956305,0.00310768,0.0044358545,0.49060917,0.4609250564119539,0.0,0.0,0.0,0.0,0.0,0.0,1.0157618570634577,0.0,0.0,0
2022-03-09,-0.2265059798955916,0.0013569139,0.0039300984,0.005492047,0.0043808315,0.0054683257,0.5500171,0.27093008,0.003514118,0.005018529,0.14989184,1.0907670747081724,0.0,0.0,0.0,0.0,0.0,0.0,0.9884851789968434,0.0,0.0,1
2022-03-11,-0.3439090717583895,0.0014861004,0.0043043843,0.006013498,0.004797436,0.43898153,0.005843066,0.0069520455,0.17061725,0.0054965722,0.35550812,0.2194356570988327,0.0,0.0,0.0,0.0,0.0,0.0,0.6315698685909285,0.0,0.0,0
2022-03-14,0.0656373305246233,0.0016416026,0.0047542676,0.0066333585,0.0052992688,0.0066066133,0.3716107,0.5905024,0.004251345,0.006069042,0.0026313504,0.3863381118682154,0.4598478756277324,0.0,0.0,0.1792908072947653,0.0,0.6529468101773879,0.0,0.0,0.0,0
2022-03-15,-0.4158940594643355,0.0017387022499999,0.00503560135,0.0731549765,0.0056131073,0.006998126,0.2519968979999999,0.536478623,0.0045027966,0.0064268185,0.1080544005,0.7138476530439355,0.2306289370888775,0.0,0.0,0.0,0.0,0.1779814065888102,0.4857526246908387,0.0,0.0,1
2022-03-16,-0.267579972743988,0.0012865164,0.00372604565,0.00520184575,0.00415345615,0.0051802867999999,0.1846031937999999,0.785699225,0.0033317280499999,0.0047555687,0.0020621771,0.5520965516950682,0.937991114351396,0.0,0.0,0.0,0.0,0.0,0.0,0.0,0.0,1
2022-03-17,-0.3579380214214325,0.00178435685,0.005167903,0.23817424615,0.00576081925,0.00718353015,0.3315427334999999,0.3963071999999999,0.0046210192999999,0.00659797635,0.0028601736,0.273467318152075,0.552890912832757,0.3794405803114843,0.0,0.2668045163538548,0.0,0.2276017400610714,0.0,0.0,0.2171730818109826,1
2022-03-18,-0.3859111219644546,0.00151670025,0.0043926579,0.00613307575,0.00489624,0.006106423,0.595000925,0.134866928,0.0039279065,0.0056061561499999,0.2375529791,1.4022854451738982,0.0,0.0,0.0,0.0,0.0,0.1906408320269106,0.2315674311725387,0.0,0.0,1
2022-03-21,-0.0652512200176716,0.0012475355,0.0036133914,0.005047534,0.004028273,0.0050281417,0.0049131946,0.9662785,0.0032308272,0.004612952,0.0019996942,0.3649646992581365,0.7226489686143407,0.1659927278460172,0.0,0.1255681433972029,0.0,0.0,0.8588240954122462,0.0,0.0,0
2022-03-22,-0.0543352058157324,0.00168421105,0.0048777853,0.00680702035,0.0054369510499999,0.0067787379999999,0.21403053765,0.7470972250000001,0.00436179635,0.0062261065,0.00269964815,0.3713250766835897,0.4022040628503501,0.3823270444740149,0.9284776889786892,0.0,0.0,0.3178676109828512,0.0,0.0,0.0,1
2022-03-23,0.1458709277212619,0.0015597218,0.00451719,0.006303673,0.0050349506,0.006280298,0.58395714,0.00725795,0.004039288,0.0057637417,0.37528604,0.7438289596117336,0.0,0.0,0.0,0.0,0.3279575800437139,0.0,0.8500017975918239,0.253202165093102,0.0,0
2022-03-24,0.1024103974923491,0.00160967225,0.0046619091,0.211388002,0.0051963752,0.382772538,0.1401509212999999,0.2415206255,0.00416867745,0.0059511602,0.0025801688,0.6415502759683898,0.0,0.7573554284772034,0.0,0.0,0.3310717028259578,0.155979269815074,0.0,0.0,0.0,1
2022-03-25,-0.4818202182650566,0.0015238127499999,0.1583389327,0.0061649249,0.0344237833,0.276323343,0.2840066812,0.1706298935,0.00394629865,0.0056355333,0.0590068893,0.3236298882097169,0.0,0.3009088490747624,0.0,0.0,0.0,0.2339178488398608,0.5,0.0,0.0,1
2022-03-28,0.0217657182365655,0.0013566721,0.003929202,0.0054846453,0.0043796613,0.00546023,0.0053384537,0.9633438,0.0035135364,0.005019188,0.0021746308,0.1071632988683017,0.1612152609072964,0.2097499855100282,0.5542481642469599,0.0,0.0,0.3603701960938544,0.7036578792853576,0.0,0.0,1
2022-03-29,-0.0189568363130092,0.0016429289,0.0047581685,0.006644007,0.005304213,0.06798047,0.20621106,0.694497,0.0042548217,0.006073926,0.0026334764,0.2017671069398397,0.0,0.0,0.5914692950074604,0.0,0.0,0.16792699375162,0.0,0.0,0.0,1
2022-04-01,-0.0953732854686677,0.00153200625,0.0044369559,0.00619814365,0.0049456302499999,0.0584362846,0.341172725,0.54144276,0.0039675113,0.03541230885,0.00245567665,0.235933954940142,0.6714676001585661,0.9024826286943278,0.0,0.0,0.0,0.0,0.0,0.0,0.2683589736480771,1
2022-04-04,0.43027538433671,0.00150062345,0.08162073275,0.0060657201999999,0.0048452088,0.0060439607999999,0.42194515,0.3109601977999999,0.0436771465,0.1209358621,0.00240537265,1.0163075991519284,0.0,0.2223580038770801,0.6798119729264122,0.0,0.0,0.1318918059319558,0.0,0.0,0.0,1
2022-04-05,0.0700691975653171,0.0014682455,0.0042522759,0.0059369387999999,0.00473989025,0.00590866985,0.53558047,0.430530025,0.0038023588999999,0.0054277,0.00235347365,1.4106121475157014,0.3991539440487202,0.1791672976969146,0.0,0.3715068351754832,0.0,0.0,0.0,0.0,0.0,0
2022-04-06,0.2174231857061386,0.0013802745499999,0.00399793815,0.0055829695,0.00445675525,0.0055587252,0.0733438745,0.89478797,0.00357451405,0.005104478,0.00221246355,0.4365662814012888,0.252659137112505,0.6018944928095593,0.0,0.3857297770194383,0.0,0.0,0.0,0.0,0.0,0
2022-04-07,0.0027329721488058,0.00168975685,0.00489384265,0.00683687115,0.00545497135,0.00680143945,0.2188483749999999,0.74214407,0.0043760333,0.00624609975,0.00270853765,0.1360750560097218,0.2047097830064209,0.6140941659504431,0.0,0.4562907668221686,0.0,0.2044473920421519,0.0,0.0,0.0,1
2022-04-08,-0.1704973578453064,0.0014887544,0.0043116867,0.00601784465,0.0048059415,0.0059917888,0.48114816085,0.3675144105,0.12082779325,0.00550721215,0.0023863477,0.3266850224019265,0.1690446741383524,0.0,0.3995068379942142,0.5355796477683272,0.0,0.2511800562006708,0.0,0.0,0.3566014237671085,0
2022-04-11,0.1119500277563929,0.0014851817,0.004301367,0.0060105436,0.0047947145,0.0059777484,0.6385505,0.22223447,0.1087746,0.0054902057,0.002380621,0.7023297365802998,0.0,0.3857074877426029,0.5156936097123122,0.0,0.0,0.0,0.0,0.0,0.0,0
2022-04-12,-0.5630283653736115,0.00150109385,0.0043476005,0.406802385,0.00484608415,0.00604214585,0.34889744,0.21571906,0.0038874842,0.0055505766,0.0024061267,0.4542781747639401,0.0,0.3817208829740882,0.0,0.0,0.0,0.3780872381632917,0.5726332872543402,0.0,0.0,0
2022-04-13,-0.0745810624212026,0.0012484862,0.0036158627,0.0050560725,0.0040305983,0.0707271,0.6294438,0.0058320384,0.003233249,0.27481154,0.002001218,0.0,0.0,0.3947538913121655,0.0,0.3707461232564573,0.0,0.3068702743732325,0.0,0.0,0.6008210884774833,1
2022-04-14,-0.2999441088177264,0.0016265176999999,0.0047107334,0.0065753965,0.0052511113,0.0065486727,0.485748458,0.281238328,0.1996793315,0.0060143367,0.0026071705,0.3105893386646982,0.3181290664634066,0.3811808425306061,0.4987958049322398,0.1602317987015577,0.0,0.0,0.0,0.0,0.2337677615786402,0
2022-04-18,-0.5052077099680901,0.0015643848,0.0045307935,0.00632425635,0.0050502542,0.00629692245,0.8370819199999999,0.00729076035,0.0040513484,0.1253018719,0.00250757675,0.0,0.1666215323946494,0.0,0.0,0.3156414581986271,0.0,0.2879293794314603,0.0,0.0,0.9028288509986052,0
2022-04-19,0.0843594837933778,0.0018388046,0.0053256853,0.007428956,0.0059370273,0.007416497,0.9489658,0.008579012,0.004762042,0.0067987037,0.0029474485,0.1933341737430933,0.0,0.0,0.0,0.0,0.0,0.2244551322274321,0.0,0.0,1.1076808869767825,1
2022-04-20,-0.4512963849119842,0.0012790112,0.00370461215,0.0751815585,0.0041295637999999,0.00514887365,0.8605147,0.00595910335,0.00331230485,0.0047302588,0.0360400868,0.7989827963105691,0.0,0.0,0.0,0.0,0.0,0.0,0.0,0.0,0.8387469441619075,0
2022-04-21,0.1264403723180293,0.00160142155,0.00463795,0.0064746079,0.0051695996999999,0.0064461868,0.2293260818,0.7337106,0.0041472520499999,0.0059193392,0.00256694355,0.5153064105444991,0.9084381954696452,0.2406858413190323,0.0,0.1491585692337828,0.0,0.2397025537697093,0.0,0.0,0.0,0
2022-04-22,-0.3263269374147057,0.0015245977,0.004415686,0.0061620258,0.00492179975,0.006137922,0.427100591,0.4822530399999999,0.0594034105,0.0056371617,0.00244380135,0.4388772035270614,0.61741467943657,0.0,0.0,0.0,0.0,0.8327059588338679,0.0,0.0,0.2104114809933857,0
2022-04-25,0.1730261985212564,0.0015595428,0.00451688,0.006306333,0.005034527,0.0062811025,0.9567315,0.0072664814,0.0040388103,0.0057650516,0.0024998155,0.2844927663315626,0.0,0.0,0.0,0.0,0.5,0.2367780146066427,0.0,0.0,0.3361547823606728,1
2022-04-26,0.0121988365426659,0.0016427763,0.00475778,0.006644702,0.0053037074,0.006611347,0.95442456,0.0076558054,0.0042543397,0.006071801,0.0026332317,0.5944457599931758,0.0,0.4166696710027593,0.0,0.0,0.0,0.2357709549344475,0.0,0.0,0.5759802752437695,0
2022-04-27,-0.5044499933719635,0.00156506355,0.004532875,0.00632871725,0.0050527952,0.00630222005,0.956569775,0.0072984439999999,0.00405315705,0.005788299,0.00250866475,0.5966683878858461,0.0,0.0,0.0,0.0,0.0,0.524056621373182,0.0,0.0,0.8333528854066297,1
2022-04-28,-0.3579170005396008,0.0014305565,0.0041431218,0.54518084,0.0046180679999999,0.0301081395,0.3734640105,0.006679114,0.003704759,0.00528723165,0.0253841268,1.0059028363723534,0.0,0.9745856526203374,0.0,0.0,0.0,0.129672547193777,0.0,0.0,0.1840966820863581,1
2022-04-29,0.0080479681491851,0.0014234364999999,0.1577744028,0.0057566441,0.0045951965999999,0.00572789415,0.69988893,0.113603054,0.0036863154,0.00526249675,0.0022816486,0.7030803206113494,0.1794457767358017,0.1781417346940887,0.0,0.0,0.0,0.2509351498998252,0.0,0.0,0.6017570858937363,0
2022-05-02,0.0564922592602669,0.00143008,0.0041417597,0.197025326,0.0046166363,0.00575700355,0.17720965,0.598537125,0.0037035532,0.0052865603,0.00229229755,0.3202061045837489,0.5250392657687328,0.78569880039507,0.0,0.2047083803369208,0.0,0.1746296659685222,0.0,0.0,0.0,1
2022-05-03,-0.0695135211572051,0.00145985565,0.0042281521,0.05075586565,0.0047129860499999,0.117398517,0.17864716,0.345403515,0.163977692,0.00539780545,0.1280184523999999,0.1354247820587657,0.5476855032690424,0.0,0.0,0.0,0.0,0.5238094735481642,0.5585982893558856,0.0,0.0,1
2022-05-04,-0.3707708567380904,0.0015301191,0.06795072885,0.006185805,0.0049398735,0.0061583619,0.31908734615,0.582075235,0.0039625962999999,0.005657295,0.0024526516,0.7669766242630242,0.6932248083984296,0.0,0.0,0.4315077748700647,0.0,0.0,0.0,0.0,0.0,1
2022-05-05,0.1901384904049336,0.0013572541,0.0039310786,0.005489844,0.00438242,0.0054707765,0.45617232,0.0063482365,0.50965434,0.005018147,0.0021755637,0.7743925932927272,0.0,0.0,0.4349943299289273,0.0,0.0,0.0,0.0,0.0,0.5,0
2022-05-06,-0.4029711801558733,0.0016465759,0.00476874035,0.20661330225,0.005315589,0.0066270095,0.3493695962,0.41266998,0.00426424245,0.00608566405,0.00263932225,0.1542314920533954,0.2107588908038502,0.7189516786579353,0.6374284989522194,0.0,0.0,0.2159874439235775,0.0,0.0,0.0,0
2022-05-09,-0.4068429209291935,0.00184186545,0.005334456,0.00745295875,0.0059461311999999,0.00741585225,0.39095301225,0.2082061885,0.363087015,0.00681018035,0.00295235475,1.0161327136050953,0.0,0.0,0.974197999886048,0.0,0.0,0.0,0.0,0.0,0.0,0
2022-05-11,-0.0314720664173364,0.0016425042,0.004756975,0.5415596,0.005302238,0.006611367,0.0064619374,0.42070845,0.004253679,0.0060704546,0.0026327956,0.0,0.3548403615939416,0.3522617177382191,0.0,0.0,0.0,0.0,0.0,0.0,0.0,0
2022-05-16,0.0121115315705537,0.00164257455,0.00475788765,0.3343894254999999,0.00530293165,0.0066162236,0.51449501,0.11983580135,0.0042538757,0.00607340235,0.0026329084,0.8433000758097507,0.0,0.3635176171095692,0.0,0.0,0.0,0.0,0.0,0.0,0.0,0
2022-05-17,-0.1038981513120234,0.001299599,0.0037641546,0.2445225,0.0041952026,0.005230184,0.72467184,0.0060651116,0.0033655989,0.004802723,0.0020831476,0.4687592938905079,0.0,0.6113095003259743,0.0,0.0,0.0,0.0,0.0,0.0,0.5866083830856136,1
2022-05-18,0.0209305007010698,0.0016444363,0.004762676,0.23342559,0.0053091515,0.00661828,0.7275967,0.0076677655,0.004258666,0.0060809483,0.0026358925,1.5765476603232342,0.0,0.0,0.0,0.0,0.0,0.0,0.0,0.0,0.3663279316085954,0
2022-05-19,-0.2551129544153809,0.00152328915,0.00441203385,0.099969184,0.0049189,0.00613845485,0.715945065,0.0976232804999999,0.0039449484,0.00563309595,0.0598916782,1.152242444383497,0.0,0.4961064203214941,0.0,0.0,0.0,0.1754989305951756,0.0,0.0,0.0,0
2022-05-20,0.0139860082417726,0.0014188554,0.0041093654,0.20438445,0.0045807566,0.0057181064,0.7619794,0.0066130925,0.0036745397,0.005247222,0.0022743053,0.704808319412764,0.0,0.0,0.0,0.0,0.0,0.2618622396164601,0.0,0.0,0.4259438548248485,1
2022-05-23,-0.006062626838684,0.00154507985,0.0044749909999999,0.0993057015,0.04045906085,0.231389478,0.3667152637499999,0.24391951,0.00400139975,0.00571297965,0.0024766326,0.2537375961079011,0.0,1.2016984971592022,0.0,0.0,0.0,0.2612467039122573,0.0,0.0,0.0,1
2022-05-24,0.0181309594772755,0.0015687327,0.00454348585,0.155403773,0.075630661,0.0063193623,0.52002713,0.0073453173,0.0040626078,0.2225843825,0.002514546,0.8315728394875355,0.0,0.5008811231892955,0.0,0.0,0.0,0.2195642186181202,0.0,0.0,0.6453802810674992,0
2022-05-25,-0.0512290894985198,0.0016266681,0.0047112809999999,0.006578173,0.0052516239,0.00655052365,0.5518193,0.41062881,0.0042127729999999,0.0060134882,0.0026074117,0.816503397682449,0.0,0.2435047146169353,0.0,0.0,0.0,0.2514765731690606,0.0,0.0,0.3570223902032911,1
2022-05-26,-0.3141637919470667,0.0016418584,0.0047552213,0.9545952,0.0053007314,0.0066095158,0.006456849,0.0076866727,0.004252,0.0060699736,0.0026317604,0.8964434545774982,0.0,0.2377292702475791,0.0,0.0,0.0,0.3985862290501364,0.0,0.0,0.0,1
2022-05-27,-0.1975944489240646,0.00124669145,0.0036106755,0.15655201,0.00402473995,0.00501777485,0.434548385,0.306493098,0.0818998334,0.00460837085,0.00199834115,1.1020384859903194,0.0,0.5107904901327114,0.0,0.0,0.0,0.2486708721331314,0.0,0.0,0.210688250037006,1
2022-05-31,0.2897776793688535,0.0016419851,0.0047556483,0.006643895,0.0053013414,0.0066111805,0.95443153,0.007659605,0.0042523216,0.0060705594,0.0026319635,0.3767213579709414,0.0,0.0,0.0,0.0,0.3677979766967802,0.0,0.3387102719696506,0.0,0.3287567770381773,0
2022-06-01,0.0170025993138551,0.00142175595,0.004117799,0.0057505105,0.0045899651,0.0057225255,0.215648284,0.64234788,0.00368198115,0.1144403687,0.0022789548499999,0.0,0.2142609771639253,0.0,0.2647896645259942,0.3660309648444668,0.0,0.5,0.0,0.0,0.0,0
2022-06-02,-0.0131276436150074,0.00173940935,0.00503766525,0.25263186785,0.0056155046,0.00700131755,0.4808002405,0.233449417,0.0045046301499999,0.00643184985,0.0027881263,0.3074129368278448,0.0,1.143021478092887,0.0,0.0,0.0,0.3363957320474697,0.0,0.0,0.0,1
2022-06-03,-0.0909491404891013,0.0017846488,0.005168733,0.10596454,0.02431762615,0.0071894238499999,0.18290834875,0.65858704,0.00462174165,0.00659731765,0.00286064135,0.3643798079146935,0.4498388463138946,1.2346753305857554,0.0,0.0,0.0,0.0,0.0,0.0,0.0,0
2022-06-06,-0.0075698038563132,0.0018350028,0.0053146137,0.007420445,0.08087545,0.0073905224,0.3096036,0.40764904,0.004752228,0.006783134,0.16837588,0.0,0.0,0.3635406925391542,0.0,0.0,0.0,0.0,1.1849704215433154,0.0,0.0,1
2022-06-07,-0.0712650958448648,0.0015180628,0.00439690325,0.00614327545,0.0049016764,0.006116905,0.677853115,0.145911507,0.00393142705,0.1467937339999999,0.00243332645,0.5347930791207645,0.0,0.5837333175611188,0.0,0.0,0.0,0.4167147062387625,0.0,0.0,0.0,1
2022-06-08,0.0247445302084087,0.00164229135,0.0047564613499999,0.00664783285,0.0053017386,0.06811366035,0.0662690765,0.77685205,0.00425315905,0.0060740653,0.06008965285,0.0,0.4397985055705181,0.5334377185046033,0.2828167537220666,0.4503084926239555,0.0,0.3294835525960004,0.0,0.0,0.2335769963809833,0
2022-06-09,0.2082452494651079,0.00148895555,0.0043123829999999,0.00601808025,0.0048068997,0.0059967718,0.1840455234,0.7312313,0.05420700585,0.00550641765,0.0023866701,0.1764942555378052,1.3102243601498889,0.4375846634978606,0.0,0.5115919970788141,0.0,0.1861248051891657,0.0,0.0,0.0,0
2022-06-10,-0.1095482874661683,0.0018359754,0.005317252,0.66311604,0.005927791,0.007388758,0.0072272928,0.2947034,0.004754783,0.006785861,0.0029429137,0.9930275006073636,0.0,0.6431376590863622,0.0,0.0,0.0,0.334963316994587,0.0,0.0,0.0,0
2022-06-13,0.0729257687926292,0.00156844575,0.08840608,0.00634779275,0.1253618012,0.05470960075,0.396063747,0.13942485325,0.00406191955,0.18154159235,0.0025140862,1.307535535063935,0.0,0.4776091575090106,0.0,0.0,0.0,0.0,0.0,0.0,0.0,0
2022-06-14,-0.3997236080467701,0.0017384186499999,0.0050348205,0.1051479783,0.0056119333,0.00699673945,0.0068429719999999,0.793658915,0.0657544464,0.0064272580999999,0.0027865383,0.1601304605078288,0.5534843627991854,0.0,0.9594963116253478,0.0,0.0,0.0,0.0,0.0,0.0,0
2022-06-15,-0.6454730331897736,0.0016910954,0.004898058,0.07393101815,0.0943921002,0.00680871265,0.00665745555,0.7550924299999999,0.0043795675,0.0494388288,0.00271068315,0.2262535771728002,0.9734717982202744,0.3508101734791387,0.0,0.0,0.0,0.0,0.0,0.0,0.0,1
2022-06-16,0.3172527924180031,0.0017556366,0.0050846163,0.0071023844999999,0.00566782385,0.00707020265,0.8425844899999999,0.116882706,0.0045466995,0.00649134095,0.00281413715,1.1432308275630252,0.0,0.7577313814506131,0.0,0.0,0.0,0.1790025363640811,0.0,0.0,0.0,0
2022-06-17,-0.0502124652266502,0.0015763042,0.00456534045,0.00637116235,0.00508878475,0.0063452334499999,0.7585594,0.0762522985,0.00408223425,0.00582622925,0.1313330721999999,0.9262319553680964,0.3839087305305627,0.0,0.0,0.0,0.0,0.0,0.0,0.0,0.3638210120082469,1
2022-06-22,0.0891406815499066,0.0012546788,0.0036337685,0.0050722742,0.06482746,0.0050568026,0.00492973,0.8379764,0.0032492604,0.07198844,0.002011144,0.0,0.5766399466047178,0.68162741994024,0.0,0.3376307104038642,0.0,0.5528246885614997,0.0,0.0,0.0,0
2022-06-23,0.2217242401093244,0.06550190785,0.00420609715,0.11065556815,0.00468935355,0.00585249835,0.114886375,0.68274982,0.00376093975,0.0053696592999999,0.00232784835,0.1491484850072239,0.4891464116652748,1.014922700954758,0.0,0.1749438779794567,0.0,0.1876454471878146,0.0,0.0,0.0,1
2022-06-24,-0.0860179252922534,0.0012997156,0.0037642433,0.25833106,0.004195938,0.0052328142,0.55391204,0.16301055,0.0033659304,0.004804444,0.0020833344,0.5225272100581841,0.2609157999213046,0.3971518875263581,0.0,0.0,0.0,0.6205398720597499,0.0,0.0,0.0,1
2022-06-27,0.3394254110753536,0.0013873596,0.0040182423499999,0.2500412275,0.00447912315,0.31534319675,0.0361397655,0.137166913,0.10696925485,0.005129995,0.13932494075,0.681596956276017,0.0,0.4874169480764006,0.0,0.0,0.0,0.0,0.4983474319918737,0.0,0.3071571417269298,0
2022-06-28,0.0162435672245919,0.0015608153,0.004520661,0.006313151,0.005039846,0.0062962146,0.0061313235,0.9578184,0.0040421835,0.0057755685,0.0025018551,0.0,0.5723813902836806,0.4469835370453943,0.0,0.1228339991650848,0.0,0.0,0.8416947817607171,0.0,0.0,0
2022-06-29,0.0054377024061977,0.0014860173,0.0043037594,0.9589274,0.0047976337,0.005984155,0.005842701,0.0069357585,0.0038483865,0.0054923296,0.0023819602,0.0,0.0,1.3661225627277545,0.0,0.0,0.0,0.0,0.0,0.0,0.0,0
2022-06-30,-0.4019724205136299,0.0014942823499999,0.0043278147,0.2136941282,0.00482499135,0.0060168105,0.31282200365,0.41692293,0.00386983325,0.0336320687,0.00239520845,0.6144512321860451,0.2592016862543986,0.6260405535951667,0.0,0.0,0.0,0.2000316234903819,0.0,0.0,0.0,0
2022-07-01,0.0961111392825841,0.0014993043,0.004342346,0.3322082792999999,0.0048403858,0.0060347577,0.54139932,0.0070040504,0.00388280835,0.096385503,0.00240325815,0.95826816282092,0.2343996754329235,0.5017178166243542,0.0,0.0,0.0,0.1679547216095631,0.0,0.0,0.2384460524466536,1
2022-07-05,-0.437090091407299,0.001561301,0.0045218104,0.0063164565,0.0050406614,0.006286667,0.0061403704,0.2835922,0.67826605,0.0057719047,0.0025026335,0.1926643952946763,0.205536135184514,0.6952468775453916,0.0,0.1591313804496233,0.0,0.1635286385628233,0.6756977389348922,0.2063085648818446,0.0,1
2022-07-06,-0.3124388987198472,0.0019501333999999,0.00564802205,0.0078885375,0.00629565485,0.0078527827499999,0.3043628285,0.650617225,0.0050503556499999,0.00720857785,0.00312589915,0.5,0.0,0.352642006840589,0.0,0.0,0.0,0.3544624310296395,0.0,0.0,0.0,1
2022-07-07,-0.0686192545108496,0.00178477685,0.0051691228,0.3403148595,0.0057618452,0.0071845646,0.0815879722,0.5441129,0.00462209165,0.0066010574499999,0.0028608467,0.1234534705767118,0.3406843976724569,1.195937610501637,0.0,0.0,0.0,0.2629136181520809,0.0,0.0,0.0,1
2022-07-08,0.1380723360925912,0.0014183165,0.004107756,0.0057385685,0.0045788367,0.0057095126,0.0055751773,0.96168274,0.00367308,0.0052426443,0.0022734418,0.0,0.3335882501052565,0.8625392029615438,0.0,0.0,0.0,0.0,0.0,0.0,0.0,0
2022-07-13,-0.6457130312919617,0.00153284245,0.0560121642,0.29970189315,0.004948909,0.0061724276499999,0.006033862,0.61350231,0.00396977805,0.0056688456999999,0.00245701715,0.2460161185154695,0.9482073739635288,0.0,0.0,0.0,0.0,0.0,0.0,0.0,0.3707143877120931,0
2022-07-14,-0.2664847820997237,0.0015990228,0.00463110965,0.0237378965,0.0051622115,0.0064371739999999,0.334200562,0.4765726055,0.00414107635,0.1409553065,0.00256309845,0.0,0.5,0.2058421733383808,0.0,0.2491966024868031,0.0,0.0,0.0,0.0,0.3814840140613578,0
2022-07-18,-0.3045897400006652,0.00141916255,0.00411030215,0.00574516085,0.1621653725,0.00571582625,0.3885526735,0.006630036,0.0036752681,0.0997893517,0.3221968954999999,0.0,0.1810332817490504,0.0,0.0,0.4678379811149596,0.0,0.0,0.6872360607049959,0.0,0.3162140495446885,0
2022-07-19,0.2362461760640144,0.0013037499,0.003776177,0.08397234,0.0042091366,0.005256719,0.80935246,0.0060985573,0.0033764013,0.0048236973,0.07783065,0.5186663487809766,0.0,0.0,0.0,0.0,0.0,0.0,0.0,0.0,0.3362748228257795,1
2022-07-20,-0.3411884321831167,0.00160112565,0.0046375567,0.56822867,0.0051691027,0.0064461077,0.316107404,0.00748789195,0.00414649435,0.0059213292,0.08025440765,0.1701501489284983,0.1912390578692318,0.0,0.0,0.4295073335402999,0.0,0.0,0.0,0.0,0.7062563542626688,1
2022-07-21,-0.3803253434598446,0.001403979,0.00406639265,0.0056779068,0.00453276555,0.0056528959,0.48081316265,0.4867752035,0.00363599685,0.0051912845,0.0022504599,0.0,0.5913899611984113,0.459803010109317,0.0,0.1505363268090621,0.0,0.2002257452304223,0.0,0.0,0.6435733845976992,1
2022-07-22,-0.3736242800951004,0.0013033883,0.31230775,0.19756965,0.004207628,0.0052457275,0.46301097,0.0060723694,0.0033754155,0.0048180614,0.0020892213,0.3708595329445971,0.0,0.6009614827358034,0.4614089356602534,0.0,0.0,0.1525506664267977,0.0,0.0,0.6643000496355262,0
2022-07-25,0.0334812160581349,0.00133701955,0.00387253235,0.2767534917,0.00431622615,0.00538215615,0.39101773,0.2506339999999999,0.00346254325,0.00494218575,0.0582820806,0.1754665058574543,0.5939446027118382,0.3213143439241718,0.0,0.0,0.0,0.2278639814622517,0.0,0.0,0.4322560059670297,1
2022-07-26,0.0332864350639283,0.001835914,0.0053172293,0.0074207513,0.005928685,0.007396008,0.7261416,0.23147692,0.004754545,0.0067856,0.0029428152,0.5,0.0,0.0,0.0,0.0,0.0,0.2879293794314603,0.0,0.0,0.4087745985995388,0
2022-07-27,-0.2205665670335292,0.0016878429,0.004888261,0.006827043,0.03144972,0.006794515,0.0500921245,0.88494545,0.00437105565,0.0062385277,0.00270546975,0.1984963380488447,1.071780664002855,0.3508101734791387,0.0,0.0,0.0,0.1652047939071981,0.0,0.0,0.0,1
2022-07-28,-0.7735598385334015,0.0013931559,0.00403489045,0.528492925,0.0044981278,0.1186672302,0.1650179736,0.166903305,0.0036078945,0.00515145335,0.0022331111499999,0.0,0.2121205349381245,1.3155516845520567,0.0,0.0,0.0,0.1636980669087035,0.0,0.0,0.2324028611608025,1
2022-07-29,-0.5996982306241989,0.001114028,0.0032265875,0.28428167,0.003596451,0.004483347,0.68929976,0.005209251,0.0028850294,0.00411825,0.001785693,1.520732725371441,0.0,0.0,0.0,0.0,0.0,0.0,0.0,0.0,0.0,1
2022-08-01,-0.4719429295510053,0.0017338676,0.0050216424,0.007016947,0.0055973087,0.006978261,0.34823743,0.61173534,0.0044902833,0.0064096088,0.0027792433,0.707260816004151,0.283223997295007,0.2811657933828667,0.0,0.0,0.0,0.2185701675364559,0.0,0.0,0.0,0
2022-08-02,0.00402223598212,0.0019502328,0.005648213,0.54637957,0.006295798,0.007848914,0.007665711,0.4088267,0.0050505665,0.0072082616,0.0031260585,0.0,0.0,0.6847227353133944,0.0,0.0,0.0,0.0,0.0,0.0,0.0,0
2022-08-03,0.3742915242910385,0.00184233135,0.00533590345,0.00745725635,0.0059481124,0.6420922,0.1496106758,0.173176591,0.0047712203,0.00681262975,0.00295310165,0.8263132847732677,0.0,0.0,0.0,0.0,0.0,0.3788398608653534,0.0,0.0,0.0,1
2022-08-04,-0.1972589120268821,0.00178464535,0.0051686652,0.2775465574999999,0.00576140385,0.00718327225,0.1147317408,0.573745105,0.004621776,0.0065962105,0.0028606357,0.3489760089317992,0.2730663286317871,1.0412016717392285,0.0,0.0,0.0,0.0,0.0,0.0,0.0,0
2022-08-05,0.0162153048440814,0.00179588475,0.0052013153,0.0072677945,0.00579758245,0.007229103,0.1642656368499999,0.7942745,0.00465098865,0.0066386091,0.0028786515999999,0.0,0.6059378132944977,1.0755826863476643,0.0,0.0,0.0,0.0,0.0,0.0,0.0,0
2022-08-08,0.3750189207494259,0.0016100151999999,0.0046629465,0.0065151865,0.3007056165,0.00648351715,0.284110665,0.38320923,0.00416954405,0.0059525294,0.00258071845,0.2075470224413799,0.283615101280634,0.7034638736917607,0.0,0.0,0.0,0.3592009177315052,0.0,0.0,0.0,0
2022-08-10,-0.3382584834471345,0.0013561993,0.00392778,0.28312775,0.0043779947,0.0054583643,0.5887597,0.10229423,0.0035122135,0.005011905,0.002173873,0.7741229886516015,0.2227385527271621,0.3236805240209048,0.0,0.0,0.0,0.0,0.3810917453442838,0.0,0.0,1
2022-08-11,-0.5376590490341187,0.0019066221,0.0055220265,0.360121955,0.0061561229999999,0.00767615565,0.594652675,0.0089227745,0.00493766265,0.0070478046499999,0.0030561542,0.8510562628064885,0.0,0.5,0.0,0.0,0.0,0.0,0.0,0.0,0.0,0
2022-08-15,0.0165722467936575,0.00156395145,0.0045296624,0.565840035,0.0050490423,0.00629585665,0.2571269203499999,0.1472558085,0.00405024645,0.0057815547,0.0025068821,0.3400033389015435,0.1776749568352018,0.3478141755317692,0.0,0.399043468407785,0.0,0.3592009177315052,0.0,0.0,0.0,1
2022-08-16,-0.0391924679279327,0.0012481661,0.0036152822,0.0050480487,0.51549757,0.0050281645,0.004908287,0.31735408,0.003232425,0.14206736,0.0020007049,0.2477076688750874,0.2751749920630589,0.8360351685814529,0.0,0.0,0.0,0.0,0.0,0.0,0.0,1
2022-08-17,0.0234849192202091,0.0014851554,0.004301336,0.0060038394,0.004794561,0.0059819524,0.0058376966,0.9598785,0.0038461557,0.005490271,0.0023805788,0.0,0.0,0.0,0.0,0.0,0.0,0.7025558208036511,0.0,0.0,0.7062563542626688,0
2022-08-18,-0.1487940605729818,0.0015183842,0.0043974917499999,0.006141686,0.00490230465,0.0061119822,0.3934421075,0.571508065,0.00393222775,0.005611836,0.0024338416999999,0.5170670110853572,0.6223617096196017,0.2583007220937532,0.0,0.237250767198759,0.0,0.2007955214734861,0.0,0.0,0.0,1
2022-08-19,-0.0555182956159115,0.0013797709,0.00399611805,0.0055790604,0.00445439,0.0055549142499999,0.342931705,0.4476541503,0.00357327925,0.00509999535,0.17977666875,0.9128083641983962,0.628547077677337,0.0,0.0,0.0,0.0,0.0,0.0,0.0,0.0,0
2022-08-22,0.0351434312760829,0.0018785367,0.00544058625,0.007594686,0.00606440275,0.0075602991999999,0.64846439,0.159085573,0.153957449,0.00694294935,0.00301113595,0.9635193246764784,0.2700960191385985,0.2703469005535142,0.4173669873913862,0.0,0.0,0.1362875571614943,0.0,0.0,0.0,0
2022-08-23,0.1403382197022437,0.0013096115,0.0037930332,0.005296847,0.0042282392,0.0052769415,0.4777494399999999,0.428594428,0.00339168355,0.0682605822,0.0020991967,0.3638216099227483,0.7795687520542935,0.2601432912980761,0.0,0.0,0.0,0.1799965940771054,0.0,0.0,0.4786787333263222,0
2022-08-24,0.0418292828835546,0.0016029971,0.00464285125,0.00648113735,0.00517533665,0.0064608355,0.482590265,0.4803986799999999,0.0041513803,0.00592704385,0.00256946915,0.1982980593026823,0.0,0.2853224712532586,0.0,0.0,0.0,0.5,0.0,0.0,0.5066557803570622,1
2022-08-25,0.2826651930809021,0.0016098498999999,0.004662354,0.00651078565,0.0051968506499999,0.00648472425,0.15816448,0.80467099,0.00416915465,0.0059504432,0.0025804534999999,0.2595177341697781,0.6182615806501219,0.5340530025963043,0.0,0.0,0.0,0.4151573804423342,0.0,0.0,0.0,1
2022-08-26,0.0036724973469972,0.00131973675,0.00382233965,0.0608346306,0.00426116135,0.0053163272,0.312888815,0.60114325,0.0034177931,0.00488056935,0.00211542665,1.2122843970953496,0.6618857910772489,0.4157515618318754,0.0,0.0,0.0,0.0,0.0,0.0,0.0,0
2022-08-29,-0.3324840841814876,0.0016418644,0.0047551114,0.0066389213,0.005300878,0.006611339,0.0064577963,0.68520766,0.2746854,0.0060693696,0.00263177,0.5835712693096881,0.5285766719994028,0.0,0.0,0.2386279423002554,0.0,0.2484511146993621,0.0,0.2568189904324586,0.0,0
2022-08-30,-0.3475375436246395,0.0019437236999999,0.0056293765,0.127151685,0.0062747074,0.00782459085,0.19690874,0.276580689,0.3673860946,0.0071848368499999,0.003115625,0.7976062542775205,0.2489136309430813,0.4008310735217389,0.468622400471498,0.0,0.0,0.0,0.0,0.0,0.0,0
2022-08-31,0.0061058043502271,0.0016421034,0.00475587,0.55290455,0.005301475,0.0066139414,0.006458128,0.40936965,0.0042526685,0.0060695647,0.0026321532,0.6382960998569114,0.2394245925122435,0.7393540960410192,0.0,0.0,0.0,0.2120335535935937,0.0,0.0,0.0,0
2022-09-01,-0.3381514046341181,0.0018355997,0.0053163324,0.4214143,0.005926012,0.0073902397,0.0072194375,0.5364158,0.0047537116,0.006786238,0.002942311,0.5,0.0,0.5,0.0,0.0,0.0,0.0,0.0,0.0,0.0,1
2022-09-02,-0.3832996785640716,0.00163248565,0.0303808132,0.00660217115,0.00527021285,0.006571445,0.2613327397,0.675331835,0.0042277332,0.0060338605,0.0026167367,0.1880392670278209,0.0,1.1099559362771982,0.0,0.0,0.0,0.1782078711760133,0.0,0.0,0.332888198110279,0
2022-09-06,-0.4467923529446125,0.0019495563,0.0056462567,0.94614094,0.006293473,0.007845197,0.0076651,0.009080821,0.0050488426,0.007204826,0.003124974,0.2799542325575496,0.0,0.7268793072286873,0.0,0.0,0.0,0.0,0.4871517247394586,0.0,0.3402084066795529,0
2022-09-08,-0.0648224353790283,0.0014560426499999,0.0042172233,0.00588366975,0.0410647369,0.0058672007,0.056416463,0.87360662,0.0037707959,0.0053833645,0.00233391335,0.0,1.445460666555601,0.6219886678507346,0.0,0.3113513475159777,0.0,0.0,0.0,0.0,0.0,1
2022-09-09,-0.088220939040184,0.0016418603,0.004755053,0.006642252,0.0053002047,0.006607765,0.7593954,0.20270546,0.004252034,0.006068246,0.0026317637,1.0481406189943732,0.0,0.340465701394372,0.0,0.0,0.0,0.0,0.0,0.0,0.0,1
2022-09-12,-0.4268963858485222,0.0015596466,0.004517347,0.0063058957,0.0050347727,0.006276235,0.95674103,0.0072614723,0.0040390687,0.0057646926,0.0024999818,0.1869048399187592,0.0,0.5493395812947113,0.0,0.0,0.0,0.3068702743732325,0.0,0.0,0.7538219076133136,1
2022-09-13,-0.2516564819961787,0.0012499628,0.003620223,0.7015922,0.0040363204,0.0050309245,0.004915468,0.26969442,0.0032371012,0.0046197665,0.0020035852,0.8646585000193965,0.3250506605921491,0.0,0.0,0.0,0.0,0.0,0.379923766101316,0.0,0.0,0
2022-09-14,-0.0874504130333661,0.0015228394,0.00441053045,0.4826169218,0.004916468,0.0061307246999999,0.20339758915,0.28499004715,0.00394381745,0.00563003315,0.002440983,0.6637274074899078,0.4565453972768574,0.2921236873348294,0.0,0.0,0.0,0.1518483957751104,0.3439376718744068,0.0,0.0,1
2022-09-15,0.0222390899434685,0.0013807289,0.11870733385,0.25126475,0.00445776305,0.00556592785,0.6012837799999999,0.0064443615,0.00357576945,0.0051063919999999,0.00221319185,0.4312532389772402,0.0,0.9964601669794306,0.0,0.0,0.0,0.199111211233276,0.0,0.0,0.0,0
2022-09-16,-0.4571294113993644,0.0015648155,0.0045321506999999,0.244522858,0.0050522610499999,0.006299895,0.64007327,0.0451654257,0.00405248125,0.00578443245,0.042952402,0.8096552140449826,0.2686994130971474,0.0,0.0,0.0,0.0,0.5937146918615538,0.0,0.0,0.0,0
2022-09-19,0.4510223120450973,0.0016605301,0.00480934815,0.00671494965,0.172690308,0.0066880672,0.206195208,0.43785364,0.1545854515,0.00614085095,0.0026616895,0.5567504019624628,0.6176109595405694,0.0,0.0,0.0,0.0,0.5130830995319702,0.0,0.0,0.0,1
2022-09-20,0.3476720415055752,0.0016427425,0.0047577261999999,0.00664076665,0.191523806,0.0066153871999999,0.0939828976,0.59600178,0.0901270035,0.006074771,0.00263317745,0.0,0.6722225092003964,0.0,0.6347471592617818,0.3823567080147709,0.0,0.0,0.0,0.0,0.0,0
2022-09-21,-0.0464348383247852,0.0014896273,0.0043143029,0.24066593115,0.00480903985,0.0059984608,0.009256565,0.721713175,0.00385780165,0.00550732595,0.0023877468499999,0.5294874431888009,1.0650142191249878,0.4260853618117315,0.0,0.0,0.0,0.0,0.0,0.0,0.0,0
2022-09-22,-0.0852264463901519,0.0015232346,0.00441162725,0.1970818863499999,0.00491763395,0.0061349012,0.0059981705,0.5777508650000001,0.11663792605,0.08310214475,0.0024416165,0.1976046765344836,0.1966972445268554,0.5766696468971386,0.0,0.304576166367012,0.0,0.0,0.0,0.6452869015143794,0.0,0
2022-09-23,0.0386468414217233,0.00149314055,0.0043244951,0.00604214825,0.00482038525,0.00601431405,0.1093796346999999,0.32260634,0.186370347,0.35655582075,0.00239337815,0.4749320696104561,0.1448514431401131,0.0,0.2067653082229514,0.1611924129258374,0.0,0.3104032687034409,0.0,0.6469820055344353,0.0,0
2022-09-26,0.0085027255117893,0.00182168375,0.00527602435,0.0073687276,0.0058809924999999,0.0607672565,0.2820650971,0.277344909,0.32079118,0.035764211,0.0029200051,0.695100455084406,0.0,0.2224123792182429,0.0,0.1682477894627809,0.0,0.172896960199268,0.0,0.3772692090076011,0.0,0
2022-09-27,-0.2741889525204897,0.0013567476,0.003929659,0.005486958,0.0043799626,0.0054764,0.005332775,0.0063243723,0.18304212,0.7824963,0.0021747518,0.7885879795366668,0.0,0.0,1.2339507221579047,0.2833521869551189,0.0,0.0,0.0,0.0,0.0,0
2022-09-28,0.0592464506626129,0.00161032765,0.004663875,0.00651219425,0.0051989077999999,0.0064868847,0.075603784,0.061860254,0.0696171153,0.7658654300000001,0.0025812192999999,0.7214913293262724,0.0,0.0,0.7039333718429324,0.3714151800592075,0.0,0.0,0.0,0.0,0.0,1
2022-09-29,-0.023579248227179,0.0016096432499999,0.0046617843,0.0065144491,0.0051966552,0.0064800819,0.223496205,0.3387354015,0.1346768751,0.27604873715,0.0025801223,0.5936020134321343,0.0,0.3687224998358158,0.555877482364108,0.1725015628190838,0.0,0.0,0.0,0.0,0.0,0
2022-09-30,0.3742433218285441,0.0015233415999999,0.004411884,0.1139589375,0.00491782435,0.006132158,0.59292645,0.19417978535,0.00394510445,0.0755628235,0.00244178795,1.1654589486061728,0.2828207442867835,0.2807654708357872,0.0,0.0,0.0,0.0,0.0,0.0,0.0,0
2022-10-03,-0.3357481975108385,0.0015185607,0.0043980773999999,0.293203056,0.00490263755,0.0061131834999999,0.2741186965,0.2183284045,0.15827840015,0.03670489965,0.0024341246,0.7705342163594466,0.2646054603205554,0.7175377454879376,0.0,0.0,0.0,0.2042018343985303,0.0,0.0,0.0,1
2022-10-04,-0.1735176257789135,0.0013588639,0.0039357648,0.25335892425,0.0043870022,0.0054710989499999,0.38643383935,0.177648223,0.0035191154,0.0050253393,0.15886186,0.7168110378682434,0.2489136309430813,0.4008310735217389,0.0,0.0,0.0,0.0,0.5285767490145246,0.0,0.0,1
2022-10-05,0.023355459794402,0.00147091335,0.0042601292,0.0059495683,0.09192555785,0.00592680335,0.0768052145,0.2590113285,0.0038092991,0.0054372384,0.5454040149999999,0.1280848481698441,0.1835557943104478,0.4296651222578542,0.0,0.0,0.0,0.0,1.4209142068329448,0.0,0.0,0
2022-10-06,-0.0051899831742048,0.0016011129,0.00463713335,0.2758638057,0.005169059,0.0064442332,0.1232275913,0.5704259,0.00414646425,0.0059183425,0.0025664488,0.4295758836759522,0.4034990409925363,0.9136091461730448,0.0,0.0,0.0,0.0,0.0,0.0,0.0,0
2022-10-07,-0.255697026848793,0.00142162735,0.0041173007,0.0057530553499999,0.0045898004999999,0.0057240015,0.377653475,0.5895255,0.0036817047499999,0.0052547965,0.0022787487,0.565320052628101,0.4069971270867034,1.118900565532841,0.0,0.0,0.0,0.1246466376748699,0.0,0.0,0.0,0
2022-10-10,-0.1251629199832677,0.00174912805,0.00506579765,0.0070725885,0.00564660065,0.00704184,0.2474501095,0.239217485,0.382093895,0.0064694512499999,0.0981931503,0.5644509465803447,0.0,0.4258407929385109,0.1964496267223035,0.0,0.0,0.4508955653148578,0.5403851797085109,0.0,0.0,0
2022-10-11,0.0328864827752112,0.0016465634,0.0047689312999999,0.239674318,0.00531550325,0.00662906085,0.51466878,0.00771363935,0.2108511465,0.00609278235,0.00263930205,0.4992705750092825,0.0,0.4509351565461852,0.0,0.2007094603580915,0.0,0.2062556405047221,0.0,0.0,0.6130848554219599,0
2022-10-12,-0.3735652714967727,0.0016417579,0.004754958,0.006639992,0.0053002993,0.14478399,0.0064515998,0.8174758,0.0042517046,0.0060683647,0.0026315993,0.2450545827442453,0.2548701553146071,0.5615430009838631,0.0,0.0,0.0,0.3006805142634732,0.0,0.0,0.3542221274364274,0
2022-10-13,-0.3639244884252548,0.0012007367,0.0034775373,0.004857486,0.0038763585,0.004832634,0.9666771,0.005605475,0.0031096637,0.0044382955,0.0019246796,1.1792371062440823,0.0,0.0,0.0,0.0,0.0,0.0,0.3406989078651429,0.0,0.0,1
2022-10-14,-0.2798155397176742,0.0014894471,0.00431369675,0.00602510105,0.0048083072,0.00599460635,0.626036415,0.28298864,0.003857278,0.06209906,0.002387458,0.0,0.6320413268907095,0.5673602678181064,0.0,0.1491488855928031,0.0,0.2401765829159511,0.0,0.0,0.4669072408183844,0
2022-10-17,-0.204097256064415,0.0015228832,0.0044106503,0.0061574922,0.0049169515,0.006135392,0.3672441652,0.0071174401499999,0.00394390585,0.572566575,0.0259845717,0.5503698581857368,0.0,0.0,0.0,0.3748683125445812,0.0,0.0,0.0,0.4233062857486475,0.3135680378842018,1
2022-10-18,-0.7287833988666534,0.001717526,0.00497420635,0.006944613,0.0055445345,0.00691301435,0.48322979585,0.3017767174,0.1797935465,0.00635301835,0.00275304925,0.8474391554404028,0.0,0.214774618699336,0.7236387861285895,0.0,0.0,0.0,0.0,0.0,0.3036707724405389,1
2022-10-19,0.010227933526039,0.0019500671,0.23397107,0.00788719,0.006295645,0.007849696,0.7175764,0.009084666,0.005050157,0.007209358,0.0031257933,0.3642225993655815,0.2033772611432727,0.0,0.0,0.4567687485477318,0.0,0.0,0.0,0.0,0.6021860990115545,0
2022-10-20,0.0603143637999891,0.0016891673,0.0048922081999999,0.0068318639,0.0054533028499999,0.33657564015,0.11760493235,0.00789747025,0.36594044515,0.15040744625,0.00270759255,0.9501076774270864,0.0,0.0,0.5259963604991793,0.0,0.0,0.0,0.0,0.0,0.0,0
2022-10-21,-0.3971525728702545,0.00154243595,0.00446736475,0.00624024545,0.00497984725,0.006213763,0.574211595,0.3901713049999999,0.00399454025,0.0057064755,0.0024723945499999,0.8988765360718114,0.5813170493787467,0.0,0.0,0.0,0.0,0.2004029643964714,0.0,0.0,0.0,1
2022-10-24,0.1342337131500244,0.0016893867,0.0048928171,0.00682924615,0.00545398165,0.20750441815,0.4806520593,0.00788376175,0.0744191315,0.2079673015,0.0027079444,0.5,0.0,0.0,0.0,0.0,0.0,0.2879293794314603,0.0,0.0,0.4087745985995388,1
2022-10-25,0.0163795114494859,0.0016418907,0.0047553717,0.26882803,0.005300642,0.0066087903,0.28891534,0.4109958,0.004252121,0.0060701384,0.0026318124,0.8205923916651131,0.0,0.6073597550939882,0.0,0.0,0.0,0.227321946486909,0.0,0.0,0.3823933052600369,1
2022-10-26,-0.4368708077818156,0.0017339439,0.005021997,0.007012366,0.0055979793,0.006980626,0.76343936,0.008112525,0.004490461,0.0064130523,0.19119762,0.0,0.0,0.0,0.0,0.0,0.0,0.2772816300780197,0.0,0.0,1.2927549234306936,0
2022-10-27,0.0175111130811273,0.0012786319,0.0350993545,0.0051732887499999,0.00412885955,0.0051461005,0.933114855,0.00597043935,0.0033113205,0.0047275940999999,0.002049539,0.6108220425293163,0.0,0.1846233665822985,0.0,0.0,0.0,0.1583710713400956,0.0,0.0,1.1209470335364142,0
2022-10-28,-0.1423795167356729,0.0014190201,0.0041097216,0.005740607,0.004581069,0.0057113403,0.9606264,0.0066166236,0.0036749085,0.00524573,0.0022745696,0.7142824373103842,0.0,0.0,0.0,0.0,0.0,0.0,0.0,0.0,1.132922765551631,1
2022-10-31,0.0241739228367805,0.00123192545,0.0035678797,0.0049847556999999,0.02347884175,0.0049573337,0.89507505,0.0569852375,0.00319035015,0.00455396655,0.0019746725,1.696363209610013,0.1864301384795179,0.0,0.0,0.0,0.0,0.0,0.0,0.0,0.4340853057091498,0
2022-11-01,0.04243147931993,0.0016007556,0.0046361304,0.4332630345,0.00516799815,0.0064449582999999,0.13579332425,0.4004637075,0.004145572,0.0059186744,0.00256587625,0.4889368932909883,0.9446026721342208,0.2469643789641041,0.0,0.0,0.0,0.0,0.0,0.0,0.0,0
2022-11-02,-0.0039782281965017,0.00145173335,0.0042044716499999,0.0058723803499999,0.00468669285,0.0058442715,0.00570985715,0.89454845,0.06998879,0.00536640035,0.002327006,0.3399627123691962,1.3284809283042611,0.0,0.0,0.0,0.0,0.0,0.0,0.0,0.0,0
2022-11-03,-0.1956415809690952,0.00164759165,0.004772092,0.13215990175,0.0053190695,0.0066328686,0.1000766722,0.73639195,0.00426689625,0.0060920244999999,0.00264095025,0.4589941979333014,0.3085914969983108,0.0,0.595625670671651,0.2817574343109129,0.0,0.1944963787047028,0.0,0.0,0.0,0
2022-11-04,-0.3780312277376652,0.0016422748,0.0047563426,0.006645704,0.0053020976,0.0066104755,0.08568352,0.8764041,0.0042530964,0.0060699317,0.002632428,0.0,0.3335882501052565,1.362539202961544,0.0,0.0,0.0,0.0,0.0,0.0,0.0,1
2022-11-07,-0.3000422143377364,0.0019605781,0.0056783142,0.007926723,0.006331318,0.007906673,0.6680727,0.009164979,0.0050774617,0.19237213,0.09550919,0.9186733746910722,0.0,0.0,0.0,0.0,0.0,0.3628152391651522,0.0,0.2839894272655581,0.0,1
2022-11-09,0.2727601565420627,0.00189713405,0.1481973915,0.10547793835,0.00612465475,0.112808782,0.1969921515,0.09679459875,0.0049131838,0.323753185,0.00304094575,0.7727592750068,0.0,0.0,0.0,0.0,0.0,0.1946985652631589,0.0,0.0,0.0,0
2022-11-10,-0.1780207548290491,0.00137780775,0.0039903763,0.085472652,0.00444784085,0.005544313,0.56581378,0.322483635,0.0035682084,0.005092847,0.0022085095,0.7320699835178774,0.4669721217126008,0.0,0.6057983299447649,0.0,0.0,0.162554451215572,0.0,0.0,0.0,1
2022-11-11,0.0581927597522735,0.10220499675,0.00477958025,0.0887516159999999,0.00532855535,0.00664645505,0.3143591437,0.0076976635,0.0042735827499999,0.4633133,0.0026451193,0.0,0.0,0.0,0.0,0.0,0.0,0.0,0.0,0.0,0.0,1
2022-11-15,-0.4410843118093908,0.0016469809,0.0047699474,0.64003587,0.005317495,0.006634048,0.0064780256,0.32212377,0.0042652762,0.0060885926,0.0026399712,0.4903343555070872,0.0,0.9287218595287304,0.0,0.0,0.0,0.0,0.0,0.0,0.2847399503724547,1
2022-11-16,0.0143209733068942,0.001733615,0.0050211716,0.007017253,0.005597062,0.00698147,0.95187163,0.008099937,0.0044895704,0.0064094746,0.0027788384,0.2990662922060662,0.0,0.0,0.0,0.0,0.0,0.5,0.0,0.0,0.4006985810632674,0
2022-11-17,0.0136479986831545,0.0015640297,0.0045298505,0.626688675,0.005049305,0.00629447315,0.2089714349999999,0.1345630311499999,0.00405045595,0.0057817384999999,0.0025070077,0.1701501489284983,0.1912390578692318,0.6794501728099931,0.0,0.4295073335402999,0.0,0.0,0.0,0.0,0.0,0
2022-11-21,0.0295192021876573,0.0016603725,0.0048088722999999,0.30787994285,0.005361091,0.0066854754999999,0.00653608665,0.4841984039999999,0.0042999954,0.006138291,0.1724314951,0.4323206024696833,0.485572915957356,0.4784897216083912,0.0,0.0,0.0,0.0,0.5800479975174228,0.0,0.0,0
2022-11-22,-0.2049102932214737,0.00160120475,0.0046375019,0.0064785377,0.0051693544,0.00644729065,0.603605465,0.359428378,0.00414672145,0.00591894685,0.0025665961,0.1841761339991547,0.0,0.3448887787673203,0.0,0.0,0.0,0.65170650792995,0.0,0.0,0.2722425708760696,1
2022-11-23,-0.3038651719689369,0.00166054815,0.0048093122,0.00671405485,0.00536079415,0.006686801,0.466926505,0.4947414499999999,0.0043004122,0.00613845065,0.0026617183999999,0.7952770291067415,0.4034990409925363,0.0,0.0,0.0,0.0,0.0,0.0,0.0,0.0,1
2022-11-25,-0.8225480318069458,0.0015596959,0.0045171776,0.00630602,0.005035211,0.0062766746,0.956733,0.007268662,0.0040392675,0.005764279,0.0025000607,0.1783458135410703,0.0,0.927574162349378,0.0,0.0,0.0,0.1880773949298576,0.0,0.0,0.0,0
2022-11-28,0.0301701733842491,0.0016432567,0.41309914,0.0066541117,0.005304998,0.117207326,0.43545327,0.0076721055,0.004255591,0.006076146,0.002634002,0.7744277294581665,0.1737190014219141,0.1596839753841112,0.3449813876935029,0.0,0.0,0.0,0.0,0.0,0.0,0
2022-11-29,0.0195868127048015,0.00162677415,0.0047114743,0.3432552645,0.00525179085,0.0065475919,0.05361757,0.57215491,0.00421289125,0.00601423365,0.0026075817,0.1907792654459456,0.7502108842290998,0.4621723400160436,0.0,0.1609965045882487,0.0,0.1654453014502959,0.0,0.0,0.0,0
2022-11-30,-0.5762634873390198,0.00138796005,0.0040197902999999,0.0056154935,0.0044809239,0.00558881855,0.21454023,0.7534156000000001,0.00359446875,0.00513194175,0.0022247826999999,0.2522453447770648,1.301355865780556,0.0,0.0,0.0,0.0,0.0,0.0,0.0,0.0,1
2022-12-01,-0.1612379699945449,0.0014858793,0.00430355825,0.38064394875,0.00479759225,0.005985654,0.48230044925,0.0069444152,0.00384807355,0.00549566035,0.10419475435,0.7556238690750645,0.3209397370912222,0.2486922272327884,0.0,0.0,0.0,0.5317490486051802,0.0,0.0,0.0,0
2022-12-02,-0.3969804123044014,0.0015603453,0.004519035,0.006312607,0.0050385557,0.006288797,0.4962286,0.46774226,0.0040409085,0.005767842,0.002501102,0.0,0.0,1.3268946597814009,0.0,0.0,0.0,0.0,0.0,0.0,0.4662526296001522,0
2022-12-05,0.3483933750540018,0.0016425464,0.0047571845,0.49189782,0.0053027524,0.0066143223,0.46914235,0.0076849456,0.0042537744,0.0060714763,0.0026328631,0.2924678463158502,0.3216693246087393,0.2469643789641041,0.0,0.0,0.0,0.0,0.5312163697959275,0.0,0.3274159578447141,0
2022-12-06,0.0073924409225583,0.001950426,0.005648737,0.007889146,0.0062961476,0.007849169,0.5383183,0.41666207,0.0050510853,0.0072086225,0.0031263682,0.0,0.3406843976724569,0.6490563143353456,0.0,0.0,0.0,0.2629136181520809,0.560882955750658,0.0,0.0,0
2022-12-07,-0.4289944060146809,0.0016468993,0.00476973285,0.0066626077999999,0.005316803,0.0066290253,0.1875985885,0.774383615,0.00426514,0.0060877859,0.00263984045,0.1665869073456973,0.2267283009863683,0.9903150806417712,0.518462701934706,0.0,0.0,0.1749712001989322,0.0,0.0,0.0,0
2022-12-08,-0.1721649281680583,0.00164388285,0.00476105265,0.301409715,0.0053068709999999,0.006616388,0.2697533055,0.397540525,0.0042572485,0.0060760338,0.0026350054,0.3916580436547561,0.3425080940297677,0.7992533865083,0.0,0.0,0.0,0.2643210046100083,0.0,0.0,0.0,1
2022-12-09,0.0005563804879784,0.0014859678,0.004303664,0.0060141156,0.004797906,0.0059834523,0.69107896,0.27461344,0.0038482663,0.005492355,0.0023818808,0.2610361986610935,0.3626261715200031,0.285013014746084,0.0,0.0,0.0,0.3442415717613799,0.0,0.0,0.3172186697121004,0
2022-12-12,-0.1840720176696777,0.0016463927,0.0047682412,0.00666186425,0.005314944,0.00662720715,0.45012122,0.511872185,0.0042637230499999,0.0060851989999999,0.0026390285,0.2499357339854719,0.2695489609032796,0.2675901342108274,0.0,0.0,0.0,0.708016842169419,0.0,0.0,0.0,1
2022-12-13,-0.1712247114628553,0.0015165515999999,0.004392192,0.10230813875,0.0048958715,0.00610403185,0.47717739,0.391642045,0.00392751765,0.00560532865,0.0024309042,0.954134965653148,0.4687267364576257,0.0,0.5602450844660608,0.0,0.0,0.0,0.0,0.0,0.0,1
2022-12-14,-0.3153082560747862,0.0013589189,0.00393580605,0.0054946588,0.0043869292499999,0.00546932175,0.2120340208,0.7565997,0.0035192219,0.0050232075,0.0021782323,0.5237101672979904,0.894267462523241,0.0,0.0,0.2098260518900672,0.0,0.1789953752393965,0.0,0.0,0.0,0
2022-12-15,0.3967044930905103,0.0015645098,0.0045311712,0.282503025,0.00505097385,0.00630262925,0.1017434973,0.585959935,0.00405173565,0.0057847431999999,0.00250777725,0.0,0.5448905127199899,0.9609521677281764,0.0,0.2930731088804175,0.0,0.0,0.0,0.0,0.0,0
2022-12-16,-0.4424477014690637,0.0017963965,0.0052027027,0.0904154605,0.0057990043499999,0.007229642,0.74341309,0.0636141135,0.0046522448,0.00663937785,0.07123795235,0.7200491861103946,0.2486710254424738,0.1909193095719235,0.0,0.0,0.0,0.0,0.0,0.0,0.6588687401119135,0
2022-12-19,-0.0008913818746805,0.001687961,0.00488876155,0.3328132095,0.0054494325,0.00679576435,0.258919937,0.376127285,0.004371437,0.00624049565,0.002705659,0.8548094610083377,0.214806911580576,0.2140182553257424,0.0,0.0,0.0,0.2015476183588833,0.0,0.0,0.3164511108594158,0
2022-12-20,0.100546546280384,0.001463502,0.0042385624999999,0.00591765725,0.00472449745,0.005891528,0.0375086878,0.33770518,0.594793855,0.0054106866,0.00234587,0.9461904644848588,0.3806879928690174,0.0,1.0014336714250145,0.2148713088830396,0.0,0.0963561060345459,0.0,0.1663479045768926,0.0,1
2022-12-21,0.0772564262151718,0.0016269659,0.00471198425,0.00658194835,0.0052523186999999,0.006549944,0.63187739,0.1248984525,0.0042134947,0.0060180985,0.20826941665,1.1138700622772015,0.0,0.2037701670086761,0.0,0.1919561710864487,0.0,0.0,0.6670807196871271,0.0,0.0,1
2022-12-22,-0.4822191782295704,0.0017481857499999,0.034307197,0.44844021315,0.0056437777999999,0.0070370212,0.0068720920999999,0.4821592045,0.004527346,0.0064627448999999,0.0028021942,0.4941225121063178,0.0,1.0350227856410128,0.0,0.0,0.0,0.0,0.0,0.0,0.0,0
2022-12-23,-0.3867590725421906,0.0016843772499999,0.00487845645,0.118264836,0.00543829705,0.0067845744999999,0.25634669815,0.373945293,0.0043621532,0.06138870675,0.1669066543,0.7496128133962403,0.2662892273350632,0.2725403634829966,0.0,0.2061679923418394,0.0,0.0,0.0,0.0,0.0,1
2022-12-27,0.0190467424690723,0.0013071337,0.0037860626,0.3094135,0.0042198515,0.0052626943,0.56704843,0.0060970164,0.0033851287,0.097385004,0.0020952248,0.3859321647655095,0.0,0.0,0.0,0.0,0.0,0.8178936366135812,0.0,0.0,0.0,0
2022-12-28,-0.2714620386250317,0.0017334756,0.0050206496,0.2546995,0.0055987,0.0069805114,0.7041977,0.008087806,0.0044892845,0.0064136283,0.0027786149,1.1167013505186425,0.0,0.2866986213528397,0.0,0.0,0.0,0.0,0.0,0.0,0.0,0
2022-12-29,0.0575721301138401,0.0016426841,0.004757579,0.95456254,0.0053032525,0.0066112056,0.006458396,0.0077044885,0.0042541744,0.006072658,0.0026330838,0.1701501489284983,0.1912390578692318,0.0,0.0,0.4295073335402999,0.0,0.5,0.0,0.0,0.0,1
2022-12-30,0.0080265114083886,0.0012570726,0.1089234731499999,0.00508471635,0.0040590736,0.005059309,0.6939372100000001,0.07332581725,0.0032554943499999,0.1030828795,0.0020149813,1.8202109648924352,0.0,0.0,0.0,0.0,0.0,0.0,0.0,0.0,0.0,0
2023-01-03,0.025659218430519,0.0016875319,0.0048874747,0.197295352,0.0054479524,0.00679189665,0.6045255,0.166049667,0.00437027685,0.00623931835,0.00270497135,0.9937921027983428,0.0,0.4024691076430685,0.0,0.0,0.0,0.0,0.0,0.0,0.0,0
2023-01-04,0.0019550900906324,0.0016009596,0.0046370151,0.221047708,0.00516838075,0.0064441442999999,0.5176573099999999,0.169860657,0.0041460755,0.005917965,0.063519807,0.6654583175006376,0.2489136309430813,0.4008310735217389,0.0,0.0,0.0,0.0,0.0,0.0,0.0,1
2023-01-05,0.1459303051233291,0.0015298896,0.0044309525,0.00618777085,0.0049390333,0.0061615936,0.1249807603,0.8396999249999999,0.00396199805,0.00565581445,0.00245228385,0.4871946378104568,0.3735495523324336,0.6672035745206244,0.0,0.0,0.0,0.0,0.0,0.0,0.0,0
2023-01-06,-0.3615926373749971,0.0015598066,0.004517444,0.0063124583,0.0050352593,0.00627777,0.006131438,0.9578612,0.004039477,0.0057649724,0.0025002384,0.4170989704347596,0.2268909684542102,1.3748761458487415,0.0,0.0,0.0,0.0,0.0,0.0,0.0,1
2023-01-09,-0.4197720736265182,0.0016885725,0.0048905385,0.2476576575,0.00545133765,0.0068017522499999,0.3660043114,0.121068042,0.00437304925,0.00624531645,0.23581943415,0.2057002975894857,0.4393062420071143,0.5684939933455787,0.0,0.0,0.0,0.3484720339530128,0.746531868134843,0.0,0.0,0
2023-01-10,0.0411895932629704,0.00153648865,0.0044502594999999,0.0062141863499999,0.1365864925,0.0061883777,0.1844645737,0.61229657,0.00397910595,0.0418211408499999,0.0024628616,0.2081785734555258,0.7795687520542935,0.4546005736402256,0.0,0.0,0.0,0.1799965940771054,0.0,0.0,0.0,1
2023-01-11,-0.3019677475094796,0.0017329057,0.005018748,0.007006893,0.0055943094,0.006976566,0.4895962,0.31438062,0.0044878153,0.16242826,0.0027777017,0.0,0.0,0.653322937894073,0.2296663279486468,0.1492463062478312,0.0,0.6530812809755424,0.0,0.0,0.2177406433564335,1
2023-01-12,-0.0095851784572005,0.00160196015,0.0046396048,0.3499202685,0.0051718712,0.006446882,0.2583352457,0.361247215,0.0041486757999999,0.0059204763,0.00256780685,0.0,0.3548403615939416,0.3522617177382191,0.0,0.0,0.0,0.275496863047425,0.4172546925452467,0.0,0.0,1
2023-01-17,0.0123465210199355,0.0017331158,0.0050193677,0.0070050503,0.0055948026,0.006975427,0.8977115,0.008077837,0.0044882917,0.060616497,0.0027780381,0.1821667502010175,0.0,0.8415824687260084,0.0,0.1720076420238893,0.0,0.0,0.0,0.0,0.7488259742320087,0
2023-01-18,0.0086568742990493,0.0015649845,0.00453277515,0.2772181925,0.00505231975,0.0883096005,0.189760075,0.42121323,0.0040529178,0.0057874236,0.00250853795,0.4444255141139654,0.4034990409925363,0.6730933441375153,0.0,0.0,0.0,0.0,0.0,0.0,0.0,0
2023-01-19,0.3508172957226633,0.00183475,0.00531398,0.43769878,0.0059228037,0.0073837694,0.518816,0.008556244,0.0047515724,0.006781231,0.0029409493,0.176111196887655,0.0,0.6147042253856488,0.8522708916520414,0.0,0.0,0.0,0.0,0.0,0.0,0
2023-01-20,-0.4823580533266067,0.00161818685,0.00468682575,0.0065452425,0.1419464427499999,0.0403158742499999,0.6910229649999999,0.0075443914999999,0.0041906695,0.09953559785,0.00259381695,0.5,0.0,0.288717214632538,0.0,0.0,0.0,0.0,0.0,0.0,0.40821853213056,1
2023-01-23,0.0741752088069916,0.001958423,0.3005113,0.007926675,0.15061907,0.007891254,0.5065046,0.009134977,0.0050718584,0.007242654,0.0031391869,0.2548201811076174,0.0,0.5947906301804609,0.0,0.0,0.0,0.8648428268703503,0.0,0.0,0.0,1
2023-01-24,-0.4002855345606804,0.0015652506,0.00453323765,0.48538725,0.00505315225,0.0063006582,0.43117756,0.00731000875,0.0503771825,0.0057867401999999,0.0025089645,0.0,0.0,0.942755442420124,0.0,0.0,0.0,0.2244752652813623,0.0,0.0,0.3186885153647778,0
2023-01-25,-0.4504138138145208,0.0014899498,0.036663211,0.00602599535,0.0048109402,0.00600108115,0.926299005,0.006955934,0.00385855865,0.0055071025,0.00238826385,0.4209240980536611,0.0,0.1799315563913157,0.0,0.0,0.0,0.0,0.0,0.0,1.367304625470014,0
2023-01-26,-0.7354828417301178,0.0016882349,0.00488944185,0.5031185499999999,0.005450076,0.006794782,0.1823410973499999,0.282399356,0.0043720552,0.00624038135,0.00270609805,0.0,0.0,1.2047035656311924,0.0,0.0,0.0,0.0,0.0,0.0,0.0,1
2023-01-27,-0.1245433483272791,0.001485944,0.0043036193,0.077214841,0.0332975755,0.0059811103,0.5870447,0.27894988835,0.00384821115,0.00549227395,0.0023818427,0.7357714750858182,0.0,0.6121149579630603,0.0,0.0,0.0,0.0,0.0,0.0,0.5025337637170286,1
2023-01-30,-0.3425659760832786,0.0017915028999999,0.00518884335,0.00724154435,0.0057836637,0.00721209985,0.73034925,0.0659251905,0.0046395133,0.067461618,0.1044067994,0.3516221854025032,0.2990244883651821,0.0,0.0,0.0,0.0,0.230763752872974,0.3554741041662074,0.0,0.3276163086873454,0
2023-01-31,-0.0375060876831412,0.0015302139,0.0044318476,0.00619339915,0.004940307,0.0061584995,0.508934615,0.42275828,0.036943547,0.00565651465,0.00245280365,0.7712028940642623,0.9496290228495976,0.0,0.0,0.0,0.0,0.3702376601145597,0.0,0.0,0.0,1
2023-02-01,-0.1809866614639759,0.0013567922,0.0039296537,0.0054859603,0.00438044,0.0054636793,0.0053332737,0.9633461,0.0035136978,0.005015527,0.0021748233,0.7330125331252209,0.8366798724671244,0.2093771406240283,0.0,0.0,0.0,0.1627637421817565,0.0,0.0,0.0,1
2023-02-02,-0.5635547488927841,0.0013594505499999,0.1557584937,0.00549969315,0.004388865,0.0054744583,0.3780553625,0.3800082954,0.0622496877,0.0050266063,0.00217908445,0.2343392031900961,0.4065927679728769,0.2251873170702699,0.0,0.3406938808468952,0.0,0.0,0.0,0.0,0.6204316787729214,1
2023-02-03,0.0145230945199727,0.00130236135,0.00377194095,0.0052663686,0.00420429835,0.00524109625,0.7349556500000001,0.2349825834,0.0033727783,0.00481531445,0.0020875751499999,0.59953524494117,0.3145678597670399,0.588792994651923,0.0,0.0,0.0,0.0,0.0,0.0,0.7848807844272606,0
2023-02-06,-0.3625253047794103,0.0015651008,0.05245001825,0.3368145985,0.0050525206,0.0063007927,0.2132272523,0.37224239,0.0040532557,0.0057853465,0.00250872445,0.3820204108529189,0.0,0.6098436281690263,0.5217294877045529,0.0,0.0,0.1767837783439155,0.0,0.0,0.0,0
2023-02-07,0.2534934282302856,0.0014519427,0.00420516915,0.0058709633,0.17352170115,0.00585332085,0.0792506888,0.7183895,0.0037602087,0.0053692032,0.00232734145,0.1607795835646735,0.9778867089539792,0.5851677947339813,0.0,0.0,0.0,0.4564169043912794,0.0,0.0,0.0,1
2023-02-08,0.0281875040382146,0.00164886355,0.191548837,0.0066672677,0.104695663,0.0066427655,0.35412385,0.3216634365,0.0042701387499999,0.00609619225,0.002642989,0.6880845956153087,0.4684158510821142,0.322299153571436,0.0,0.0,0.0,0.0,0.0,0.0,0.0,0
2023-02-09,0.0608128481544553,0.00141858225,0.00410868565,0.00573846825,0.0045802838,0.0057131761999999,0.304356205,0.3890019572,0.003673742,0.27913502215,0.0022738676499999,0.4012203775673209,0.1821109615226547,0.774666394738826,0.0,0.0,0.0,0.0,0.0,0.0,0.4141332050374023,0
2023-02-10,-0.0810215305536984,0.001418138,0.004107202,0.0057333484,0.0045779957,0.005708697,0.8523107,0.11495557,0.0036726159,0.0052425363,0.0022731556,0.2572041592147797,0.240897275481248,0.5933870087432915,0.0,0.0,0.0,0.1859057084282609,0.0,0.0,0.4063759907787337,1
2023-02-13,0.0132670570164919,0.0016416459,0.0047544483,0.1228094,0.005299572,0.0066119423,0.63450044,0.0076729674,0.004251457,0.20982674,0.0026314198,0.4084067261909893,0.0,0.9667610709113794,0.0,0.1626793320357853,0.0,0.3844599981857163,0.0,0.0,0.2373385533538556,1
2023-02-15,-0.4440287724137306,0.0013567324,0.0039295936,0.0054844017,0.004379825,0.0054622674,0.0053316685,0.9633528,0.0035135595,0.005014404,0.0021747274,0.2952770291067415,0.4034990409925363,0.8415824687260084,0.0,0.0,0.0,0.0,0.0,0.0,0.0,1
2023-02-16,-0.0014028316363692,0.00168955855,0.004893401,0.198454264,0.00545465635,0.006804635,0.2186275905,0.550746755,0.0043755185,0.00624543275,0.0027082197,0.6394848830527038,0.3535730576173697,0.5819826351919442,0.0,0.0,0.0,0.0,0.0,0.0,0.3437419269903511,0
2023-02-17,-0.454198956489563,0.0013002825,0.0037661102,0.0052686715,0.0041975784,0.0052335737,0.80007255,0.16990277,0.0033674533,0.004806815,0.0020842433,0.1530869958959386,0.2091949252513976,0.8708402622714885,0.0,0.0,0.0,0.4077085346763267,0.0,0.0,0.0,0
2023-02-21,-0.0128050632774829,0.0014182829,0.004107603,0.0057331314,0.004579487,0.0057142847,0.66647685,0.23473057,0.0036730568,0.005242213,0.06832451,0.4992518250340523,0.5439854617835543,0.4384322600639173,0.4791552166678866,0.0,0.0,0.0,0.0,0.0,0.2281869517478137,0
2023-02-22,0.026850339025259,0.00164689255,0.00477004125,0.006659398,0.0053172941999999,0.0066337539,0.18655498535,0.77542341,0.0042650125,0.006089426,0.00263982975,0.0,0.5416370979960501,0.2220821070327584,0.0,0.0,0.0,0.229352632151782,0.0,0.0,0.0,0
2023-02-23,0.0413644164800643,0.00159605875,0.2355083641499999,0.257128514,0.00515259235,0.0064256946499999,0.4085408499999999,0.0730566709999999,0.0041333854,0.00589957835,0.00255834755,0.7070122019618122,0.0,0.674688870462462,0.0,0.0,0.0,0.0,0.0,0.0,0.0,1
2023-02-24,-0.4604826401919125,0.00138782065,0.0040193612,0.2758740892,0.0044804417499999,0.00558432165,0.49800937,0.19969689,0.00359410385,0.0051290293,0.0022245592,1.314228258454579,0.0,0.4575448269194333,0.0,0.0,0.0,0.3099944574588018,0.0,0.0,0.0,0
2023-02-27,0.4605770846828817,0.0016428973,0.0047582616,0.4902077,0.0053057726,0.0066153416,0.47080904,0.0076973964,0.0042546857,0.0060755275,0.0026334254,0.0,0.3958349635230274,0.0,0.0,0.0,0.0,0.3054745188272231,0.0,0.0,0.0,1
2023-02-28,-0.0097949323244392,0.001646606,0.00476885355,0.3997829149999999,0.0053156286,0.0066277479999999,0.32242321,0.246443135,0.0042643052,0.0060883071,0.00263937025,0.7412165718434398,0.4214074866285116,0.8666110281857333,0.0,0.0,0.0,0.1793826651729256,0.0,0.0,0.0,0
2023-03-01,0.0083789764903485,0.001561257,0.004521665,0.006317412,0.0050411415,0.0062853843,0.57889766,0.38505927,0.0040432415,0.005770442,0.0025025632,0.540819135459089,0.3048855414230412,0.2278282147805628,0.0,0.0,0.0,0.2352868560034689,0.0,0.0,0.3860861571234592,0
2023-03-02,-0.4587256200611591,0.00145829695,0.114536751,0.005899699,0.00470828375,0.00587434605,0.509898165,0.346117834,0.0037765873,0.00539252045,0.0023375269,0.414206119015677,0.0,0.4621723400160436,0.0,0.0,0.0,0.3016748744249531,0.0,0.0,0.3302615800310695,1
2023-03-03,-0.836588591337204,0.00165317045,0.00478786285,0.4757858915,0.0053371413,0.0066541752,0.156546506,0.33619314,0.0042813042,0.0061108716999999,0.0026498926,0.3142626894383358,0.9217576441112528,0.2653682820398352,0.0,0.0,0.0,0.1962063798648441,0.0,0.0,0.0,1
2023-03-06,0.2444089502096176,0.001602998,0.0046426275,0.00648170885,0.00517508,0.0064534707,0.12247059935,0.532633335,0.00415139885,0.31381930765,0.00256947045,0.5488200232480918,0.3425080940297677,0.0,0.0,0.5484053826114912,0.0,0.2643210046100083,0.0,0.0,0.0,1
2023-03-07,-0.3135044192895292,0.00133276065,0.003859942,0.0053876917,0.00430352485,0.0053668816,0.005241581,0.81753937,0.09942407885,0.05540786215,0.00213630275,0.0,0.8180796598862295,0.1188235083912055,0.6207959651058148,0.4440237106167971,0.0,0.0,0.0,0.0,0.0,0
2023-03-08,0.2991595864295959,0.0018566109,0.14243074715,0.007515855,0.0059944522,0.00747272825,0.0072973492,0.00870662765,0.00480808135,0.81094158,0.00297599055,0.1762463857870785,0.0,0.0,0.0,0.7676637259528128,0.0,0.5842295367249238,0.0,0.0,0.243706574959916,1
2023-03-09,0.0280980132520198,0.00154258245,0.05203044875,0.00624593685,0.00498029,0.0785624125,0.0956819305,0.0071923645,0.0039949332,0.7472965,0.00247262945,0.455326843883324,0.0,0.0,0.3632426144543646,0.805789768809883,0.0,0.1736411380142034,0.0,0.0,0.0,0
2023-03-10,0.0238660569302737,0.00136855325,0.00396369775,0.110229377,0.0734576454999999,0.0055160439,0.0053812126,0.3780976425,0.00354421055,0.4162480067,0.0021936754,0.2062996403369526,0.1477248307920771,0.6083746165664535,0.0,0.5,0.0,0.1140024903394304,0.0,0.0,0.0,0
2023-03-13,0.5375961512327194,0.0292810928,0.0036205107,0.0050580276,0.1127181192,0.005035931,0.0049188077,0.15685547,0.0032372297999999,0.6772711650000001,0.00200365235,0.0,0.4549926491399784,0.0,0.2398924496152915,1.25494140970374,0.0,0.0,0.0,0.0,0.0,0
2023-03-14,-0.5649925619363785,0.0014891774,0.0043129712999999,0.192813734,0.004807854,0.005999931,0.204385558,0.2954467875,0.00385661905,0.2845003362,0.00238702575,0.7218883367226592,0.0,0.0,0.0,0.8925979060301528,0.0,0.1879457859419238,0.0,0.0,0.0,1
2023-03-15,-0.0284239305183291,0.0014581542,0.00422323565,0.00589524275,0.0047079968,0.005873536,0.0057349405,0.00679884365,0.00377631895,0.920226625,0.04130513165,0.4921918812005342,0.1950017864834577,0.0,0.7116462061593496,0.9776830051222664,0.0,0.0,0.0,0.0,0.0,0
2023-03-16,-0.3370596319437027,0.0013595192,0.00393740895,0.005496277,0.0043892428,0.0690602385,0.1143880826999999,0.0323763027499999,0.0035208046,0.763292975,0.0021791944499999,0.2038969559089,0.0,0.0,0.7194397718576431,0.8749177580829788,0.0,0.1412453519756835,0.0,0.0,0.0,1
2023-03-17,0.0276840608566999,0.0016902039,0.0048952366,0.2485283335,0.0558089425,0.00680660595,0.192487555,0.083156691,0.00437724075,0.399539916,0.002709254,0.3094428614019566,0.0,0.2129694319324388,0.0,0.5128194053410917,0.0,0.6534318317888621,0.0,0.0,0.0,0
2023-03-20,0.2773827891796827,0.0011391077,0.02657250075,0.00460454475,0.0337076002,0.028524756,0.088422467,0.0794227535,0.1824477751,0.553332625,0.0018258933499999,0.733038013810656,0.1967465638169854,0.0,0.6411401408732043,0.4219299332531304,0.1591889121095837,0.0,0.0,0.0,0.0,1
2023-03-21,0.4602681472897529,0.0014865192,0.00430531125,0.00600943535,0.04136364215,0.0059876195,0.04689733565,0.2315480794999999,0.00384978185,0.65616954,0.0023827648,0.3635451602850288,0.1955755764006528,0.0,0.0,1.0564475699988254,0.0,0.0,0.0,0.1904140073481039,0.0,1
2023-03-22,-0.0874790754169226,0.00145237095,0.0042063535,0.0058735703499999,0.0708863932999999,0.1058762768,0.13126469735,0.56788266,0.00376125885,0.10646838785,0.0023280278999999,0.2805411339391505,0.2538898456943069,0.0,0.3578974602638335,0.5703615123339972,0.0,0.2502314823728109,0.0,0.0,0.0,0
2023-03-23,-0.2439677966758609,0.0014215113,0.004117103,0.00574984565,0.00459043075,0.0988023386999999,0.2215898329,0.517758885,0.0036813715499999,0.1400102,0.0022785625,0.5258407690713836,0.2359719544496525,0.0,0.0,1.0645578991392195,0.0,0.0,0.0,0.0,0.0,1
2023-03-24,0.0246348185464739,0.00159655325,0.0046239515,0.006459601,0.0051541936,0.0064290773,0.365363345,0.00744857365,0.0041347537,0.59623085,0.0025591401,0.5294316169960295,0.0,0.0,0.7169952058608174,0.310850297487881,0.0,0.4608070902661292,0.0,0.0,0.0,1
2023-03-27,0.4232514761388302,0.0014896427,0.04486370535,0.0060222031999999,0.0048089925,0.00600009535,0.2933775273,0.0069439575,0.0039130015,0.63019315,0.0023877715,0.7004206135645523,0.0,0.0,0.0,1.2564532024037676,0.0,0.0,0.0,0.0,0.0,1
2023-03-28,-0.0080779567360877,0.00138783975,0.0040195200499999,0.2426124597499999,0.00448129045,0.005589063,0.06124344835,0.2467196226,0.2441137466,0.1876084625,0.00222458995,0.4149596612397147,0.6016287674355544,0.0,0.3673753468294909,0.8301095315933908,0.0,0.0,0.0,0.0,0.0,0
2023-03-29,-0.1817031055688857,0.00168785935,0.0048883608,0.3263193044999999,0.0054489104,0.00679504805,0.422075364,0.007893627,0.00437114435,0.217814928,0.0027054959,0.5814519534339868,0.0,0.4937843359443958,0.1902205867764198,0.564566160019299,0.0,0.2086430388508575,0.0,0.0,0.0,1
2023-03-30,-0.8045266568660736,0.00160664065,0.00465318655,0.23265007,0.00518674025,0.006467045,0.1533206242,0.12937502725,0.1648545045,0.299310845,0.00257530925,0.8079387916673517,0.0,0.2033403630584356,0.0,0.574312051896655,0.0,0.0,0.0,0.0,0.2263172421288833,1
2023-03-31,-0.1771091250702738,0.00139873875,0.00405113045,0.2546830505,0.0045158014,0.0056317676499999,0.576800035,0.0829913585,0.0036223835,0.0640636485,0.0022420599999999,1.0759954109195298,0.0,0.0,0.0,0.2235738059250419,0.0,0.0,0.0,0.0,0.0,1
2023-04-03,-0.1255380995571613,0.00156056205,0.0045198722499999,0.00631466075,0.0050382655,0.0598091087,0.1116482868,0.30466835,0.0040414737,0.106248543,0.3961508649999999,0.3250004141112924,0.0,0.43200839593523,0.0,0.228536151340984,0.0,0.0,0.8851916078408262,0.0,0.0,1
2023-04-04,0.0156711461022496,0.00148898825,0.004312929,0.15226564725,0.0048069488,0.0059934296,0.499823125,0.274407191,0.00385609475,0.0055050055,0.04754073065,0.4177315831749693,0.2134654661516195,0.6207464180579763,0.0,0.0,0.0,0.2019827004213896,0.0,0.0,0.328544085437553,0
2023-04-05,-0.0059013348072767,0.00175473975,0.00508211765,0.5400795199999999,0.0056649552,0.00706384485,0.124482608,0.3020282549999999,0.0045443245,0.00648692915,0.0028126997499999,0.3820204108529189,0.0,0.6977328871864144,0.0,0.0,0.0,0.0,0.0,0.0,0.3305499598665415,0
2023-04-06,-0.8273525834083557,0.00189217995,0.00548011575,0.4785754375,0.0061088889999999,0.0076172535,0.4765504008,0.00884813275,0.00490034875,0.0069942988,0.0030330047,0.4850031524710735,0.0,0.8742418295231267,0.0,0.0,0.0,0.0,0.0,0.0,0.0,1
2023-04-10,-0.1507116183638573,0.0017546901999999,0.0050819513,0.0070995798,0.00566451835,0.0070621513999999,0.00689925835,0.952594825,0.0045441912,0.0064862428,0.0028126202,0.1441222628432353,0.3434142964554948,1.3196227347764076,0.4291574625515516,0.0,0.0,0.1454165032307194,0.0,0.0,0.0,1
2023-04-11,0.040108592249453,0.0015297343,0.0044304194999999,0.1720296399999999,0.00493836635,0.0061579024999999,0.18910231015,0.2980489608,0.00396163405,0.3173490155,0.0024520348499999,0.2515003613873167,0.0,0.3411802578453921,0.0,0.5,0.0,0.2652236789553317,0.0,0.0,0.0,0
2023-04-12,0.0069864983670413,0.001357482,0.0039316914,0.005490389,0.089480266,0.005466091,0.0053347787,0.6703801,0.0035154975,0.21286775,0.002175929,0.0,0.0,0.6066781565903114,0.2513642988190674,0.3266930198815237,0.0,0.0,0.3810917453442838,0.0,0.0,0
2023-04-13,-0.1333887949585914,0.0015601777,0.0045185364,0.006315807,0.0050367056,0.006279163,0.0061394284,0.9578407,0.004040529,0.0057680933,0.0025008332,0.6948676848670027,0.0,0.828532442446451,0.0,0.4016544596090138,0.0,0.0,0.0,0.0,0.0,1
2023-04-14,0.1221828889101743,0.0011999304,0.0034752206,0.00485465,0.0038739422,0.004830942,0.5729115,0.0056125405,0.0031075326,0.3982104,0.0019233872,0.1891880017375769,0.0,0.5,0.0,0.3479550579062693,0.0,0.0,0.0,0.0,0.6688177184242775,0
2023-04-17,-0.3975878395140171,0.038796472,0.00420498895,0.0058705328,0.00468713745,0.0058447246,0.54351797,0.00677050775,0.00376005635,0.38422038,0.0023272949,0.4195246818542301,0.0,0.0,0.3504913214916583,0.7676373898246149,0.0,0.1578587716357997,0.0,0.0,0.2567723158823907,1
2023-04-18,0.0468507437035441,0.00148889935,0.0043122108,0.3698283142999999,0.0048065999999999,0.00599331615,0.3965872645,0.0069630239,0.00385585495,0.2037779,0.00238658,0.3645063758298771,0.3457653671757058,0.0,0.0,0.9077969265669646,0.2081406253285098,0.0,0.0,0.0,0.3185110809022804,1
2023-04-19,0.0115424492396413,0.0018358999,0.005317564,0.102159336,0.005927395,0.0073975325,0.8543169,0.008560122,0.004754463,0.006788034,0.0029427926,0.2234268535697314,0.2033772611432727,0.0,0.0,0.4567687485477318,0.0,0.3016748744249531,0.0,0.0,0.3302615800310695,0
2023-04-20,0.0151635697111487,0.00156376005,0.0942917264999999,0.42843849,0.00504834415,0.00629572595,0.44472164,0.00730166745,0.0040497495,0.0057823949,0.00250657525,0.6252383129580488,0.0,0.5704077259223643,0.0,0.0,0.0,0.0,0.0,0.0,0.3592400719432746,0
2023-04-21,-0.5322193279862404,0.0012996485,0.0037640198,0.0052569006,0.0041956124,0.0052323,0.9639058,0.00609192,0.0033657567,0.0048048436,0.0020832268,0.0,0.0,0.4425397704909546,0.0,0.0,0.0,0.5658236311974489,0.0,0.0,0.448953387393624,1
2023-04-24,0.0275982320308685,0.03608263255,0.0043491898,0.0060743199999999,0.00484846045,0.0060519315,0.34802337,0.0070005744,0.0038889329,0.5812735649999999,0.00240702975,0.2085732891227848,0.0,0.0,0.0,0.6939055237390195,0.0,0.3324826067967617,0.0,0.0,0.5962667485569426,1
2023-04-25,-0.2576009915210306,0.0014583849,0.02655494215,0.0058942622,0.00470823375,0.0058728971999999,0.6144589650000001,0.006818987,0.0037768243,0.3281188605,0.00233766785,0.5987694837731534,0.0,0.1355284375090676,0.0,0.26306769216097,0.0,0.2703370097550685,0.0,0.0,0.6888161262648267,0
2023-04-26,-0.4500609934329986,0.0277090742,0.00497735805,0.4739860718,0.0055490205,0.0069171146999999,0.459279435,0.00802446935,0.0044506145,0.0063521785,0.0027547279999999,0.2079121442586566,0.0,0.658512250276632,0.0,0.0,0.0,0.17125794030324,0.0,0.0,0.5954126183583736,0
2023-04-27,-0.0602240487933158,0.00142141325,0.0251236725,0.517565105,0.0045885757,0.00572012585,0.4277257104999999,0.00663637125,0.00368109355,0.00525954415,0.0022784054,0.3280007639195865,0.0,1.237312264987665,0.0,0.2533219407261988,0.0,0.0,0.0,0.0,0.2138309821252091,1
2023-04-28,-0.73178431391716,0.00138022685,0.00399735335,0.246605535,0.00445573615,0.0484259349999999,0.385611903,0.29863191825,0.00357447725,0.0051045536499999,0.0022123871999999,0.9208128899817613,0.5786241107058785,0.2768862605873362,0.0,0.0,0.0,0.178093844119182,0.0,0.0,0.2064219265717919,1
2023-05-01,0.0918441116809845,0.029938193,0.00420926425,0.0058760075,0.0388534531499999,0.0477761264999999,0.040530612,0.0067693162,0.0037637474,0.8199537299999999,0.00232954545,0.6260748052560547,0.0,0.0,0.0,0.7292447711325395,0.0,0.0,0.0,0.0,0.0,0
2023-05-02,0.0216838591732084,0.001455188,0.055021666,0.062925927,0.00469833815,0.20912845,0.2065734249999999,0.06967197,0.00376857415,0.384423925,0.0023325436,0.2610275793335755,0.0,0.0,0.5,0.2464705462156357,0.2773255928767639,0.2102555307500172,0.0,0.0,0.0,0
2023-05-03,0.0628372635692357,0.0013931669,0.00403489445,0.00563700035,0.0044977306,0.00561039925,0.16556801235,0.4859114447,0.0036079588,0.3215062711999999,0.00223312885,0.4866309226686698,0.6121196883624838,0.0,0.0,0.3898240493833493,0.0,0.2002980050024974,0.0,0.0,0.0,0
2023-05-04,0.0063779414631425,0.079787334,0.0044326689499999,0.00618634535,0.0049410333999999,0.006165393,0.10057301925,0.3865649985,0.09377078135,0.3151251853,0.0024532206,0.493491508474788,0.8355910083233306,0.0,0.0,0.4879715276141596,0.0,0.0,0.0,0.0,0.0,0
2023-05-05,-0.5237861350178719,0.03783936195,0.0047728877,0.0066676945,0.005320416,0.0066374872,0.59718465,0.2309835025,0.0042679019,0.1036846244999999,0.0026415671,0.8450045203253213,0.0,0.6293154916906702,0.0,0.3146877394719032,0.0,0.0,0.0,0.0,0.0,1
2023-05-08,0.2933944016695022,0.0015300559,0.0044313556,0.0061966445,0.1052028775,0.34527190065,0.4799909695,0.0071590562,0.00396247985,0.0438021689999999,0.0024525505,0.2728634944020138,0.0,0.0,0.5,0.2138791643122222,0.0,0.3602793589644398,0.0,0.0,0.0,1
2023-05-09,0.036037303507328,0.00160154955,0.00463856755,0.00648136525,0.00517044615,0.0064559102,0.282099635,0.14682130985,0.00414764645,0.54001641,0.00256714885,0.2697740830077866,0.0,0.0,0.707066715814343,0.2162385364142361,0.0,0.5069660963960299,0.0,0.0,0.0,0
2023-05-10,-0.3765303120017052,0.00139290785,0.00403413525,0.091171329,0.0044966515,0.0056055315,0.23913448735,0.643175835,0.00360726065,0.00514914655,0.00223271375,0.1125168609800964,0.5532151141415733,0.7606493754046435,0.0,0.377937827784107,0.0,0.1965747435820565,0.0,0.0,0.0,1
2023-05-11,-0.0258829938247799,0.0017337982,0.0050213183,0.0070163147,0.0055969916,0.0069877785,0.6127877,0.008104085,0.25056854,0.09940438,0.0027791322,0.3492253886665639,0.0,0.5,0.293831847120936,0.2042167317537577,0.0,0.0,0.0,0.0,0.0,0
2023-05-12,-0.0269962782040238,0.001642155,0.0047559985,0.9545961,0.005301482,0.006610692,0.0064604827,0.0076781153,0.004252828,0.006069947,0.0026322359,0.5904092505636748,0.0,0.2050689361466411,0.4068798752455421,0.0,0.0,0.5794662171447978,0.0,0.0,0.0,0
2023-05-15,-0.2748608589172363,0.0016472990499999,0.00477091435,0.006668068,0.0460462785,0.236567731,0.42103749,0.00770646665,0.0042661347,0.268649245,0.0026404812999999,0.3935187271008006,0.0,0.0,0.3229127528697543,0.3084526080631603,0.304199268661636,0.2306299177899578,0.0,0.0,0.0,1
2023-05-16,0.0008594668470322,0.00173884175,0.0050361356999999,0.4779585034999999,0.0056138595,0.1955205783,0.24741200815,0.008109478,0.00450318215,0.051320252,0.0027872166,0.2210802681752613,0.0,0.5710435956541864,0.3264323691856234,0.0,0.3075149156893295,0.0,0.0,0.0,0.2470184331694062,0
2023-05-17,-0.5666601434350014,0.0014859535,0.0043035783,0.006010863,0.12068659,0.48395962,0.29467246,0.006936547,0.0038482568,0.075714275,0.002381858,0.0,0.2033772611432727,0.0,0.3639416805153235,0.4567687485477318,0.3428504822567443,0.0,0.0,0.0,0.0,1
2023-05-18,-0.5768822729587555,0.001559861,0.0045176107,0.0063035362,0.0050359285,0.0062803277,0.0061313994,0.9578658,0.0040395996,0.005765642,0.0025003254,0.5157462683354657,0.4034990409925363,0.0,0.2231168113130037,0.0,0.0,0.5499689530264144,0.0,0.0,0.0,1
2023-05-19,-0.2243452053517103,0.15920599,0.0043021245,0.006004794,0.0047954,0.005981358,0.005842108,0.80214316,0.0038469967,0.0054969788,0.0023810777,0.291950780986914,0.576834430184395,0.0,0.4843281291918632,0.2121340959086519,0.278334410167577,0.0,0.0,0.0,0.0,0
2023-05-22,-0.3325112164020538,0.1245328302499999,0.0046392615,0.0064800777,0.0051712033,0.08166442185,0.372170055,0.1545821813,0.0800250199999999,0.1681673682,0.0025675624499999,0.6139107482525588,0.1725598100342914,0.0,0.6491426172793331,0.4298680962854344,0.0,0.161908285357135,0.0,0.0,0.0,1
2023-05-23,0.0247264122590422,0.057258155,0.09184433,0.8072993,0.005929735,0.0073919324,0.007221635,0.008560209,0.004756856,0.0067935316,0.0029442797,0.5,0.0,0.0,0.0,0.0,0.3984351364579743,0.3020752257893973,0.0,0.0,0.0,0
2023-05-24,-0.2120885364711285,0.00135972625,0.0039381124,0.005501174,0.00439013355,0.00547488035,0.737769385,0.0063478957999999,0.00352139375,0.229517825,0.0021795263499999,1.1605171441244977,0.0,0.0,0.2134395754518564,0.0,0.0,0.0,0.0,0.0,0.5851650695638961,0
2023-05-25,-0.4420021567493677,0.001418436,0.0041080387,0.08014871,0.004578898,0.005707328,0.886226,0.0066194115,0.0036733644,0.0052461596,0.0022736331,1.1697730855994652,0.0,0.0,0.3905632218746657,0.0,0.0,0.0,0.0,0.0,0.2393990573769739,1
2023-05-26,-0.1294891089200974,0.0013565308,0.003928705,0.005497028,0.0043790396,0.0054597766,0.0053357095,0.751974,0.21487604,0.0050188196,0.0021744042,0.3425900809788713,0.2087678068059516,0.2072506800059601,0.5895182142438162,0.0,0.3428504822567443,0.0,0.0,0.0,0.2306694137002464,1
2023-05-30,-0.1209488660097122,0.0015242448,0.0044148471,0.006168391,0.0684797953,0.1934552218,0.49006995,0.0071141485,0.00394740135,0.222382805,0.00244323585,0.5071102783794698,0.0,0.0,0.6953235591601565,0.0,0.0,0.0,0.0,0.0,0.3423709054539433,1
2023-05-31,0.000934362411499,0.0013001377,0.0037655106,0.0052579055,0.004198774,0.0052448614,0.6686807,0.0060744765,0.0033670294,0.30002654,0.002084011,0.5640077230270336,0.0,0.0,0.8536385626940282,0.1100308660414376,0.1491403107036561,0.0,0.0,0.0,0.0,0
2023-06-01,-0.3633163049817086,0.0016098033499999,0.00466229655,0.302153845,0.0702641975,0.1504995387,0.1243409764999999,0.2348484743,0.0041689965,0.104871491,0.0025803787999999,0.1548383050104956,0.0,0.6672035745206244,0.6953235591601565,0.0,0.0,0.0,0.0,0.0,0.0,1
2023-06-02,-0.424869455397129,0.00133726355,0.0038731065999999,0.0054171511,0.07586360815,0.00538615865,0.221608475,0.632943025,0.00346318625,0.04796451935,0.0021435205999999,0.4734481532738228,0.5962374786007603,0.9835544442039272,0.1623056412687723,0.0,0.0,0.0,0.0,0.0,0.0,1
2023-06-05,-0.1353441318497062,0.0016427102,0.004758024,0.0790937,0.11740897,0.66047627,0.0064556836,0.007666287,0.0042541665,0.115611255,0.0026331258,0.3893891145393591,0.0,0.0,0.6953235591601565,0.0,0.0,0.3136496731677779,0.0,0.0,0.0,0
2023-06-06,0.1114636124111712,0.00148798915,0.00430971385,0.15990156,0.00480425685,0.00598990835,0.49144615,0.320319955,0.00385351975,0.0055018462,0.002385121,1.211219669377651,0.3319688552947974,0.0,0.0,0.0,0.0,0.0,0.0,0.0,0.0,1
2023-06-07,-0.0972576905041933,0.0015608345999999,0.00452054265,0.0063128117499999,0.0050390934999999,0.00628905515,0.0061454812499999,0.48257222085,0.18194702315,0.3031110635,0.002501886,0.1204500145953481,0.0,0.0,1.3930984705825202,0.0,0.0,0.1758266297421497,0.0,0.0,0.0,0
2023-06-08,-0.6219212412834167,0.0015297088,0.0044303251,0.190326456,0.0049395518,0.00615734625,0.4835637412,0.2969858245,0.0039615511,0.0056535118,0.002451994,0.225464424865169,0.2920668599320079,0.5942483092186678,0.0,0.0,0.0,0.2242036147776059,0.0,0.0,0.3367441021591519,1
2023-06-09,-0.3724562749266624,0.001155886,0.0033477074,0.004677945,0.0037317812,0.004657652,0.48255554,0.28063548,0.21311176,0.0042734053,0.0018527877,0.6158305592804799,0.4171530361025102,0.1947306058469138,0.2815748927224992,0.0,0.0,0.5410519490394472,0.0,0.0,0.0,1
2023-06-12,-0.3235324993729592,0.00152351545,0.004412506,0.212267336,0.0049186433,0.006136644,0.36618147875,0.1221974127,0.0039455405499999,0.00563245755,0.2727845152499999,0.0,0.3626261715200031,0.2303931869627516,0.0,0.0,0.0,0.3442415717613799,0.6245041645860614,0.0,0.0,1
2023-06-13,-0.3100472651422024,0.0016476355,0.00477180215,0.2370406959,0.00531893425,0.0066305179,0.3281797975,0.40341353,0.0042669923,0.0060890771,0.0026410206,0.6037390513776822,0.693062535994231,0.2579902345761597,0.0,0.0,0.0,0.0,0.0,0.0,0.0,1
2023-06-14,-0.2826611679047346,0.0012739791,0.0036897169,0.0051489515,0.0041127495,0.0051284365999999,0.3019549425,0.668641045,0.0032993015,0.00470880955,0.00204208115,0.98307984914699,0.8069939921315259,0.0,0.0,0.0,0.0,0.1674319990315682,0.0,0.0,0.0,1
2023-06-15,-0.0689898766577243,0.0013575823499999,0.0039318605,0.3981274425,0.00438290485,0.0054681541,0.22492379,0.3510969225,0.0035158569,0.0050194499,0.00217608995,0.8798308897096454,0.4601125814695644,0.5072013942818048,0.0,0.1753997093075945,0.0,0.1802465081767208,0.0,0.0,0.0,1
2023-06-16,-0.8508138954639435,0.0015595184,0.0045166393,0.0063057574,0.0050345757,0.0062758885,0.9567342,0.0072705313,0.004038768,0.0057643135,0.0024997764,1.34785638006392,0.0,0.0,0.0,0.0,0.0,0.0,0.0,0.0,0.0,0
2023-06-20,0.440956228878349,0.0015302703,0.0044319628,0.0061834777499999,0.00494053355,0.006160479,0.4152536468,0.5202406079999999,0.003963021,0.0056561727999999,0.0316398185,0.0,0.7916699270460549,0.0,0.0,0.0,0.0,0.6109490376544463,0.0,0.0,0.0,0
2023-06-21,-0.4563646726310253,0.0016600926,0.004808148,0.4776267147,0.00536019875,0.00668741805,0.055137716,0.4356210345,0.0042992095,0.0061384388,0.00266098825,0.1561451291371328,0.9741941045650262,0.1788868907326946,0.0,0.4339242515806912,0.0,0.0,0.0,0.0,0.0,0
2023-06-22,-0.2790056709200144,0.00178585605,0.0051722723,0.27096483575,0.08795238625,0.00719008995,0.00703271465,0.605808775,0.0046249041499999,0.006605629,0.0028625765,0.3205079693135823,0.3581325574473463,0.6730933441375153,0.0,0.3039358459189736,0.0,0.0,0.0,0.0,0.0,1
2023-06-27,-0.365544831380248,0.0014297841,0.00414104795,0.55410379,0.0046161631,0.00575579585,0.060150149,0.27754124,0.0037028026,0.0052857826499999,0.0832735291,0.7737089566754622,0.2364399564197028,0.8959648226613492,0.0,0.0,0.0,0.0,0.0,0.0,0.2612446188762177,1
2023-06-28,0.0295031666755676,0.00148917395,0.00431297205,0.4812889449999999,0.00480793485,0.0059971213,0.0364802432,0.45387447565,0.00385657395,0.00550564755,0.00238702015,0.1701501489284983,0.8286451076282204,0.0,0.0,0.6210249027588213,0.0,0.0,0.0,0.0,0.0,0
2023-06-29,-0.4456305629573762,0.00166054975,0.0048092703,0.25816416235,0.0053606393,0.0066839182,0.0782856025,0.63193579,0.0043003933,0.0061380034,0.0026617209999999,0.176808105864965,0.214118099371117,1.094887377165282,0.0,0.0,0.0,0.1864557810094448,0.0,0.0,0.2669571141184598,1
2023-06-30,-0.2699104994535446,0.00120709965,0.0034960202,0.1727035049999999,0.00389696165,0.0048597107,0.4951963749999999,0.28477973,0.0031261196,0.02879959885,0.0019348788,1.5097721217843905,0.0,0.426197135005077,0.1941048429777853,0.0,0.0,0.0,0.0,0.0,0.2758690102885195,1
2023-07-03,-0.0512355272658169,0.0017831166,0.0051644068,0.413129527,0.0057562348,0.007175543,0.544610215,0.008314212,0.00461787615,0.0065906792,0.00285818545,0.604550841137051,0.0,0.703909009346326,0.0,0.0,0.0,0.2346729804836251,0.0,0.0,0.0,1
2023-07-05,-0.4093889724463224,0.00160953205,0.0046615895,0.00650993945,0.0051963822,0.00648454205,0.0914157093,0.87142463,0.00416825315,0.0059495794,0.002579944,0.0,0.5,0.0,0.0,0.0,0.0,0.0,0.0,0.0,0.0,0
2023-07-06,-0.4191703237593174,0.0013929747,0.0040344531,0.00563563945,0.00449700425,0.0056074595,0.1701414863,0.538243085,0.2427924163,0.00514999985,0.0225054996,0.3013890351736663,0.7159316951894837,0.3478482637014502,0.4791552166678866,0.0,0.0,0.0,0.0,0.0,0.0,0
2023-07-07,-0.0290566636249422,0.00154480175,0.00447404105,0.084859368,0.0049869565,0.0062174398,0.20016785,0.6855629999999999,0.00400063785,0.0057097917,0.00247618675,0.0,0.4954313563027622,0.7745589027473677,0.0,0.0,0.0,0.0,0.0,0.0,0.2164879816186055,0
2023-07-10,-0.1282303035259246,0.00152249035,0.0044095457999999,0.0061613685,0.00491554125,0.006133035,0.26264511875,0.2269276435,0.1291799936,0.00562864335,0.352476644,0.1809594051762898,0.4450595532646958,0.0,0.0,0.0,0.0,0.2278639814622517,0.8036449627710114,0.0,0.0,1
2023-07-11,-0.3089789301156997,0.00153048635,0.00443291135,0.0061933935,0.004941132,0.0061632274,0.634291335,0.33037362175,0.00396356395,0.0056571225,0.0024532404,0.0,0.0,0.5,0.0,0.0,0.0,0.0,0.0,0.0,0.7023472339334386,1
2023-07-12,-0.364261070266366,0.00178350335,0.00516532385,0.2581188175,0.00575864715,0.0071784534999999,0.51037215,0.10630956425,0.09586324445,0.0065914415,0.00285880535,1.271207157429258,0.0,0.2077464136491785,0.0,0.0,0.0,0.0,0.0,0.0,0.0,1
2023-07-13,-0.4303792417049408,0.0015636660499999,0.0045288312,0.13157365015,0.005048066,0.0062948407,0.76611885,0.0725364637999999,0.0040494941,0.0057797569,0.00250642465,0.7311060208408648,0.0,0.2505781139232838,0.0,0.0,0.0,0.0,0.0,0.0,0.8621434234259084,1
2023-07-14,-0.7901877462863922,0.00142107875,0.0041156883999999,0.3995733709999999,0.0045877217,0.0057187939,0.48409814785,0.0892705122,0.00368021075,0.0052566703,0.0022778692999999,0.4385646438403669,0.0,0.4382272168230777,0.0,0.2297432131045729,0.0,0.3521928793371866,0.0,0.0,0.3517036840144231,0
2023-07-17,-0.8533634543418884,0.0017417138,0.00504442865,0.0070444336499999,0.0056234593,0.0070233017999999,0.657132505,0.00813381115,0.0835044725,0.221960105,0.00279182015,0.234088891644363,0.153095433233775,0.0,0.0,0.7825203942799155,0.0,0.0,0.0,0.0,1.0123641975161624,1
2023-07-18,-0.0700616687536239,0.0019509533,0.0056503396,0.07779101,0.0062989336,0.007859564,0.8759723,0.00908624,0.0050524026,0.0072111664,0.0031272133,0.2635820321355714,0.0,0.7070777629031447,0.0,0.0,0.0,0.217113416272224,0.0,0.0,0.3652208603159004,1
2023-07-19,-0.0543568916618824,0.0014860544,0.004303915,0.006012629,0.0047972472,0.005981059,0.95875055,0.0069443076,0.003848494,0.00549378,0.0023820198,0.3320283090114099,0.0,0.0,0.0,0.0,0.0,0.2152796980181413,0.0,0.0,0.3056335283247595,1
2023-07-20,-0.1363078313879668,0.00183675015,0.0053197325,0.110187658,0.00592958375,0.00739202765,0.8462850799999999,0.0085588175,0.0047566758,0.0067895861999999,0.00294415535,0.221298009621484,0.0,0.0,0.0,0.0,0.0,0.2879293794314603,0.0,0.0,1.0425212602774712,0
2023-07-21,-0.3486313205212354,0.00156444305,0.0653474625999999,0.0063256141999999,0.18481039185,0.0063010255,0.57261519,0.11531251575,0.039431767,0.0057838939999999,0.0025076702,0.6958290368590956,0.2990244883651821,0.0,0.0,0.0,0.0,0.230763752872974,0.0,0.0,0.3276163086873454,1
2023-07-24,0.0385997593402862,0.0688407306,0.005527125,0.3430397605,0.00616065665,0.0076815395,0.480200955,0.0734949065,0.0049422632,0.0070530998,0.0030589735999999,0.0,0.2990244883651821,0.5,0.0,0.0,0.0,0.230763752872974,0.0,0.0,0.3276163086873454,1
2023-07-25,-0.5222091004252434,0.0018357601,0.0053168926,0.6436733,0.10533435,0.0073916535,0.0072205826,0.2147436,0.0047542695,0.0067869746,0.0029425684,0.3820204108529189,0.0,0.4994430006100177,0.0,0.0,0.0,0.1761365168967322,0.0,0.0,0.612373969512368,1
2023-07-26,-0.3493780121207237,0.0014519317,0.0042050183,0.005870882,0.0046873630999999,0.00584389735,0.482174278,0.4843130135,0.0037600902499999,0.005366259,0.00232732405,0.2414993591698774,0.6926475360481188,0.0,0.0,0.0,0.0,0.1945257128296109,0.0,0.0,0.5546802027016166,0
2023-07-27,-0.4501009001396597,0.00152300595,0.00441126175,0.22405827185,0.0049173216999999,0.0061353009999999,0.55363435,0.1933035765,0.0039441783,0.00563151085,0.00244125005,0.4999510903596457,0.3580015012871709,0.349048599877054,0.0,0.0,0.0,0.2036040134286149,0.0,0.0,0.2890575078752916,0
2023-07-28,-0.3923601955175399,0.0014209004999999,0.0041153289,0.159701639,0.00458714065,0.00572048735,0.457828305,0.3554169633,0.00367977795,0.0052518641999999,0.0022775836,0.8376956793927766,0.3729240511901064,0.6081107781641689,0.0,0.0,0.0,0.0,0.0,0.0,0.2246861401651686,1
2023-07-31,-0.3809085618704558,0.00169800545,0.00491806115,0.3473571,0.0054821216499999,0.00683739575,0.6123655,0.0079458295,0.0043974485999999,0.00627675305,0.0027217595,0.6971127853645316,0.0,0.2435047146169353,0.0,0.0,0.0,0.2514765731690606,0.0,0.0,0.3570223902032911,1
2023-08-01,0.0296406024135648,0.39327034,0.003942543,0.2523974,0.0043953233,0.13834493,0.19055289,0.006354708,0.003525327,0.0050345017,0.0021819815,0.4003290081783789,0.0,0.4098407527245787,1.072351865270171,0.0,0.0,0.0,0.0,0.0,0.0,0
2023-08-02,-0.4541331846266985,0.06784119,0.004755429,0.006645635,0.0053005256,0.0066082487,0.63215,0.26374432,0.004252113,0.0060708364,0.0026318352,1.18297372205712,0.0,0.0,1.035838298197555,0.0,0.0,0.2568087145129045,0.0,0.0,0.0,0
2023-08-03,0.0212214794009923,0.0017394371,0.0050379186999999,0.0070362407999999,0.0056153565,0.0070058583,0.58237284,0.0081456569,0.179970672,0.200287908,0.00278817085,0.429492799035933,0.0,0.0,0.7945487166180809,0.0,0.0,0.0,0.0,0.0,0.9021343510890588,0
2023-08-04,-0.0141504909843206,0.0365139545,0.0043416023,0.0060639199,0.0048393451,0.0060356492,0.39076791415,0.4809789035,0.00388225785,0.0641735125,0.0024028991,0.693375665444105,0.0,0.7280793044861331,0.6271129058643874,0.2018466496948972,0.0,0.1200111092394305,0.0,0.0,0.0,0
2023-08-07,-0.2080900557339191,0.0019503768,0.005648833,0.94610226,0.0062969676,0.00785071,0.00767103,0.009091269,0.0050509456,0.0072113187,0.0031262892,0.0,0.0,1.101853121947136,0.0,0.0,0.0,0.3068702743732325,0.0,0.0,0.0,1
2023-08-08,-0.2864617300219834,0.04513535735,0.0050652371999999,0.6063766150000001,0.00564587635,0.007040082,0.084491514,0.008156869,0.0045292006999999,0.23075595975,0.00280335015,0.2075183501842851,0.0,0.5,0.4868208790870536,0.410294403677904,0.0,0.0,0.0,0.0,0.0,0
2023-08-09,0.0180276962928473,0.0017365406,0.0635510705,0.11904616535,0.005606146,0.00699300855,0.7219154999999999,0.0081141715,0.0044971803,0.0657567669,0.0027835279,0.2543794226077947,0.0,0.2850630766848708,0.0,0.286479227395574,0.0,0.5039286686075576,0.0,0.0,0.3760145600028397,0
2023-08-10,-0.0957147907465695,0.0015599689,0.0045179417,0.4219725,0.0050358803,0.0062779965,0.0061376416,0.54219214,0.00403994215,0.0057655382,0.0025004984,0.1491484850072239,0.0,1.173093344137515,0.0,0.0,0.0,0.0,0.0,0.0,0.0,1
2023-08-11,-0.4380225874483585,0.0017354159,0.0050260643,0.71344644,0.005602245,0.0069832895,0.006828032,0.24668846,0.0044943606,0.006414045,0.002781725,0.6276444213877299,0.0,0.403046751512035,0.6215483936004804,0.0,0.0,0.253168756811137,0.0,0.0,0.2924497217094689,0
2023-08-14,-0.7142309248447418,0.0013563602,0.0039282897,0.33524695,0.0043788683,0.005462001,0.10385007,0.5350748,0.0035126132,0.0050160354,0.0021741309,0.323601907934388,0.4484740991669693,0.3880402652835918,0.0,0.1889005887075272,0.0,0.1941204557377475,0.536410369210357,0.0,0.0,1
2023-08-15,0.0156679200008511,0.0014852111,0.004301549,0.30870217,0.004794518,0.0059773214,0.28209242,0.38092983,0.0038463015,0.0054901093,0.002380668,0.4589055087726882,0.3128927374060906,0.607922529920155,0.3727358556765782,0.0,0.0,0.0,0.0,0.0,0.0,0
2023-08-16,-0.4265423994511366,0.00164224945,0.0047562704,0.006639496,0.005301811,0.0066149204999999,0.0491112878,0.91297815,0.0042530223,0.0060704256,0.0026323872,0.1902795223327059,0.6907783125625901,0.3868448272155018,0.4849802870530787,0.0,0.0,0.1583660916908171,0.0,0.0,0.0,0
2023-08-17,-0.1128187496215105,0.0015645404999999,0.00453143535,0.482046885,0.00505072415,0.006298618,0.1494078865,0.1523913895,0.00405179855,0.192148934,0.00250782645,0.1491052401877648,0.0,0.8116832607972506,0.5108775185698216,0.0,0.0,0.0,0.0,0.0,0.0,0
2023-08-18,0.0027047791518271,0.0013564945,0.003928821,0.6568682,0.0043793707,0.005459173,0.005336602,0.25389892,0.0035130095,0.0050128503,0.06024653,0.4984542748300398,0.4132944778991885,0.1911905720186417,0.5004518180825419,0.0,0.0,0.357786584867578,0.0,0.0,0.0,0
2023-08-21,-0.2819344289600849,0.00157583345,0.00456395085,0.006368778,0.0050878519,0.0063445108999999,0.59050572,0.3731214424999999,0.00408098765,0.0058250318,0.00252592795,0.2274601816692996,0.3958349635230274,0.0,0.0,0.0,0.0,0.7166912436935009,0.0,0.0,0.3362235013026833,1
2023-08-22,-0.0121053792536258,0.0014178473,0.004106329,0.2488952774999999,0.00457720525,0.0057087435,0.3741824207499999,0.34992481,0.0036719239,0.00524273685,0.00227268945,0.3913741938899971,0.4119477132472553,0.4101925975735929,0.5357408419724635,0.1221330941230925,0.0,0.1255079830828034,0.0,0.0,0.2483652251924698,0
2023-08-23,-0.0029584169387817,0.0011581201,0.10276368,0.10690759,0.003739379,0.004666214,0.6880526,0.0054099355,0.0029992517,0.08244681,0.0018563687,0.3757466198548544,0.0,0.0,0.0,0.0,0.0,0.0,0.0,0.0,0.596582845763213,1
2023-08-24,0.0278240777552128,0.00173299645,0.00501914415,0.00700749735,0.0055948885,0.0069765773,0.2379142906999999,0.722082255,0.0044879935,0.006406626,0.00277784685,0.1565000974287241,1.1385131803336923,0.2971583597131183,0.0,0.0,0.0,0.1945263632493721,0.0,0.0,0.0,0
2023-08-25,0.0059029348194599,0.0013564544,0.0039284969999999,0.005483872,0.00437893215,0.00546141975,0.3205138999999999,0.6481755849999999,0.0035128867,0.00501421605,0.00217428185,0.3691350196817675,0.6902798238863668,0.1958248736694011,0.4973547545821537,0.1481351992749271,0.0,0.1522286012489544,0.0,0.0,0.2334491526811598,1
2023-08-28,-0.2740456163883208,0.0016420091,0.004755619,0.006644358,0.005300828,0.006611351,0.31509805,0.00766078,0.0042524375,0.6454026,0.0026320019,0.3671416827679775,0.0,0.3947538913121655,0.0,0.3630349959715184,0.0,0.7787787564037749,0.0,0.0,0.0,1
2023-08-29,0.009716807398945,0.0015595856,0.004516849,0.0063127726,0.0050347093,0.006277889,0.36902606,0.59496963,0.0040389327,0.0057637636,0.002499884,0.2771713214000542,0.4924289988294232,0.2277983060488148,0.0,0.0,0.0,0.0,0.0,0.0,0.0,1
2023-08-30,-0.2693560589104891,0.00157545215,0.004562797,0.540554035,0.005086115,0.0063417631999999,0.1740105207,0.25544043,0.00407998645,0.0058236387,0.00252531675,0.1743136053663773,0.2395725023279405,1.163208160200163,0.0,0.0,0.0,0.1848833519442353,0.0,0.0,0.0,1
2023-08-31,-0.2958725411444902,0.0012479741,0.0036143414,0.0050544282,0.0040285685,0.0050216257,0.5936958,0.37749287,0.0032319156,0.0046120766,0.002000397,0.575290083284133,0.0,0.610019386434087,0.6179006600877487,0.0,0.0,0.0,0.0,0.0,0.0,0
2023-09-01,-0.0707637984305619,0.001421401,0.0041166575,0.00575522965,0.0045888406999999,0.0057224984999999,0.08841463815,0.878767625,0.00368109005,0.005253686,0.0022783858,0.2919464111854024,0.2763435007567412,1.4549547910240217,0.0,0.0,0.0,0.0,0.0,0.0,0.0,1
2023-09-05,-0.0333776967599988,0.0013003785,0.0037662133,0.22229369,0.004198282,0.005235838,0.5326732,0.15973091,0.0033676731,0.0048066503,0.06262714,0.3363623313122943,0.3699464583884516,0.2786878068103618,0.0,0.0,0.0,0.0,0.584219311953806,0.0,0.0,0
2023-09-06,0.021337704733014,0.00183657225,0.08131081235,0.00743047335,0.00592985765,0.0073973892999999,0.37374718,0.27609060025,0.004756264,0.1942575205,0.0472433722999999,0.5,0.3548403615939416,0.3522617177382191,0.0,0.0,0.0,0.0,0.0,0.0,0.0,0
2023-09-07,0.0152296992018818,0.0016418115,0.0047549205,0.6977743,0.0053000795,0.0066066696,0.0064544,0.26451612,0.0042518573,0.00606828,0.002631685,0.8512793402464811,0.0,0.6730933441375153,0.0,0.0,0.0,0.0,0.0,0.0,0.0,0
2023-09-11,0.1323599512688815,0.0017331355,0.0050197956,0.0070096413,0.005595632,0.0069753276,0.95189553,0.008097504,0.0044883336,0.0064070327,0.00277807,0.229585163375142,0.0,0.4660343380366423,0.0,0.0,0.0,0.4911307503494273,0.0,0.0,0.3181145930330663,1
2023-09-13,-0.4694651886820792,0.0014188727,0.25756517,0.005740476,0.004580594,0.0057110954,0.7071508,0.0066384324,0.0036744997,0.0052456902,0.0022743333,0.4552234952309941,0.0,0.878153253842479,0.0,0.0,0.0,0.0,0.0,0.0,0.0,1
2023-09-14,-0.3546889126300812,0.0013561043,0.0039276867,0.17047727,0.0043780557,0.0054635485,0.22748555,0.57621306,0.0035119567,0.005013069,0.0021737206,0.5,0.0,0.0,0.0,0.0,0.0,0.0,0.0,0.0,0.0,1
2023-09-15,0.0160076599568128,0.0016416161,0.0047544907,0.1965393,0.0052996296,0.006615338,0.47027817,0.16172427,0.004251399,0.006068688,0.14282711,0.0,0.2553480110819922,0.0,0.0,0.0,0.0,0.8570760627697626,0.2393618153200618,0.0,0.0,0
2023-09-18,-0.119804959744215,0.0013561682,0.003927769,0.005482542,0.004378227,0.0054593906,0.1615252,0.8071711,0.003512116,0.005013673,0.002173823,0.0,0.3626261715200031,0.0,0.0,0.0,0.0,0.3442415717613799,0.0,0.0,0.0,1
2023-09-19,-0.0096515025943518,0.00168409945,0.0048775425,0.1316679202,0.0054380702,0.35101833865,0.1110594282,0.363196517,0.02213044765,0.0062282035,0.0026994691499999,0.0,0.2383566370794453,0.0,0.5633132595269336,0.0,0.0,0.1839450420778275,0.0,0.0,0.0,0
2023-09-20,-0.1158447368070483,0.00124820955,0.0036150499,0.00504863865,0.0040304554,0.00503121435,0.0465835405,0.833453,0.00323255245,0.0957565862,0.0020007745,0.1510325609452989,1.1799434920037637,0.0,0.0,0.2584678142721348,0.0,0.0,0.0,0.0,0.0,0
2023-09-21,-0.0146553036756813,0.001733964,0.0050218613,0.007010735,0.005598655,0.006977154,0.32459775,0.008110463,0.63175386,0.006416166,0.0027793979,0.6064709945051635,0.0,0.0,0.4321023679081368,0.0,0.0,0.0,0.0,0.1780115557921586,0.0,0
2023-09-22,0.1170621663331985,0.0015649426,0.0045324097,0.0063265842499999,0.0050521835,0.0063022949999999,0.54484205,0.419027065,0.00405281185,0.0057911755,0.0025084708499999,1.1088703401203268,0.2503513374995208,0.0,0.0,0.275522126738032,0.0,0.1932016153392901,0.0,0.0,0.0,0
2023-09-25,0.0689426995813846,0.0014854807,0.004302478,0.15440239,0.2693049,0.14683712,0.40500125,0.006942503,0.0038470165,0.0054958384,0.0023811,0.0,0.0,0.0,0.0,0.0,0.0,0.0,0.0,0.0,0.0,1
2023-09-27,0.007596687413752,0.0014183891,0.0041080057,0.66250366,0.00457894,0.005708368,0.005578555,0.304914,0.0036732184,0.005243311,0.0022735582,0.3854340456070559,0.3655115352351401,0.1696501421050629,0.5088623252675222,0.4081830472822602,0.0,0.1724238453790544,0.0,0.0,0.0,1
2023-09-28,-0.1261079274117946,0.001522777,0.0044102668,0.4440277784999999,0.00491649775,0.2489985527,0.238643325,0.04546480825,0.0039436373,0.00563147775,0.00244088285,0.6705505940078708,0.0,0.575882558659024,0.0,0.0,0.0,0.1980040847841639,0.0,0.0,0.0,1
2023-09-29,0.008075906895101,0.00120722145,0.0034963705,0.19657800315,0.00389719165,0.00486200985,0.3470471899999999,0.43338803,0.0031264484,0.00446252615,0.0019350739,1.0007838815649004,0.0,0.3239512429112154,0.5311968594274565,0.0,0.0,0.0,0.0,0.0,0.0,0
2023-10-03,0.1826909715309738,0.00173528,0.0050256546,0.0070201284,0.0056031775,0.24730855,0.006826042,0.5112081,0.20607589,0.0064157075,0.0027815073,0.362098351253674,0.1857928757531206,0.0,0.6546841513663793,0.0,0.5,0.0,0.0,0.0,0.0,0
2023-10-04,-0.3328582681715488,0.0016427082,0.0047576376,0.5842344,0.005303097,0.006611324,0.0064579262,0.37803373,0.004254164,0.0060719373,0.0026331227,0.5230097867808259,0.0,0.4621723400160436,0.528187720373341,0.0,0.0,0.0,0.0,0.0,0.0,1
2023-10-05,0.1150057055056094,0.0015600167,0.0045182896,0.0063104015,0.0050361985,0.006278693,0.31836268,0.6456254,0.0040400918,0.0057676756,0.002500575,0.0,0.44085318705055,0.0,0.5509247491008215,0.0,0.0,0.0,0.0,0.0,0.0,0
2023-10-06,-0.033768218010664,0.00164631115,0.0047679893,0.00666503535,0.00531462045,0.00662586,0.25349899565,0.70849305,0.00426355835,0.0060857375,0.00263889785,0.6843642699273362,0.0,0.6563397853714971,0.4507744212844939,0.0,0.0,0.2346729804836251,0.0,0.0,0.0,1
2023-10-09,0.0193170886486768,0.0012483102,0.003615438,0.0050496743,0.0040303706,0.7054471,0.26492265,0.0058350014,0.0032328612,0.0046177125,0.0020009358,0.3010644012172311,0.0,0.0,0.0,0.0,0.0,0.399199481863028,0.8415766058943289,0.0,0.0,1
2023-10-10,0.0363513268530368,0.0515170988,0.00412367145,0.0057595425,0.0045968842999999,0.00573205325,0.005604561,0.911432955,0.00368726845,0.0052637635,0.00228220815,0.5211325051210115,0.3243999515524013,0.2880300513763398,0.905554104454492,0.0,0.0,0.0,0.0,0.0,0.0,1
2023-10-11,-0.0498455688357353,0.00178365625,0.0051658037,0.00721277465,0.00576014885,0.4742007842,0.00701519465,0.4847895359999999,0.0046191695,0.006593923,0.0028590505,0.0,0.0,0.0,0.6095626711995568,0.0,0.0,0.2533980993946878,0.0,0.0,0.0,1
2023-10-12,0.0132511616684496,0.0014856732,0.004302735,0.5482905,0.0047962503,0.005982222,0.005842702,0.4175808,0.0038475143,0.00549032,0.0023814088,0.0,0.3548403615939416,0.3522617177382191,0.0,0.0,0.0,0.0,0.6872360607049959,0.0,0.0,0
2023-10-13,-0.0476109934970736,0.0014853012,0.0043016756,0.006007592,0.004794721,0.005976269,0.9587689,0.0069396948,0.0038465424,0.0054986216,0.0023808125,0.0,0.1633913240062661,0.2894369547104906,0.0,0.1547611374866886,0.0,0.4077085346763267,0.0,0.0,0.76987479800576,0
2023-10-16,-0.5933742672204971,0.0014852681,0.0043015466,0.006005316,0.0047946763,0.005977439,0.8769347,0.006937288,0.00384646,0.087336555,0.0023807595,0.0,0.0,0.0,0.0,0.3239440185547088,0.0,0.0,0.0,0.0,0.5350028764641545,1
2023-10-17,0.0270597180351615,0.0013559908,0.003927253,0.49503115,0.0043774457,0.0054579377,0.13890263,0.34025016,0.0035116442,0.0050122226,0.0021735388,0.0,0.2859892356246528,0.711433200384834,0.0,0.0,0.0,0.0,0.0,0.0,0.1733846550809586,0
2023-10-18,-0.398614713922143,0.00175521195,0.0050835924999999,0.007100723,0.00566701895,0.00706967915,0.1566247634999999,0.4834860655,0.323907873,0.0064916711,0.0028134566,0.430768817278062,0.692284710755633,0.3442246870590142,0.5457319120889718,0.1485654513344909,0.0,0.0,0.0,0.0,0.0,0
2023-10-19,-0.6499286890029907,0.0014582966,0.0042235728,0.0510030676999999,0.0047080553,0.0058739523,0.4359088245,0.25863504225,0.2304595205,0.00539212315,0.0023375263,0.6125257707950733,0.3612075159421786,0.0,0.4268246642177559,0.0,0.0,0.0,0.0,0.0,0.3848366184202603,0
2023-10-20,0.0021389918401837,0.0015606144,0.004519919,0.40758875,0.0050383536,0.0062808366,0.0061370567,0.12793083,0.004041636,0.4344005,0.0025015334,0.3048655399957414,0.2006844764276503,0.0,0.47733278870027,0.4507209736010684,0.0,0.2930796854962974,0.0,0.0,0.0,0
2023-10-24,0.1322698518633842,0.00178307975,0.0051643213,0.0072077846,0.0057570474999999,0.4836416445,0.2378912565,0.00830919375,0.24079397915,0.0065935531999999,0.0028581263,0.3322305213348803,0.0,0.0,0.528187720373341,0.0,0.0,0.0,0.0,0.0,0.0,1
2023-10-25,0.0241062147542833,0.0016471145,0.0047706836499999,0.0723512523,0.00531789755,0.0066329991,0.65643412,0.0076864887,0.23642572675,0.00609357815,0.00264018555,0.5663856119394826,0.0,0.1512278634467568,0.4541486674479813,0.0,0.0,0.2788447636011761,0.0,0.0,0.7420966548562256,0
2023-10-26,-0.4540134137496352,0.0014185143,0.00410840575,0.3852607248,0.0045793224499999,0.0057115518,0.483119151,0.1046114924999999,0.003673575,0.005243618,0.00227375865,0.7460825013863186,0.1680838276569347,0.5154325215434291,0.0,0.0,0.0,0.0,0.0,0.0,0.4761381108640368,0
2023-10-27,-0.4419499654322863,0.00135950815,0.03474633015,0.05116601865,0.00438895235,0.0054747788,0.88580155,0.0063379205,0.00352083525,0.0050249614,0.0021791766499999,0.7877710472146109,0.0,0.1606376592754188,0.2619459255417233,0.0,0.0,0.0,0.0,0.0,0.9877776253078236,0
2023-10-30,-0.0052737593650817,0.0016416941,0.0047546467,0.0066393483,0.0052998764,0.006608784,0.006459687,0.9556438,0.004251597,0.0060690823,0.002631497,0.5651182736851552,0.5204642976671098,0.0,0.528187720373341,0.0,0.0,0.2455954580791032,0.0,0.0,0.0,1
2023-10-31,0.0078258449211716,0.0013928195,0.00403399205,0.0056395818,0.0044967686,0.10466976085,0.76423695,0.00652267365,0.10162342815,0.00515147395,0.00223257205,1.3250223547468165,0.2948754841476576,0.0,0.4511120817064236,0.0,0.0,0.0,0.0,0.0,0.0,1
2023-11-01,0.1308998018503188,0.0014531284999999,0.0042084788,0.00587603735,0.0046910267,0.00584984725,0.0993484019,0.867108115,0.0037632454,0.0053724696499999,0.0023292423,0.2668736125058235,0.4398109322132938,0.0,1.0352738337102363,0.0,0.0,0.2117744000079546,0.0,0.0,0.0,1
2023-11-02,-0.1157359965145587,0.00160086905,0.0046363724999999,0.10705044035,0.0051683947,0.0064453273,0.2833389725,0.38218643235,0.2010901023,0.0059170547,0.00256605785,0.8055686374993263,0.0,0.6394935639968053,0.4907581758169919,0.0,0.0,0.0,0.0,0.0,0.0,1
2023-11-03,-0.2197660133242607,0.0014519741,0.00420517565,0.00587181675,0.00468746715,0.0058446915499999,0.3765816905,0.589902765,0.00376024115,0.0053667628,0.0023273919,0.6070093284872584,0.1990125726825756,0.826172668635037,0.4532567942959684,0.0,0.0,0.0,0.0,0.0,0.0,1
2023-11-07,-0.2796130776405334,0.0015640223,0.0045297886,0.006332216,0.0050501825,0.4802624117,0.4521915925,0.03772952035,0.00405045775,0.00578287405,0.0025069955,1.0,0.0,0.0,0.0,0.0,0.0,0.0,0.0,0.0,0.0,1
2023-11-08,-0.4011018276214599,0.0014891155,0.00431274575,0.048905266,0.0048074637,0.005995588,0.00586073535,0.44159560475,0.47914027425,0.00550627725,0.0023869263,0.4453043080386155,0.8773078499539227,0.0,0.7528930341475925,0.1527795819403273,0.0,0.0,0.0,0.0,0.0,1
2023-11-09,0.002679033204913,0.0017395611,0.0050380622,0.17175026525,0.00561581865,0.0070026924999999,0.385260029,0.409869935,0.00450502365,0.00643020725,0.00278836955,0.5770332071426545,0.0,0.442397147212394,0.0,0.0,0.0,0.3628152391651522,0.0,0.0,0.0,0
2023-11-10,-0.2065422465093433,0.0018351071,0.005314773,0.0074204174,0.005924142,0.0073860767,0.70000124,0.25764105,0.0047524767,0.0067831157,0.0029415218,0.2515003613873167,0.0,0.7499661716776256,0.0,0.0,0.0,0.5531369934309665,0.0,0.0,0.0,1
2023-11-14,-0.4128384655341505,0.0014443554,0.00418315805,0.20751348525,0.0046627957499999,0.0058143621,0.62999195,0.134994934,0.00374060055,0.0053392095,0.00231517975,1.001815063409278,0.265125092562098,0.0,0.5768101703327408,0.0,0.0,0.0,0.0,0.0,0.0,1
2023-11-15,-0.7089423537254333,0.001522797,0.00441033745,0.00616560525,0.0049158705,0.0061291217,0.724492595,0.1953244714999999,0.00394365845,0.00562918815,0.04746636115,0.6039846106446398,0.442633970835392,0.2411080251850278,0.0,0.0,0.0,0.0,0.0,0.0,0.4006985810632674,1
2023-11-16,-0.4017020985484123,0.00168772265,0.00488798065,0.25178806525,0.00544929165,0.29655009285,0.1908595255,0.235461024,0.00437085085,0.00624021535,0.00270527695,0.9558196729683004,0.1960974680956043,0.5882587013996621,0.0,0.0,0.0,0.0,0.0,0.0,0.0,1
2023-11-17,-0.6740725636482239,0.0017330609,0.0050193914,0.0070069428,0.0055948114,0.006976447,0.95192397,0.008073147,0.0044882176,0.0064060767,0.0027779504,1.0594620721772017,0.0,0.2579902345761597,0.0,0.0,0.0,0.0,0.0,0.0,0.3804169934707486,1
2023-11-20,-0.1294941455125809,0.0016421077,0.004755777,0.19430664,0.0053010876,0.006608051,0.7667683,0.00766409,0.004252682,0.0060691773,0.0026321602,0.695100455084406,0.0,0.0,0.0,0.0,0.0,0.5,0.0,0.0,0.0,1
2023-11-21,-0.2498398460447788,0.0015229712,0.0044108012,0.00616198335,0.0049170729999999,0.0061327792,0.3925719206,0.4835925355,0.0039441014,0.0943046118,0.00244119425,1.138763703998246,0.0,0.1680524546742949,0.0,0.0,0.0,0.0,0.0,0.0,0.2815372683617065,0
2023-11-22,-0.1168544860556721,0.0014853778,0.0043019787,0.00600846,0.004795365,0.005980758,0.65856636,0.0069415173,0.0038467897,0.005491729,0.30258167,0.3323193868922215,0.0,0.8106912344080517,0.0,0.0,0.0,0.2427671415677249,0.0,0.0,0.0,1
2023-11-24,-0.4550824165344238,0.0015601038,0.004518402,0.0063114422,0.0050370847,0.0062785284,0.9567137,0.0072730053,0.004040309,0.005766714,0.0025007147,0.3440422971518668,0.0,0.5,0.0,0.0,0.0,0.3628152391651522,0.0,0.0,0.0,1
2023-11-27,-0.63250333070755,0.0014178021,0.004106637,0.16988948,0.004577602,0.005711995,0.6071051,0.19600615,0.0036717756,0.0052408846,0.002272617,0.4477092122363982,0.0,0.2469907080382171,0.2920303066082525,0.0,0.0,0.0,0.0,0.0,0.0,0
2023-11-28,-0.659092128276825,0.001485494,0.0043022768,0.006007086,0.004795784,0.0059810514,0.016406223,0.94930255,0.0038470768,0.0054914225,0.0023811213,0.2952636761168716,0.5572192829374152,0.87017592082441,0.0,0.0,0.0,0.0,0.0,0.0,0.0,1
2023-11-29,-0.9187550842761992,0.0014710940499999,0.0291214071999999,0.2546751008,0.0047492783,0.0059206967,0.567873725,0.1245826080999999,0.0038097387,0.00543832615,0.0023580395,0.254195990472818,0.2395725023279405,0.7479627350957709,0.0,0.0,0.0,0.1848833519442353,0.0,0.0,0.375743417184696,0
2023-11-30,-0.0370523473247884,0.0012017300999999,0.00348047225,0.1176570201999999,0.00387965585,0.0048370825,0.288542975,0.494449185,0.0795835198499999,0.00444211685,0.0019262719,1.1011427784020986,0.1760770736930725,0.4987487551074708,0.4010205430509695,0.0,0.0,0.0,0.0,0.0,0.0,1
2023-12-01,-0.4222902208566665,0.001576078,0.00456458,0.0063714795,0.0050895125499999,0.0063475227,0.284066972,0.606803115,0.07682778285,0.00582671315,0.00252631995,0.6030981467009431,0.9703592861606004,0.0,0.4228183310722547,0.0,0.0,0.180138987422347,0.0,0.0,0.0,1
2023-12-04,0.0010215668007731,0.0016419475,0.004755403,0.006639681,0.005300872,0.006609088,0.9544316,0.00766761,0.0042522857,0.0060696877,0.0026319032,0.222530430284132,0.0,0.3813250579603853,0.0,0.0,0.0,0.2346729804836251,0.8416947817607171,0.0,0.0,0
2023-12-05,-0.4417891353368759,0.0017179684,0.0049756274999999,0.4740050827,0.0055460138,0.0069135486999999,0.0981261215,0.3951624755,0.0044491017,0.006350323,0.00275375825,0.6323773748396909,0.3421153185537759,0.5876848744212531,0.0,0.0,0.0,0.0,0.0,0.0,0.0,0
2023-12-06,-0.3122355993837118,0.00173855785,0.00503521525,0.683415245,0.00561259895,0.00699829565,0.1610047458,0.12247978,0.0045023984,0.0064264788999999,0.00278676135,0.1491484850072239,0.0,1.173093344137515,0.0,0.0,0.0,0.0,0.0,0.0,0.0,0
2023-12-07,0.3651285320520401,0.0016424923,0.0047569014,0.006640712,0.0053022997,0.0066105523,0.40222445,0.5598643,0.0042536263,0.0060719866,0.0026327763,0.722530430284132,0.0,0.3813250579603853,0.0,0.0,0.0,0.2346729804836251,0.0,0.0,0.0,1
2023-12-08,-0.6906814277172089,0.0016095505,0.00466154115,0.00651432375,0.0051961844,0.00647879275,0.4828075449,0.4800349385,0.0041684547,0.0059487105,0.00257997355,0.9899818594002272,0.0,0.8600460689294724,0.0,0.0,0.0,0.1894931922233037,0.0,0.0,0.0,1
2023-12-11,0.0597952613607048,0.0014853703,0.0043018796,0.0060079056,0.0047952123,0.005978943,0.66245884,0.3032542,0.0038467404,0.005490018,0.0023809234,0.2506443936058649,0.3425080940297677,0.0,0.0,0.0,0.0,0.2643210046100083,0.8416947817607171,0.0,0.0,1
2023-12-12,0.19117671251297,0.00149508065,0.0043299989,0.01515443165,0.0048265648,0.006016746,0.2242120818,0.710317,0.0038718643999999,0.02737974535,0.00239648805,0.4453153248822301,0.3548403615939416,0.5796254382941466,0.0,0.0,0.0,0.0,0.0,0.0,0.0,1
2023-12-13,-0.2532709017395973,0.0014179756,0.0041066273,0.0057343743,0.0045774784,0.005706963,0.005573544,0.9616979,0.0036721737,0.005240185,0.002272895,0.5734482585350772,0.7523495184461065,0.0,0.3899441340135889,0.0,0.0,0.0,0.0,0.0,0.0,1
2023-12-14,0.089625060558319,0.0013926233,0.00403339035,0.00562870815,0.00449601225,0.00560725685,0.3259082698,0.6419446,0.0036065893,0.00515031875,0.00223225755,0.8047208361393035,0.7836906819935322,0.0,0.0,0.2641563499555175,0.0,0.0,0.0,0.0,0.0,1
2023-12-15,-0.1304694367572665,0.001489748,0.04598268975,0.0060215297,0.00480929435,0.00599623915,0.81089148,0.1130566895,0.0038580455,0.0055063482,0.0023879403,1.02006119576554,0.0,0.0,0.0,0.0,0.0,0.0,0.0,0.0,0.7669523046611764,0
2023-12-18,-0.6723442673683167,0.001564715,0.00453201515,0.3209693327499999,0.00505215395,0.0062998995,0.43986714615,0.20936706,0.00405223015,0.00578738365,0.00250810605,0.909855899116794,0.1854887545785388,0.0,0.0,0.4165926211329505,0.0,0.0,0.0,0.0,0.0,1
2023-12-19,-0.6802846193313599,0.0017337366,0.005021383,0.54773444,0.0055970224,0.006978681,0.22084035,0.19841614,0.0044899764,0.00640928,0.0027790333,0.5039788176226282,0.2033772611432727,0.0,0.4940804344283784,0.4567687485477318,0.0,0.0,0.0,0.0,0.0,1
2023-12-20,-0.2437956747598946,0.00133563985,0.00386825685,0.423380445,0.0043121693,0.00537823815,0.3768477,0.1743401705,0.0034589819,0.00493748275,0.0021409179,0.8905433083338286,0.0,0.6271543132088528,0.0,0.0,0.0,0.0,0.0,0.0,0.0,0
2023-12-21,-0.1571902371942997,0.0014991432,0.0043417577,0.0060660344999999,0.00483959925,0.006033478,0.1239260427499999,0.8414676,0.00388241395,0.0055409155,0.00240300005,0.471423861768068,0.0,0.899326082548385,0.0,0.0,0.0,0.0,0.0,0.0,0.3172186697121004,1
2023-12-22,-0.4338020631112159,0.0015300271999999,0.00443138125,0.064333967,0.0049394716,0.0061584133,0.89938848,0.00714728665,0.0039624049,0.0056560975,0.00245250435,0.8555268336528068,0.0,0.1650961596869468,0.0,0.0,0.0,0.0,0.0,0.0,0.5625079076182764,1
2023-12-26,-0.3057712316513061,0.0018354844,0.0053164074,0.0074271024,0.005926411,0.007395748,0.94902974,0.008582372,0.0047534406,0.0067911935,0.0029421265,1.4019211047772957,0.0,0.0,0.0,0.0,0.0,0.0,0.0,0.0,0.0,1
2023-12-27,-0.4051017165184021,0.0017334516,0.005020453,0.5536274,0.0055960333,0.0069784126,0.0068188054,0.40654883,0.0044892086,0.0064089005,0.0027785767,1.199007569272023,0.0,0.3455484363058971,0.0,0.0,0.0,0.0,0.0,0.0,0.0,1
2023-12-28,-0.2453483790159225,0.00152286095,0.00441051515,0.284710747,0.0049166409999999,0.0061302099,0.387995215,0.15990728875,0.14233522265,0.0056303125,0.0024410175,0.7740409633280131,0.1912390578692318,0.0,0.0,0.4295073335402999,0.0,0.2345122941335383,0.0,0.0,0.0,1
2023-12-29,-0.8730142712593079,0.00123592095,0.0035796322,0.06063216035,0.00399044655,0.00497492915,0.66568798,0.13507365435,0.0032007015499999,0.004571433,0.1170531360499999,1.378264513660327,0.1888957232657896,0.1875230079580283,0.0,0.0,0.0,0.0,0.0,0.0,0.0,0
2024-01-02,0.0209320187568664,0.001732917,0.005019145,0.007023748,0.005594162,0.0069777463,0.9519092,0.0080723325,0.004487812,0.0064053764,0.0027777196,1.3453587064628458,0.0,0.0,0.0,0.0,0.0,0.2120335535935937,0.0,0.0,0.0,0
2024-01-03,0.0114378109574318,0.00162643235,0.004710451,0.4775061935999999,0.0052504948,0.00654706385,0.0064023038,0.4851267489999999,0.0042120314,0.00601122815,0.0026070337,0.3820204108529189,0.0,0.3225839513859407,0.0,0.0,0.0,0.0,0.0,0.0,0.0,0
2024-01-04,-0.4364123195409775,0.0017333424,0.0050201006,0.560109,0.0055958745,0.006978075,0.0068167415,0.4000722,0.0044888845,0.0064073703,0.0027784016,0.0,0.0,0.5,0.0,0.0,0.0,0.5,0.0,0.0,0.0,0
2024-01-05,-0.1915056854486465,0.0015641546,0.00453006085,0.00632651625,0.0050498435,0.0062957533,0.4415635249999999,0.52233022,0.00405077015,0.00578197765,0.0025072078,0.3227721359772326,0.751718450241163,0.598143608555651,0.0,0.0,0.0,0.3686149155819759,0.0,0.0,0.0,1
2024-01-08,-0.3577259182929992,0.0017327867,0.0050185276,0.007003752,0.0055939066,0.006974922,0.9519364,0.008070561,0.004487438,0.0064042644,0.0027775108,1.2889064908830807,0.0,0.0,0.0,0.0,0.0,0.1973572122761648,0.0,0.0,0.0,1
2024-01-09,0.0551996119320392,0.0016422239,0.0047563002,0.006640249,0.00530147,0.0066106147,0.17453706,0.7875569,0.0042530093,0.0060698288,0.0026323465,0.7966793174338112,0.0,0.4024691076430685,0.0,0.0,0.0,0.0,0.0,0.0,0.0,0
2024-01-10,0.0783586651086807,0.0017334178,0.0050202139,0.0576238365,0.00559582725,0.0069762604999999,0.47934016375,0.4300329145,0.0044891333,0.0064097647,0.00277852245,0.150518695305165,0.5271747343715778,0.2858010272064668,0.0,0.2444258659272764,0.0,0.2511800562006708,0.0,0.0,0.3566014237671085,1
2024-01-11,-0.0682513359934092,0.0016424407,0.0047568455,0.0066590495,0.005302615,0.0066110124,0.9544009,0.0076687806,0.004253475,0.0060721785,0.0026326939,0.5271718963535802,0.0,0.0,0.0,0.0,0.0,0.1896831884664249,0.0,0.0,0.2692940518246101,0
2024-01-12,-0.1739006810821593,0.0014855294,0.0043024323,0.006004877,0.0047957175,0.005978176,0.7721302,0.006930321,0.0038471231,0.19214445,0.002381178,0.5910499357966944,0.0,0.3687224998358158,0.0,0.3928512528723761,0.0,0.0,0.0,0.0,0.3286103210681259,1
2024-01-16,0.0217301622033119,0.001687475,0.00488730715,0.45298568,0.0054475645,0.006793809,0.006643293,0.508241755,0.00437013175,0.006238148,0.00270487995,0.3385485790775688,0.5738052880167074,0.7919836337241801,0.0,0.2187405534441976,0.0,0.0,0.0,0.0,0.0,0
2024-01-18,-0.4459398761391639,0.001485756,0.004303035,0.4106821,0.0047963285,0.00597874,0.16355874,0.3974743,0.0038477166,0.005491787,0.0023815413,0.4317480778617915,0.0,0.6730933441375153,0.0,0.0,0.0,0.4124772358790635,0.0,0.0,0.0,1
2024-01-19,-0.7298040091991425,0.032755069,0.004919468,0.04562958765,0.0054839348,0.0068396587,0.7858723,0.105097902,0.00439892455,0.00628053585,0.002722709,1.2509104500582937,0.0,0.200786068877965,0.0,0.2017835440243348,0.0,0.0,0.0,0.0,0.2943890525614823,1
2024-01-22,-0.5669847726821899,0.001836422,0.32791322,0.0074214595,0.0059298193,0.007392576,0.6264621,0.008551498,0.0047558355,0.0067933495,0.0029436294,0.6422180219334086,0.0,0.2866986213528397,0.0,0.0,0.0,0.4426136909714492,0.0,0.0,0.0,1
2024-01-23,-0.2252245694398879,0.00160963505,0.0046618106,0.00650754575,0.0051967022,0.00648078695,0.95533415,0.00750915635,0.00416852315,0.0059515776,0.0025801091999999,0.7378801184112865,0.0,0.2148374630472422,0.0,0.0,0.0,0.1670084391361253,0.0,0.0,0.8486841082147503,1
2024-01-24,-0.4491408448666334,0.0014853643,0.004301977,0.0060023097,0.004794977,0.0059769847,0.958804,0.006916288,0.0038466796,0.0054904963,0.0023809136,0.796929283343157,0.0,0.1904008633799543,0.0,0.0,0.0,0.0,0.0,0.0,0.5,1
2024-01-25,-0.1347939744591713,0.001564285,0.0045305575,0.2706617418499999,0.00505143165,0.0062971674,0.48262388035,0.216929867,0.0040510479,0.00578261935,0.0025074167499999,0.2098274256242925,0.0,0.7070992306349704,0.0,0.0,0.0,0.0,0.0,0.0,0.783569995708606,1
2024-01-26,-0.3498873859643936,0.0013562216,0.003927876,0.17531346,0.0043780254,0.005457179,0.25153443,0.5473341,0.0035123,0.005012515,0.0021739088,0.7614906080800148,0.0,0.4310419448844866,0.0,0.0,0.0,0.2928976188874437,0.0,0.0,0.0,0
2024-01-29,0.0433965995907783,0.0017340705,0.095988896,0.00700835465,0.00559793815,0.0069816550999999,0.8077479999999999,0.0612609395,0.0044907455,0.00640981515,0.0027795686499999,0.1966093955347373,0.2990244883651821,0.1626121564267644,0.0,0.0,0.0,0.3927115806134031,0.0,0.0,0.8906604512342089,1
2024-01-30,-0.4375747879967093,0.0014183398,0.0041082078,0.09296049,0.0045791455,0.005707202,0.801326,0.07870663,0.003673089,0.0052475207,0.002273479,0.3944896203751624,0.1813223365539931,0.2831287810462434,0.0,0.0,0.0,0.2328352349597824,0.0,0.0,1.2113769283801816,0
2024-01-31,0.0326856132596731,0.00110456275,0.00319909155,0.0044670944999999,0.0473516237,0.0044491302,0.40622112,0.23314533415,0.0028605399,0.29543097105,0.0017705208,0.7255716054319479,0.6580245095896388,0.0,0.0,0.4106095397179583,0.0,0.0,0.0,0.0,0.5002038111319455,0
2024-02-01,-0.6057013273239136,0.0011998985,0.3438711,0.004853488,0.0038735592,0.0048291087,0.62631065,0.005593523,0.0031074071,0.004438069,0.001923336,0.664603157333564,0.0,0.0,0.0,0.0,0.0,0.0,0.0,0.0,0.999927457972546,1
2024-02-02,-0.0488283559679984,0.00151684935,0.0043931334,0.00613748165,0.0326067237,0.0061084966,0.42358751665,0.513680205,0.0039282601,0.00560998175,0.0024313814,0.6799827784192386,0.0,1.1054374938693674,0.0,0.1571031378123574,0.0,0.0,0.0,0.0,0.0,1
2024-02-05,-0.4429949913173914,0.0016468314,0.00476954735,0.4177476837,0.0053173505,0.00663132915,0.33988711125,0.06915336425,0.0042648732,0.1479422516,0.00263973165,0.9162379625852202,0.0,0.2363976897046021,0.0,0.1907444272479556,0.0,0.0,0.0,0.0,0.3402084066795529,0
2024-02-06,-0.446929301135242,0.0461105528,0.0648337148,0.00710114985,0.0056686885,0.0070683678,0.5799546250000001,0.0082020067,0.00454709115,0.2736993575,0.00281443305,0.6676793741469119,0.0,0.0,0.5946426991612375,0.2072864551617202,0.0,0.0,0.0,0.0,0.0,1
2024-02-07,-0.504099041223526,0.0016020735499999,0.1485226631499999,0.1218535077,0.059821976,0.0064486562999999,0.2830371825,0.36607306585,0.00414894425,0.0059240175,0.0025679886,0.7036187234306013,0.0,0.442397147212394,0.0,0.0,0.0,0.0,0.0,0.0,0.3688585386475633,1
2024-02-08,-0.4556462168693542,0.0015616744,0.0789675977,0.08198937865,0.00504165285,0.00628844925,0.8065435000000001,0.0072863172,0.004044334,0.0057738123,0.00250323235,1.0171596629214787,0.0,0.4261058239667122,0.0,0.0,0.0,0.0,0.0,0.0,0.3793877999887354,1
2024-02-09,-0.7784775197505951,0.00179618875,0.06691454,0.3358154523,0.0057991333,0.00723010715,0.559890685,0.0083820615,0.00465169015,0.0066410637,0.0028791388,0.3115628121240392,0.0,0.0,0.0,0.0,0.0,0.7251958346422119,0.0,0.0,0.3197115108361883,1
2024-02-13,0.0143240755423903,0.0016428829,0.00475821,0.0066458094,0.0053035934,0.0066108624,0.8740079,0.088068426,0.004254641,0.0060743284,0.0026334028,1.293197650844733,0.0,0.3239512429112154,0.0,0.0,0.0,0.0,0.0,0.0,0.2408843372241849,0
2024-02-14,-0.1213602880015969,0.0016487736999999,0.03755575665,0.006666552,0.0053235146,0.0066395185,0.39386253,0.181157403,0.00426990715,0.360233212,0.00264284505,0.6365765583713745,0.3425080940297677,0.0,0.0,0.0,0.0,0.5822146412235893,0.0,0.0,0.0,1
2024-02-15,0.006947106681764,0.00166061765,0.0048096354,0.1371480315,0.005360948,0.0066838416499999,0.1227202512,0.7085152,0.00430054025,0.006139125,0.0026618299,0.1491484850072239,0.2039883204857319,1.037520310958785,0.0,0.0,0.0,0.1574222587417478,0.0,0.0,0.2253885165919189,1
2024-02-16,-0.4265467850491404,0.001733051,0.005019303,0.2815468,0.005594735,0.006974796,0.6773216,0.008138321,0.0044881636,0.006405396,0.0027779345,0.4343461590139216,0.0,0.5521956912051527,0.0,0.0,0.0,0.4077085346763267,0.0,0.0,0.2924497217094689,0
2024-02-20,-0.4171563684940338,0.00166059185,0.0048095195,0.0067202243,0.0053607318,0.00668317545,0.6046114,0.3570548745,0.0043004602999999,0.00613724745,0.0026617884999999,0.4355205765432953,0.2625513935853532,0.3729784117916714,0.0,0.0,0.0,0.0,0.0,0.0,0.6207107076835092,0
2024-02-21,-0.5462166368961334,0.00162717155,0.00471264985,0.0065796813,0.0052536861,0.0065525687,0.90541445,0.007591271,0.004213973,0.05544643165,0.0026082188,0.8229503731260226,0.0,0.0,0.0,0.0,0.0,0.1794185944297744,0.0,0.0,0.926609120060305,1
2024-02-22,-0.5996019393205643,0.00191210745,0.0055380128,0.0530677415,0.0061728800499999,0.00769503615,0.9016041,0.0089245285,0.0049518311999999,0.0070688715,0.00306494665,1.9533881456017816,0.0,0.0,0.0,0.0,0.0,0.0,0.0,0.0,0.0,1
2024-02-23,-0.6279488950967789,0.0012995149,0.0037635718,0.005254793,0.0041953437,0.0052329614,0.9639323,0.0060692844,0.0033654256,0.004803752,0.0020830126,1.3608858580723937,0.0,0.0,0.0,0.0,0.0,0.2151003633330867,0.0,0.0,0.2596262873449774,1
2024-02-27,-0.5322167575359344,0.0014853982,0.004301937,0.006004136,0.0047954433,0.00597966,0.0058397697,0.95987505,0.003846745,0.0054909717,0.0023809678,0.2952636761168716,0.5769139653458564,0.5650522078605082,0.0,0.2863676641118567,0.0,0.0,0.0,0.0,0.0,1
2024-02-28,-0.0019630528986454,0.0018413218,0.005332951,0.3556329195,0.0059441625,0.007410497,0.60073237,0.0085798977499999,0.00476849455,0.00680595565,0.00295148335,0.169291169963213,0.0,0.6754889475750334,0.0,0.0,0.0,0.2285799205598466,0.0,0.0,0.7116327428834819,0
2024-02-29,0.2175048887729645,0.0014185,0.0041082498,0.08492899425,0.0045792125,0.005709239,0.55070746,0.3373580468,0.0036735847,0.0052430158,0.0022737357,1.3949311259246242,0.0,0.3239512429112154,0.0,0.0,0.0,0.0,0.0,0.0,0.0,1
2024-03-01,-0.390232564881444,0.0016465116,0.004768583,0.321551759,0.005315213,0.0066253999,0.63942855,0.007675227,0.0042640667,0.006085441,0.0026392192,1.703996061269017,0.0,0.0,0.0,0.0,0.0,0.0,0.0,0.0,0.0,1
2024-03-04,0.0089319236576557,0.001735953,0.6483851,0.0070150257,0.22251882,0.0069967904,0.091563426,0.008083979,0.004495882,0.006422472,0.002782586,0.5,0.0,0.0,0.0,0.0,0.0,0.0,0.0,0.0,0.0,0
2024-03-05,-0.438126277178526,0.0014453420499999,0.0041859906,0.09326881935,0.00466644215,0.00581659655,0.794852915,0.00674157665,0.08136180035,0.0053437993,0.0023167614,0.802712687692833,0.0,0.0,0.0,0.0,0.0,0.2788214898601774,0.0,0.0,0.6313795896214691,0
2024-03-06,0.198230218142271,0.0016006916,0.0046358786,0.0064721286999999,0.0051678205,0.0064427127,0.082287502,0.880765375,0.004145345,0.00591679865,0.00256577345,0.0,1.2852623490083066,0.0,0.0,0.2052420365336027,0.0,0.1750849096826057,0.0,0.0,0.0,1
2024-03-07,-0.1950196847319602,0.001498872,0.00434107185,0.00606101385,0.0048394228,0.006039436,0.187567184,0.7778262499999999,0.0038817171,0.00554245325,0.0024025653,0.206856097584633,1.1446487597635857,0.3145402909661348,0.0,0.3834335793998301,0.0,0.0,0.0,0.0,0.0,1
2024-03-08,-0.0044940458610653,0.00179760775,0.00520628425,0.3155168163,0.0058032085,0.0072399425,0.481061927,0.16919198725,0.00465535575,0.0066454748,0.0028814135499999,0.3741863214449057,0.0,0.8431031769988371,0.0,0.0,0.1839443276655918,0.0,0.0,0.0,0.5367824282797922,0
2024-03-11,0.0175153696909546,0.00202146645,0.00585466835,0.18968875125,0.0065264795,0.0081375795,0.7623936,0.009427004,0.0052350555,0.0074751595,0.00324024015,1.0913720080038125,0.0,0.0,0.0,0.0,0.0,0.319853535226992,0.0,0.0,0.0,0
2024-03-12,-0.5196324847638607,0.001734024,0.005022218,0.0070146862,0.07138986,0.0069801337,0.8861085,0.008071104,0.004490625,0.0064094155,0.002779494,1.0623473034259192,0.0,0.2026215012600294,0.0,0.0,0.0,0.0,0.0,0.0,0.4141332050374023,1
2024-03-13,0.0131406821310519,0.00164720835,0.0993713645,0.08888894335,0.0053174684,0.0066285228999999,0.6391389000000001,0.1460123335,0.0042658473,0.0060891328,0.0026403358,0.6630526973924983,0.2641467789721816,0.0,0.0,0.0,0.0,0.3099899328323678,0.0,0.0,0.6099727275248288,0
2024-03-14,-0.398050969466567,0.0017329997,0.005019333,0.17289017,0.0055943215,0.0069742524,0.006822148,0.7872956,0.0044881585,0.0064051724,0.0027778521,0.0,0.309682462228572,1.126471037922868,0.4015816175835028,0.0,0.0,0.0,0.0,0.0,0.0,0
2024-03-15,-0.2655196581035852,0.00149912,0.00434176925,0.1332502777999999,0.00483985175,0.00603447535,0.40298372,0.43522405,0.0038823877499999,0.005541483,0.00240296285,0.4586162316226542,0.5300599357029945,0.2628029001721678,0.0,0.0,0.0,0.5758028106266584,0.0,0.0,0.0,0
2024-03-18,0.5371014326810837,0.0014852897,0.0043017054,0.006003724,0.004794916,0.0059798923,0.23959033,0.7261259,0.0038465052,0.005490964,0.002380794,0.5,0.3958349635230274,0.0,0.0,0.0,0.0,0.3054745188272231,0.0,0.0,0.0,1
2024-03-19,-0.4411118403077125,0.0016093956,0.0433430518,0.00650829615,0.00519624885,0.0064813774,0.440189083,0.4839738685,0.00416790965,0.0059510373,0.0025797252499999,0.4531255125234418,0.8545660246566182,0.0,0.0,0.1774912721623612,0.0,0.0,0.0,0.0,0.4141332050374023,1
2024-03-20,0.4178086519241333,0.00134286355,0.0038891693,0.00543136735,0.004335185,0.00540632075,0.308670548,0.66033104,0.00347770645,0.0049632724999999,0.00215249695,0.8655751657733912,0.3164557654130714,0.3116012922925921,0.0,0.0,0.0,0.2173327654151284,0.0,0.0,0.0,1
2024-03-21,-0.4709609299898147,0.00166010375,0.00480800415,0.0067133980499999,0.00535966485,0.0066834739,0.477476188,0.484201191,0.00429922125,0.00613782645,0.0026610061999999,0.7060676868110168,0.2712547395328663,0.0,0.0,0.4200248400761042,0.0,0.0,0.0,0.0,0.0,1
2024-03-22,-0.2542432993650436,0.0014891916,0.1392106403,0.00602467865,0.00480810465,0.0059967235,0.7179802500000001,0.1127420064999999,0.00385662775,0.0055046837499999,0.00238704835,1.541522097562514,0.0,0.0,0.0,0.0,0.0,0.0,0.0,0.0,0.0,0
2024-03-25,0.0389362769201397,0.0016419867,0.004755901,0.45876423,0.005300808,0.006611131,0.5023096,0.0076610767,0.0042522983,0.0060710423,0.002631966,0.5,0.0,0.3947538913121655,0.0,0.0,0.0,0.3068702743732325,0.0,0.0,0.0,0
2024-03-26,0.0318133011460304,0.0015621877,0.59745723,0.006328456,0.18308188,0.0062995562,0.006144788,0.0072939913,0.0040456895,0.005775954,0.1820103,0.925961061908557,0.0,0.0,0.0,0.0,0.0,0.2618342485958138,0.0,0.0,0.0,0
2024-03-27,-0.15369931794703,0.0017350588,0.0050250725,0.007021448,0.0056014173,0.0069868956,0.5332292,0.008102161,0.4231037,0.0064139827,0.002781153,1.3134982427420263,0.1807747815499641,0.0,0.0,0.0,0.0,0.2928976188874437,0.0,0.0,0.0,1
2024-03-28,0.0209580566734075,0.00142324275,0.00412205875,0.0057575789,0.0045948355,0.00573071675,0.35948700185,0.31679759,0.2543297077999999,0.0454759805,0.002281338,0.9809273771169926,0.0,0.645041035549466,0.0,0.0,0.0,0.2652236789553317,0.0,0.0,0.0,1
2024-04-02,0.0016287313774228,0.0018387989,0.09595895,0.0074526235,0.0059358017,0.007399448,0.48799402,0.37891495,0.004762091,0.006795944,0.0029474392,0.0,0.3292321238512503,0.0,0.4797363425155001,0.0,0.0,0.1625547438614534,0.0,0.0,0.0,0
2024-04-03,0.0203300081193446,0.0017332034,0.0050196974,0.0070076124,0.005595331,0.006987556,0.0068263775,0.9531572,0.0044885017,0.006406361,0.0027781788,0.0,0.5930854826560925,0.2086013364734416,0.0,0.0,0.0,0.5,0.0,0.0,0.0,1
2024-04-04,0.0013076784089207,0.00164230195,0.00475655495,0.0066436415,0.0053019155,0.147607854,0.0488682206499999,0.43924711375,0.1748791985,0.00607202995,0.16498117085,0.3935912137959233,0.3149056079297376,0.3126171720613574,0.0,0.0,0.0,0.2163252396832844,0.7245355472663344,0.0,0.0,0
2024-04-05,-0.022030996158719,0.00164712705,0.00477038675,0.006662748,0.005317296,0.00662890175,0.4779477399999999,0.4840309699999999,0.0042657177,0.0060888604999999,0.00264020545,0.695445259437488,0.2818257020148077,1.0352810817600424,0.0,0.0,0.0,0.1391483439364794,0.0,0.0,0.0,1
2024-04-08,0.3050073832273483,0.0016104961,0.21727587085,0.0065131812,0.1622542627,0.00648804,0.58561843,0.0075305335,0.0041708295,0.005956843,0.0025814893,0.5,0.0,0.0,0.0,0.2444258659272764,0.0,0.2511800562006708,0.0,0.0,0.3566014237671085,0
2024-04-09,0.0409641508013009,0.0015642114,0.16711837035,0.0063310297,0.005050326,0.00630124795,0.5557559,0.24553664425,0.00405091565,0.0057840719999999,0.0025072987,0.9620495326432456,0.0,0.1910765013918724,0.0,0.0,0.0,0.0,0.0,0.0,0.0,1
2024-04-10,-0.2085913876071572,0.0017327926,0.0050184126,0.007010504,0.005593926,0.006973349,0.0068151066,0.43995786,0.5177166,0.0064038658,0.00277752,0.3661736011430074,0.3411496264613424,0.340465701394372,0.515827191427581,0.0,0.0,0.0,0.0,0.0,0.0,0
2024-04-11,-0.3635185733437538,0.0015600593,0.0045181946,0.006304711,0.005036026,0.00628296,0.006129141,0.9578603,0.004040231,0.005767749,0.0025006433,0.5,0.606823971036581,0.0,0.0,0.2542362161458416,0.0,0.0,0.0,0.0,0.0,1
2024-04-12,0.1333983503282069,0.001733688,0.0050211363,0.007010168,0.0055971355,0.7943237,0.0068203253,0.008090669,0.16221339,0.006410792,0.0027789555,0.3010644012172311,0.2670061483843278,0.0,0.0,0.0,0.0,0.399199481863028,0.0,0.0,0.4227383549253205,0
2024-04-15,0.0139976143836975,0.0015599757,0.0045183324,0.0063035623,0.0050360714,0.3593168,0.0061341324,0.00726661,0.4695497,0.0057680025,0.13454689,0.1601650525691572,0.0,0.0,0.0,0.0,0.0,0.1689045862524483,0.7572552284444285,0.0,0.0,0
2024-04-16,-0.4499486377462744,0.0016891617,0.004892273,0.4171147865,0.0054531304499999,0.16528548115,0.10267113915,0.06534773,0.166337992,0.0062449479,0.0649633501,0.7163402773383227,0.0,0.8492583443222994,0.0,0.0,0.0,0.0,0.0,0.0,0.2267994128602308,0
2024-04-17,0.0177395823411643,0.0014994100499999,0.00434261775,0.0060639421,0.00484061315,0.00603773825,0.1861005184999999,0.683278695,0.00388308885,0.0055433463999999,0.09841006785,0.4702380485506366,1.1085219242154705,0.4540223048613591,0.0,0.1472108643315634,0.0,0.0,0.0,0.0,0.0,0
2024-04-18,0.0107352533377706,0.00168789755,0.00488854595,0.0068248135,0.00544970865,0.2030306899999999,0.756918865,0.007882893,0.0043712307,0.00623984335,0.00270555725,0.5785097706575368,0.0,0.1939239036618464,0.0,0.0,0.0,0.5559468944797681,0.0,0.0,0.3465814293522595,0
2024-04-19,0.0335051231086253,0.0015609611,0.004520941,0.0063118953,0.0050398917,0.48002034,0.006138632,0.007294456,0.26398352,0.00577251,0.21935691,0.206671226325005,0.0,0.0,0.0,0.0,0.0,0.0,0.2647373706241287,0.3704067072885442,0.0,0
2024-04-22,-0.1715736198239028,0.0019503566,0.005649019,0.007885964,0.006296276,0.0078494,0.9458927,0.009089804,0.0050508813,0.0072093797,0.0031262569,0.3249541279383995,0.0,0.0,0.0,0.0,0.0,0.2535637434023987,0.0,0.4309355265370476,0.380006335125869,1
2024-04-23,-0.6428844332695007,0.0014183097,0.2015191694999999,0.005740256,0.004579142,0.0057140205,0.7631984,0.0066380795,0.003673048,0.005246218,0.0022734306999999,0.4957084140385508,0.0,0.407183103464555,0.0,0.0,0.0,0.405519615185655,0.0,0.0,0.6482733214156056,1
2024-04-24,-0.3137237131595612,0.0019499972,0.005647549,0.007880182,0.006295004,0.007847989,0.94591135,0.009085159,0.00504993,0.007207123,0.0031256808,0.0,0.0,0.0,0.0,0.0,0.0,0.6082868872241974,0.0,0.0,0.7926639930881421,1
2024-04-25,-0.0103544020093977,0.09202847265,0.0048175683,0.32845284235,0.00536970745,0.00669356295,0.39256314385,0.15695044285,0.00430761155,0.0061504667,0.0026662058499999,0.5350919051228087,0.0,0.460390922263746,0.0,0.0,0.0,0.0,0.0,0.0,0.6943866992787789,0
2024-04-26,-0.6077115088701248,0.00142944285,0.0041399063,0.1499850565,0.0046144151,0.00575184725,0.54516645,0.27763649565,0.00370188805,0.0052832009999999,0.00229127625,0.3261586904409105,0.1891230822185624,0.5552584646679047,0.0,0.0,0.0,0.0,0.0,0.0,0.8313858704132137,1
2024-04-29,-0.2728403955698013,0.0020803043,0.05373141915,0.0084110647499999,0.0067155893999999,0.0083744075,0.819565025,0.0847117665,0.005387394,0.00768851255,0.00333455205,0.23446747350567,0.2990244883651821,0.1939239036618464,0.0,0.0,0.0,0.4238954081875898,0.0,0.0,0.6741977380396049,1
2024-04-30,-0.4248138573020697,0.0013930682,0.0292724043,0.0526877555,0.004497295,0.00560823825,0.61362249,0.2819275599999999,0.0036076924,0.0051505115,0.0022329708,0.5076656764677935,0.2027543063999972,0.1571118007905716,0.0,0.0,0.0,0.0,0.0,0.0,0.9300853334701616,0
2024-05-01,0.2802137210965156,0.00135888435,0.00393559285,0.005495081,0.004387083,0.0054715895,0.185946675,0.7826846999999999,0.0035191742999999,0.0050229652,0.0021781769,0.4164948775355007,1.0004267920210443,0.5485518590361439,0.0,0.0,0.0,0.0,0.0,0.0,0.0,0
2024-05-02,-0.352516695857048,0.00148889645,0.11469651975,0.0060227613499999,0.0048070148,0.0059971498,0.3730003238,0.48224060725,0.0038558277,0.00550435365,0.0023865753499999,0.5627956199379226,0.4419324520713421,0.517250559451322,0.0,0.0,0.0,0.0,0.0,0.0,0.3824728699834883,1
2024-05-03,-0.5217739939689636,0.00141809255,0.00410708375,0.00573934775,0.0045778999,0.00570779505,0.3512078805,0.6160549399999999,0.00367248945,0.0052413541999999,0.0022730825,0.7286593417670955,0.1642780395943419,1.3001335214953906,0.0,0.0,0.0,0.0,0.0,0.0,0.0,1
2024-05-06,0.327540636062622,0.0015597411,0.0045173797,0.0063073216,0.005035339,0.006278395,0.73060834,0.23338944,0.00403932,0.0057645887,0.0025001334,0.0,0.0,0.4258234728848091,0.0,0.0,0.0,0.2620579514922611,0.0,0.0,0.0,1
2024-05-07,0.0713768973946571,0.0017827201,0.00516311755,0.0072223975,0.00575481875,0.007173735,0.7898122750000001,0.169028069,0.0046167701,0.0065885666,0.0028575498,0.3644058061833369,0.2108767951313229,0.5957763047170641,0.0,0.0,0.0,0.2948879664890758,0.0,0.0,0.5920272764299868,1
2024-05-08,0.0103366263210773,0.00173348005,0.005020841,0.0070151658499999,0.00559609175,0.0069759878999999,0.8394394199999999,0.1205435995,0.0044892646,0.0064075295,0.0027786221,0.692455352622384,0.0,0.1591764209471356,0.0,0.0,0.0,0.1894066798501556,0.0,0.0,0.5506003128000839,0
2024-05-09,-0.0310835405252874,0.00153098365,0.004434142,0.0698845275,0.0049426793,0.00616229255,0.5756462299999999,0.3253207022,0.00396484625,0.005659607,0.00245403745,0.5150450331492622,0.1951982488988696,0.9042298169701088,0.0,0.0,0.0,0.150638767802607,0.0,0.0,0.0,1
2024-05-10,-0.3633775818161666,0.0016464888,0.0047685609,0.3457010122,0.0053153604,0.00662677035,0.499121135,0.1238320697,0.00426401085,0.00608539815,0.0026391825,1.2247462931284452,0.0,0.0,0.0,0.0,0.0,0.3297523830011341,0.0,0.0,0.2605470544320192,1
2024-05-13,-0.0135572850704193,0.0015611966,0.0045214193,0.006309746,0.0050397175,0.006285043,0.0061331238,0.85775816,0.004043048,0.10584605,0.0025024666,0.0,0.8050484917248535,0.0,0.0,0.3816614165632041,0.0,0.5,0.0,0.0,0.0,0
2024-05-14,0.0171153298579155,0.0018353898,0.0053162714,0.47396338,0.0059254016,0.007387131,0.4825259,0.008565087,0.0047531473,0.006786276,0.0029419747,0.6125277035419256,0.3988424062310715,0.0,0.0,0.0,0.0,0.3235529318241662,0.0,0.0,0.3419402168157604,1
2024-05-15,-0.1106658577919006,0.0015619105,0.0045236326,0.42991906,0.005043316,0.0062922067,0.53305143,0.0072867,0.004044924,0.0057732807,0.0025036107,1.2618650358365482,0.0,0.24401858724401,0.0,0.0,0.0,0.1896930023180502,0.0,0.0,0.0,1
2024-05-16,-0.4437271719798446,0.00148887755,0.0676788528,0.0060251414,0.0048063605,0.00599176695,0.8953147699999999,0.0069490398,0.0038557903,0.0055027774,0.00238654495,0.3585566032071532,0.0,0.6834060666318434,0.0,0.0,0.0,0.0,0.0,0.0,0.6275711738965956,0
2024-05-17,-0.7381040751934052,0.0013564165,0.00392856,0.005490385,0.0043790936,0.005463862,0.84878224,0.11989783,0.0035127718,0.0050147544,0.002174221,0.8107501764300392,0.0,0.1895933405882781,0.0,0.0,0.0,0.5,0.0,0.0,0.2092422590536598,1
2024-05-21,-0.098004836589098,0.0016262182499999,0.00470985585,0.00657127385,0.00525004645,0.006551164,0.47733088985,0.4851296085,0.00421147225,0.00601280235,0.0026066906,1.0113551536531022,0.2774176500444401,0.3348382830113829,0.0,0.0,0.0,0.2065061609742008,0.0,0.0,0.0,1
2024-05-22,0.0461994484066963,0.0014890531,0.0043127346,0.09022415,0.0048082825,0.0059942277,0.8744838,0.0069352617,0.0038562345,0.005509491,0.0023868266,0.4077774188352301,0.0,0.0,0.0,0.0,0.0,0.5,0.0,0.0,0.57736347328517,0
2024-05-23,0.3499887194484471,0.00175652815,0.0050872336,0.282294991,0.005670378,0.0070703834999999,0.402083505,0.216147235,0.0705819219999999,0.006492275,0.0028155664,0.174431103872638,0.690639818990135,0.4225680985821823,0.0,0.0,0.0,0.2025092394494927,0.0,0.0,0.0,0
2024-05-24,-0.3527979287318885,0.0016977701,0.00491708065,0.4034649285,0.0054808997,0.006833118,0.451285289,0.086598174,0.0043967717999999,0.0062746397,0.0290512937,0.521192575336064,0.0,0.2662130730667453,0.0,0.0,0.0,0.3749947619518355,0.0,0.0,0.380006335125869,1
2024-05-28,-0.2223042398691177,0.0015464069,0.00447915495,0.27279190335,0.1324290996,0.00622673195,0.35713063115,0.0613588827,0.10395379815,0.00571861735,0.0543648437,0.9390079321440948,0.0,0.3338312714640999,0.0,0.0,0.0,0.5394246290962629,0.0,0.0,0.0,1
2024-05-29,0.0150129389949142,0.0017330492,0.005019689,0.007007231,0.005595441,0.0069772624,0.95190984,0.0080817295,0.0044880933,0.0064097825,0.0027779315,0.5200757044842589,0.0,0.0,0.566710197705896,0.0,0.0,0.0,0.0,0.0,0.6337466616779324,0
2024-05-30,0.0409590476192533,0.00154138245,0.004464156,0.4771572384999999,0.00497590235,0.006203115,0.221698841,0.27179979,0.00399175575,0.0056970547,0.002470706,0.0,0.0,1.2256733295595432,0.0,0.0,0.0,0.2172853679213658,0.0,0.0,0.2720274406416144,0
2024-05-31,-0.6975941359996796,0.00141804315,0.00410695315,0.2456937149999999,0.00457795105,0.0057087187,0.48366712,0.2436405903,0.0036723882,0.00524149835,0.0022730034999999,1.0616287299553118,0.0,0.3687224998358158,0.0,0.0,0.0,0.0,0.0,0.0,0.2596262873449774,1
2024-06-04,0.0921624079346657,0.0015971834,0.16477515375,0.0064619563,0.005156153,0.00642989775,0.379069325,0.37445318,0.00413635375,0.00590502885,0.05201583155,0.5390518642801632,0.4198137468240552,0.3709401525465663,0.0,0.0,0.0,0.3178936366135811,0.0,0.0,0.0,1
2024-06-05,-0.0079543208703398,0.0017844040999999,0.0051680035,0.2659208549999999,0.0057606932,0.0071836062,0.2133892976,0.48671558,0.0046211655,0.0065961566999999,0.00286024915,0.2796309080005253,0.0,0.5,0.0,0.0,0.0,0.2373436026696705,0.0,0.0,0.3398154934116207,1
2024-06-06,-0.4344615638256073,0.0017826073,0.0051628265,0.241117285,0.0057548338,0.0071769985,0.0587203715,0.666220685,0.00461662725,0.006590372,0.00285736895,0.0,0.3181887728616384,0.5,0.0,0.5431118208022448,0.0,0.0,0.0,0.0,0.0,0
2024-06-07,-0.1369858803227543,0.0016417729,0.004754865,0.006643409,0.0053002075,0.0066093802,0.32478482,0.63731414,0.0042518447,0.006068006,0.0026316235,0.3241419078535505,0.0,0.9847700658549136,0.4919444126602507,0.0,0.0,0.0,0.0,0.0,0.0,0
2024-06-10,-0.0134081989526748,0.0017437489,0.25388494,0.08608601,0.005630829,0.007031211,0.62373304,0.008128977,0.004515833,0.0064503155,0.0027950825,0.8859321647655096,0.0,0.0,0.0,0.0,0.0,0.3178936366135811,0.0,0.0,0.0,1
2024-06-11,0.0082848966121673,0.00169872235,0.148733997,0.0068663974999999,0.0579138697,0.0068374455,0.522589625,0.241957926,0.0043992361,0.00627995385,0.0027229083999999,0.2325792780207008,0.3626261715200031,0.0,0.0,0.0,0.0,0.7868552627328291,0.0,0.0,0.0,1
2024-06-12,-0.7367924153804779,0.00134268365,0.003888784,0.0054321236999999,0.0043345973,0.0054042167,0.57620219,0.392803493,0.0034772264999999,0.0049624927,0.0021522085,0.6091898677211088,0.7762614551796905,0.0,0.0,0.0,0.0,0.0,0.0,0.0,0.3848366184202603,1
2024-06-13,-0.383555144071579,0.0016264299999999,0.0047104854499999,0.0065815362,0.00525035455,0.0065454893,0.553625545,0.2506121,0.1624304552,0.0060105736,0.00260703015,1.3479093943202545,0.0,0.5044875470446023,0.0,0.0,0.0,0.0,0.0,0.0,0.0,1
2024-06-14,-0.4125783131457866,0.00141789765,0.0041067407,0.408072211,0.004577792,0.0057090678,0.446403848,0.118526935,0.0036720015,0.00524076535,0.0022727703,0.8512837075073507,0.0,0.4790759827357661,0.0,0.0,0.0,0.3749947619518355,0.0,0.0,0.2349234205678361,0
2024-06-17,-0.0472192144952714,0.060028177,0.004757826,0.7502285,0.0053035403,0.006611551,0.15243344,0.0076771006,0.004254338,0.00607221,0.002633246,0.4978136880467921,0.0,0.628620235452515,0.0,0.0,0.3251881652922067,0.0,0.0,0.0,0.1961537308095325,1
2024-06-18,-0.8344346284866333,0.00162772335,0.11212903315,0.0065805798,0.0052548079,0.0065515335,0.7308139149999999,0.0075882755,0.00421540885,0.0902628835,0.0349758923499999,1.204808319412764,0.0,0.0,0.0,0.0,0.0,0.0,0.0,0.0,0.0,1
2024-06-20,-0.0361694414168596,0.0016876857,0.0048878212,0.13331046375,0.00544818885,0.00679136575,0.4791960355,0.3553647635,0.00437070535,0.0062377562,0.0027052176,0.6836362361443629,0.0,0.6394935639968053,0.0,0.0,0.0,0.3178936366135811,0.0,0.0,0.0,0
2024-06-21,-0.4770102053880691,0.0016421488,0.0047559405,0.11569426435,0.00530127065,0.006609091,0.545700195,0.2213855232,0.0902102405,0.0060690875,0.0026322259,0.683764715566496,0.3965939912332574,0.3044884334710843,0.0,0.0,0.0,0.0,0.0,0.0,0.0,0
2024-06-24,0.10347799398005,0.0017329564,0.005019023,0.007002932,0.005594158,0.0069734817,0.95192325,0.0080818795,0.00448792,0.0064065577,0.0027777827,0.3843094013978779,0.1907677781920194,0.1733182445989216,0.0,0.4284488778055427,0.0,0.319853535226992,0.0,0.0,0.0,0
2024-06-25,-0.2190656485036015,0.0015598728,0.00451816,0.006313806,0.005035825,0.006279509,0.95671034,0.0072751506,0.0040396657,0.005767419,0.0025003443,1.0395288593611025,0.0,0.3687224998358158,0.0,0.0,0.0,0.0,0.0,0.0,0.0,1
2024-06-26,0.4577200710773468,0.00160097075,0.004636815,0.00647468585,0.354170791,0.0064471452,0.2262176405,0.3878208549999999,0.0041460855,0.00591879175,0.00256622105,0.2966793174338112,0.0,0.4024691076430685,0.0,0.0,0.0,0.0,0.0,0.0,0.0,1
2024-06-27,-0.4408986866474151,0.00142056335,0.0041143034999999,0.32862023935,0.00458617165,0.0057177531499999,0.637701495,0.0066322065,0.0036788761499999,0.00525134525,0.0022770432,0.4063476141507891,0.0,0.7400949125119085,0.0,0.0,0.0,0.3859636726795186,0.0,0.0,0.3760145600028397,1
2024-06-28,0.4430239405483008,0.00130281265,0.00377346005,0.0052717196499999,0.1438401004999999,0.005246975,0.67934486,0.15094006285,0.0033739484,0.00481776835,0.00208829855,1.363715806596818,0.0,0.0,0.0,0.0,0.0,0.0,0.0,0.0,0.0,0
2024-07-01,-0.4243818838149309,0.00169751645,0.0049164586,0.293531736,0.0054800974999999,0.00683201595,0.52342899,0.1507212345,0.0043961669999999,0.0062748847,0.0027209755,0.8569243433980449,0.3958349635230274,0.0,0.0,0.0,0.0,0.3054745188272231,0.0,0.0,0.0,1
2024-07-02,-0.235674686729908,0.0014869714,0.0043066787,0.006016954,0.004800374,0.005983897,0.27616587,0.68950903,0.0038508677,0.0054959743,0.0023834894,0.6292776950581582,0.2489136309430813,0.4008310735217389,0.0,0.0,0.0,0.5317490486051802,0.0,0.0,0.0,1
2024-07-03,-0.0526033639907837,0.00151644325,0.00439198665,0.0061370797,0.0048955957,0.0061028795,0.1268448785,0.8381487000000001,0.0039272555,0.005604547,0.0024307305,0.1700794742659007,0.4582580887972233,1.0170356381384127,0.4225533660489601,0.0,0.0,0.0,0.0,0.0,0.0,1
2024-07-05,-0.2476909053511917,0.001835044,0.005314784,0.94926345,0.005924183,0.007386288,0.007216355,0.008584114,0.004752332,0.006782227,0.0029414205,0.8808363310536524,0.0,0.7811853748155322,0.0,0.0,0.0,0.1882031520945995,0.0,0.0,0.0,1
2024-07-08,-0.2014875784516334,0.0015166812999999,0.0043925532,0.00613086925,0.0048971150499999,0.0061060022,0.356680036,0.608310385,0.00392778385,0.005607483,0.00243111215,0.5869451580785457,0.6399213572288409,0.2905976626142724,0.0,0.2477974297249292,0.0,0.0,0.0,0.0,0.2768074949413688,1
2024-07-09,-0.413293793797493,0.00161074905,0.0046651630999999,0.00651486535,0.08866030835,0.00648456625,0.544872675,0.334481405,0.00417140175,0.00595700015,0.00258189475,0.2245697152549255,0.7494251068304743,0.2219575557994197,0.0,0.0,0.1966227815175491,0.3032179864092896,0.0,0.0,0.2626152651627846,1
2024-07-10,0.0267161768861114,0.001522898,0.157047045,0.006164439,0.0049163261,0.00612950075,0.49907099,0.3131345935,0.00394387675,0.0056292371,0.0024410769,0.2027336658122953,0.0,0.3947538913121655,0.0,0.0,0.0,0.3068702743732325,0.0,0.0,0.7896178977513071,1
2024-07-11,-0.4229807266965508,0.0017330907,0.0050196503,0.0070129097,0.005595213,0.0069752824,0.9519067,0.008079498,0.0044882153,0.0064115576,0.002777998,0.3843094013978779,0.5,0.0,0.0,0.0,0.0,0.319853535226992,0.0,0.0,0.0,0
2024-07-12,-0.421651903539896,0.0016885433,0.0048904731,0.33092304675,0.005450906,0.0067962278,0.48064294235,0.1562874973,0.004372922,0.0062408928999999,0.00270659235,1.076988331737173,0.0,0.0,0.0,0.0,0.2918854182609032,0.0,0.0,0.0,0.3437419269903511,1
2024-07-15,0.031898446381092,0.0015173187,0.00439439265,0.00613438935,0.1429387898,0.00611216715,0.65394993,0.0070820224,0.13700643615,0.0384324152,0.0024321338,0.5686474584492353,0.0,0.0,0.0,0.1968534880531242,0.0,0.2776560718155386,0.0,0.0,0.7940461911153666,1
2024-07-16,-0.7334746718406677,0.00168751175,0.0048873378499999,0.0068282627499999,0.00544786405,0.0067953161499999,0.48659535,0.38091998575,0.0043701907,0.09976330125,0.00270493875,0.0,0.5142901053654048,0.5648643790039332,0.0,0.239107809986596,0.0,0.0,0.0,0.0,0.8013996684590545,1
2024-07-17,0.0199326127767562,0.0014856899,0.004303246,0.2603068,0.110033214,0.22144766,0.38377336,0.0069281086,0.0038475266,0.0054929596,0.0023814356,0.7602271777670799,0.0,0.0,0.0,0.0,0.4269447457826136,0.0,0.0,0.0,0.0,0
2024-07-18,-0.2538251038640737,0.0017386345,0.0050354485,0.4810160047,0.00561265635,0.0069974105,0.47776525475,0.00811896275,0.0045026115,0.00642619485,0.0027868842,0.3658060894554718,0.0,0.99921913915367,0.0,0.0,0.0,0.0,0.0,0.0,0.250745695917001,0
2024-07-19,-0.0136557351797819,0.0015557046,0.2909919025,0.0062921385,0.08795068035,0.125797105,0.442233265,0.007256358,0.00402891345,0.031400217,0.0024936632,0.3635451602850288,0.0,0.0,0.0,0.3432709082245868,0.0,0.0,0.0,0.0,0.0,0
2024-07-22,-0.3739023562520742,0.00158012135,0.1274573406,0.0063906805,0.18622249575,0.267591225,0.3909069699999999,0.0073817155,0.0040921322,0.0058445432,0.002532801,1.1768256943414614,0.0,0.0,0.0,0.0,0.0,0.0,0.0,0.0,0.0,1
2024-07-23,-0.4390233978629112,0.0016609663,0.004810584,0.0067212302,0.00536281895,0.00669169085,0.92023075,0.0077470665,0.0043014778,0.0061403769,0.0363330291,0.7057818043762123,0.0,0.1493424790234676,0.0,0.0,0.0,0.0,0.0,0.0,0.9328812297013128,0
2024-07-24,0.0137344528920948,0.0015636456,0.00452869105,0.0063241411,0.00504825495,0.00629346025,0.95661925,0.0072860917,0.0040494571,0.0057807211,0.00250639185,1.15681786977712,0.0,0.1572648475018451,0.0,0.0,0.0,0.5089305141691626,0.0,0.0,0.2223574554937691,0
2024-07-25,-0.028826410882175,0.0017960207,0.005201704,0.2007888099999999,0.00579824325,0.0072283625,0.610879105,0.154138687,0.0046512071499999,0.006639011,0.0028788694,1.0916470447237172,0.0,0.6998277376945907,0.0,0.0,0.0,0.0,0.0,0.0,0.0,0
2024-07-26,-0.4312182664871216,0.0013986107,0.0040506006,0.005655378,0.004514907,0.0056284577,0.6455496000000001,0.3221695575,0.0036220461499999,0.0051689868,0.0022418548,1.2249056413261443,0.2708544528570719,0.2688861390848799,0.0,0.0,0.0,0.2090243189290972,0.0,0.0,0.0,1
2024-07-29,-0.4205793887376785,0.0016984951,0.1364473346999999,0.0068662307999999,0.0054832685,0.00683803365,0.76228502,0.06698208035,0.004398622,0.0062783942,0.0027225441,0.3249541279383995,0.2990244883651821,0.0,0.0,0.0,0.0,0.230763752872974,0.0,0.0,0.7076226438132145,1
2024-07-30,0.0114428354427218,0.0016264536,0.004710557,0.00657867805,0.00525055335,0.00654502035,0.48572435,0.4767343029999999,0.0042120495,0.0060109985,0.0026070677,0.2135539547336348,0.7228988428639868,0.1727215525938446,0.0,0.0,0.0,0.1720159234166794,0.0,0.0,0.3086885187826059,0
2024-07-31,0.0002832114696502,0.00147522915,0.00427254815,0.00596483845,0.00476304315,0.0324290177,0.00580612215,0.7645283650000001,0.17294042,0.00545573795,0.00236466775,0.9668028581515148,0.787688381392728,0.0,0.0,0.3238180821905214,0.0,0.0,0.0,0.0,0.0,1
2024-08-01,0.0006267982535064,0.00139272295,0.0040336627,0.11726711225,0.004496382,0.0056069825999999,0.3732563128,0.0801119877,0.4064530546,0.005149374,0.0022324173999999,0.578119200974748,0.4475321107815148,0.2789265638737322,0.0,0.2229686296756607,0.0,0.0,0.0,0.0,0.2437000063453663,0
2024-08-02,0.0183294815942644,0.00145281725,0.00420770535,0.0881968868,0.0046901483,0.00584845825,0.39983182835,0.32689191715,0.161180948,0.00537054265,0.0023287433499999,0.8475033432859316,0.315885917765948,1.0884637898536342,0.0,0.0,0.0,0.0,0.0,0.0,0.0,0
2024-08-05,-0.3491897601634264,0.0017352961,0.0050257053,0.0070173377,0.0056022285,0.0069838464,0.15756524,0.008101632,0.45977297,0.34541422,0.0027815332,1.484458463494104,0.2963645135961308,0.2465562466174574,0.0,0.0,0.0,0.1349408110223634,0.0,0.0,0.0,0
2024-08-06,-0.602937862277031,0.0015598637,0.004517655,0.6941618,0.0050356216,0.00627985,0.006136506,0.007286068,0.26675647,0.0057659284,0.0025003299,0.710719524565443,0.0,0.8543746182486267,0.0,0.0,0.0,0.0,0.0,0.0,0.2302975995984813,1
2024-08-07,-0.3704366385936737,0.00211856165,0.00613577035,0.0085692615,0.0068392882,0.0085251301499999,0.6022275500000001,0.0098766155,0.22933995325,0.0078311347,0.11853674685,1.0552782668679002,0.0,0.1807155071339563,0.0,0.0,0.0,0.0,0.0,0.0,0.5784897859353885,0
2024-08-08,-0.4846207834780216,0.00156661435,0.00453725185,0.00634267275,0.079334159,0.0063048935,0.69427558,0.195277818,0.0040571479,0.005792622,0.0025111505499999,0.5736177923073653,0.0,1.0192223484777154,0.0,0.0,0.0,0.0,0.0,0.0,0.3492175694000038,1
2024-08-09,-0.5159340649843215,0.0017335466,0.005020637,0.7045783,0.0055968547,0.006977795,0.2543239,0.008092829,0.0044894605,0.006407929,0.0027787287,0.9917879954097636,0.0,0.0,0.0,0.0,0.0,0.3385851070893642,0.0,0.0,0.0,1
2024-08-12,-0.6858823299407959,0.001951806,0.005652865,0.007901581,0.0063008806,0.007856299,0.0076828324,0.84110343,0.00505474,0.113367006,0.0031285803,0.5,0.0,0.0,0.0,0.0,0.0,0.5,0.0,0.0,0.0,1
2024-08-13,-0.1633831895887852,0.0018356778,0.005316646,0.33910492,0.005926014,0.007386886,0.6173848,0.008564244,0.0047538653,0.0067845387,0.0029424366,0.6347700452798097,0.5466634195352925,0.0,0.0,0.0,0.0,0.0,0.0,0.0,0.3860861571234592,1
2024-08-14,-0.5133090913295746,0.0016604639,0.0048089815,0.10253228225,0.0053602382,0.006682034,0.669388935,0.196468357,0.0043001808,0.00613690565,0.0026615835,0.9516191109462658,0.5986142670452105,0.0,0.0,0.0,0.0,0.0,0.0,0.0,0.0,1
2024-08-15,-0.5354269370436668,0.00152245505,0.00440943685,0.42063233,0.00491475405,0.00612703075,0.54327477,0.007108215,0.0039427705,0.00562787835,0.002440367,0.5750053860618375,0.0,1.261299666356103,0.0,0.0,0.0,0.0,0.0,0.0,0.1927705450933585,1
2024-08-16,-0.8611454963684082,0.0016421698,0.0047560213,0.72421217,0.0053017526,0.0066084173,0.23685764,0.007666335,0.0042528748,0.006070387,0.0026322596,0.7757410242566227,0.0,0.5869380527623106,0.0,0.0,0.0,0.3349269440290309,0.0,0.0,0.0,1
2024-08-19,-0.0090807974338531,0.0013562482,0.003927961,0.0054831356,0.0043784934,0.005461624,0.18578294,0.78291017,0.003512328,0.0050131795,0.0021739511,0.6955171313055759,0.6667641350190574,0.0,0.0,0.0,0.0,0.1663927188713476,0.0,0.0,0.0,1
2024-08-20,-0.6663201004266739,0.0015639798,0.18969493675,0.0063263359499999,0.00504974815,0.006299159,0.294964186,0.483761881,0.0040502743,0.0057825557,0.0025069276,0.4758472883268507,0.4601188139585498,0.0,0.0,0.0,0.0,0.0,0.0,0.0,0.4141332050374023,0
2024-08-21,-0.7594315111637115,0.00183597775,0.0053173595,0.00742601225,0.00592752685,0.007392935,0.87002733,0.008556486,0.0837854212,0.0067880986,0.0029429173,1.054792495200234,0.0,0.0,0.0,0.0,0.2034509800181807,0.1914026727749205,0.0,0.0,0.3434787104377629,1
2024-08-22,0.0030856826342642,0.0014888173,0.004311929,0.4813118897,0.00480632575,0.00599316935,0.0136533117,0.47668948985,0.0038557184,0.00550293065,0.0023864483,0.1858847031890809,0.6425028453202642,0.6875036673125832,0.0,0.0,0.0,0.0,0.0,0.0,0.0,0
2024-08-23,-0.10893414914608,0.00145190415,0.00420492,0.00586860575,0.0046871558,0.0058440895,0.2378255816999999,0.7286645,0.00376004865,0.00536598035,0.00232727975,0.8501007453911655,0.8332374099815182,0.0,0.0,0.0,0.0,0.0,0.0,0.0,0.0,1
2024-08-26,-0.5451912879943848,0.0015635658,0.0045284101,0.2388001312,0.0050476884999999,0.006292963,0.482628004,0.248804085,0.00404922535,0.0057796723,0.0025062638999999,0.4195709599886222,0.2033772611432727,0.0,0.0,0.4567687485477318,0.0,0.1951697641226926,0.0,0.0,0.3502388860375864,0
2024-08-27,-0.4123943825252354,0.0019582676,0.00567165965,0.0079199337,0.0063225133499999,0.0078850165,0.7078039,0.24698765,0.00507145795,0.007240643,0.0031389376,0.7052371099913777,0.0,0.0,0.0,0.0,0.0,0.3178936366135811,0.0,0.0,0.3847653206232408,1
2024-08-28,-0.4582084282301367,0.00160404215,0.00464576115,0.635623125,0.03903982315,0.006456099,0.2924946815,0.0074822838,0.00415400695,0.0059290491,0.0025711441,0.4367279746263448,0.0,1.000643028456141,0.0,0.0,0.0,0.1787674712539263,0.0,0.0,0.3007166059512172,0
2024-08-29,-0.0171104213222861,0.00160100555,0.00463691515,0.00648090475,0.00516893125,0.0064441485,0.6555393199999999,0.3074981826,0.00414616885,0.00591818685,0.0025662767,0.3456822326295158,0.0,0.6730933441375153,0.0,0.0,0.0,0.0,0.0,0.0,0.7926570794390645,0
2024-08-30,-0.84245365858078,0.0015601357,0.0045184693,0.006316823,0.005036877,0.00628359,0.5211372,0.3175215,0.1293565,0.0057681915,0.0025007657,1.3603097400716295,0.0,0.0,0.0,0.0,0.1606689901567075,0.0,0.0,0.2609506419787785,0.0,1
2024-09-03,0.0190360196866094,0.0015297951499999,0.00443064515,0.259562139,0.004938734,0.00615790515,0.66721885,0.044092742,0.00396179365,0.0056552718,0.0024521324,1.0729748984481593,0.0,0.3174711102378457,0.0,0.0,0.0,0.0,0.0,0.0,0.0,0
2024-09-04,0.0132023319602012,0.0016262995,0.0047101409999999,0.324419,0.0052500663,0.00654561125,0.147131769,0.2644744504999999,0.0042117068,0.0060112477999999,0.23561965,0.1809594051762898,0.0,0.5,0.0,0.0,0.0,0.0,0.8036449627710114,0.0,0.0,0
2024-09-05,-0.3120195530354977,0.0015598524,0.00451767035,0.496236115,0.0050360705,0.00628120385,0.321532545,0.1525299145,0.00403962335,0.005766741,0.0025003116,0.140936272770993,0.0,1.136032388428954,0.0,0.0,0.0,0.163622752915325,0.0,0.0,0.0,0
2024-09-06,0.0119118569418787,0.00149900095,0.0043414345,0.0060694858,0.00483911695,0.00603555425,0.4798642791999999,0.485524337,0.0038820613,0.0055419448,0.00240277195,0.7911778859306442,0.1758836549508889,0.93852090471382,0.0,0.0,0.0,0.135733272239279,0.0,0.0,0.0,0
2024-09-10,-0.2509695440530777,0.0016967971,0.00491438735,0.0068600412999999,0.3076140914,0.0068333735,0.62538743,0.00791334715,0.0043942275,0.03166652625,0.0027198225,0.721298009621484,0.0,0.0,0.0,0.0,0.0,0.0,0.0,0.0,0.6337466616779324,1
2024-09-11,-0.1563858576118946,0.00163981535,0.00474932945,0.1777120565,0.0052938283,0.0065991965,0.00644868925,0.7846193,0.0042467072,0.00606258965,0.0026284855,0.1549715867320361,0.831000246139309,0.0,0.4823127391005936,0.0,0.0,0.0,0.0,0.0,0.0,1
2024-09-12,-0.3696276396512985,0.00145153305,0.0042039703,0.1291238515,0.0046859139,0.005843773,0.180595978,0.662643315,0.0037591376,0.0053659135,0.0023266848999999,0.0,0.662166182902401,0.6668020087043539,0.0,0.2379395824910603,0.0,0.0,0.0,0.0,0.0,1
2024-09-13,-0.8646510243415833,0.00145803705,0.0042227715999999,0.28655914915,0.0047072218,0.00586899135,0.269637835,0.41604343,0.0037759794,0.0053894445,0.0023371102,0.3049970388023835,0.8779389703081155,0.0,0.0,0.0,0.0,0.4855318647446677,0.0,0.0,0.0,1
2024-09-16,-0.0126857180148363,0.0018351813,0.0053150337,0.0074154986,0.005924386,0.0073865713,0.15400422,0.8036407,0.004752637,0.0067841993,0.0029416406,0.1686248101439618,0.6501788654413028,0.0,0.0,0.0,0.0,0.0,0.0,0.0,0.0,1
2024-09-17,-0.0837171822786331,0.00166047285,0.004809165,0.25334533585,0.0053604345499999,0.0066839297,0.108165034,0.60687585,0.0043001657,0.00613803835,0.00266159775,0.3263132847732676,0.1715949306649294,0.6076069331378116,0.0,0.0,0.0,0.3788398608653534,0.0,0.0,0.189596770958104,1
2024-09-18,-0.0523013994097709,0.0013330259,0.0038606785,0.0053889442,0.00430339505,0.0053666387,0.37727427965,0.5605594150000001,0.0034522045,0.0363247234999999,0.00213672815,0.5235875518799716,0.59828685016414,0.2867282063754755,0.0,0.1610779716563957,0.0,0.2928976188874437,0.0,0.0,0.0,0
2024-09-19,-0.2215369120240211,0.00138294235,0.0040052407,0.134820642,0.00446514025,0.0055658135,0.424980625,0.368616625,0.00358147065,0.00511312435,0.04746837475,0.910044707625316,0.4108301407548891,0.0,0.0,0.3181316941922567,0.0,0.3502380867552129,0.0,0.0,0.0,1
2024-09-20,-0.3022224009037018,0.00141858835,0.055697192,0.00574048005,0.0045794584999999,0.0057122543499999,0.761230945,0.15442972865,0.0036738208,0.0052437291,0.00227387735,0.8352920325648835,0.3850912620378565,0.0,0.0,0.0,0.0,0.0,0.0,0.0,0.5826196211931978,0
2024-09-23,-0.7427508533000946,0.0015986542,0.00463008665,0.28909652,0.0051609172,0.006435411,0.56729222,0.0074628776,0.00414012315,0.11162070025,0.0025625076,1.370412793643732,0.1824994778400887,0.0,0.0,0.1412958057908294,0.0,0.0,0.0,0.0,0.0,1
2024-09-24,-0.4326875219121575,0.0015602888,0.0045190617,0.5838313,0.005036905,0.0062848516,0.37917435,0.0072789653,0.004040787,0.005772439,0.0025010116,0.5983710237680149,0.0,0.179819050253583,0.0,0.0,0.0,0.5043002519445938,0.3712577221128259,0.0,0.0,1
2024-09-25,-0.3411485180258751,0.0018362503,0.005318218,0.64372444,0.0059281792,0.0073936186,0.0072265402,0.008578635,0.3102625,0.0067881984,0.0029433542,0.6992449203123096,0.2033772611432727,0.0,0.0,0.4567687485477318,0.0,0.0,0.0,0.0,0.0,0
2024-09-26,-0.4494204302318395,0.0017335623,0.00502100955,0.381782265,0.0055972665999999,0.0069833013,0.1195483891499999,0.46565546,0.0044894405,0.0064106525,0.002778754,0.1360750560097218,0.2047097830064209,1.2895831135254765,0.0,0.0,0.0,0.0,0.0,0.0,0.0,1
2024-09-27,0.4087448455393314,0.0009751199,0.0028241056,0.34185684,0.0031478438,0.0039238036,0.38532493,0.25425506,0.0025253093,0.0036040738,0.0015630348,0.7949070719989652,0.2986942863149904,0.0,0.0,0.0,0.0,0.5,0.0,0.0,0.0,0
2024-09-30,0.3799098059535026,0.0011880535999999,0.00344089595,0.14780340375,0.0038355408,0.0047813255,0.6389629,0.1906141,0.0030767446,0.0043926632,0.0019043495,1.2045417175456494,0.0,0.0,0.0,0.0,0.0,0.0,0.3516816875626386,0.0,0.0,1
2024-10-01,-0.005160292610526,0.0013563263,0.0039283154,0.005483943,0.004378652,0.64979863,0.3180207,0.006332254,0.0035125806,0.00501445,0.0021740764,0.5,0.0,0.0,0.0,0.0,0.0,0.0,0.8415766058943289,0.0,0.0,0
2024-10-02,-0.4382943585515022,0.0018352633,0.0053153783,0.2894951,0.005924968,0.007389953,0.18496326,0.49059576,0.004752836,0.006785763,0.002941772,0.0,0.0,0.5,0.0,0.0,0.0,0.0,0.0,0.0,0.0,1
2024-10-04,-0.3991266191005707,0.0016416605,0.0047545354,0.006643573,0.005299794,0.0066083786,0.5914991,0.3706022,0.0042515364,0.0060678436,0.002631443,0.5270009677315698,0.0,1.2760268760473608,0.0,0.0,0.0,0.0,0.0,0.0,0.0,1
2024-10-07,0.0191294401884078,0.0016037983,0.03393929225,0.122959302,0.0051773725,0.14023265525,0.22147975265,0.2369397305,0.147180782,0.0059275855499999,0.0845597877,0.2217646367841448,0.2082600209787095,0.2611553942841091,0.4743181207922032,0.0,0.0,0.1607188236562072,0.6306603307636454,0.0,0.0,0
2024-10-08,0.1083312081173062,0.0017971923499999,0.1515333915,0.1405919397999999,0.00580162765,0.0072324182,0.26666421,0.41220118,0.00465425025,0.00664307265,0.00288074775,0.4074986162692827,0.3925215678577586,0.434343455789285,0.0,0.0,0.0,0.0,0.0,0.0,0.5738365444322713,1
2024-10-09,0.0697481422685086,0.0016280561,0.0047151768,0.00658186665,0.111330393,0.00655558,0.0064116608,0.47852050375,0.1062934889999999,0.0060180966,0.27194520545,0.1809594051762898,0.0,0.0,0.0,0.0,0.0,0.0,0.8036449627710114,0.0,0.0,1
2024-10-10,0.0061957128345965,0.001755667,0.0050847305,0.565882085,0.0948396619999999,0.0070665702499999,0.006904934,0.304610953,0.0045466967,0.0064945915,0.0028141859,0.4665636353839358,0.3863257981436515,0.6730933441375153,0.0,0.0,0.0,0.0,0.0,0.0,0.0,0
2024-10-11,-0.6172060668468475,0.00152243785,0.00440927015,0.006155954,0.0049146239,0.0061264825,0.80201727,0.06668150065,0.00394275935,0.10178943415,0.00244033935,0.2706770436657219,0.0,0.2516736576185182,0.2672214708178302,0.3640341329807386,0.0,0.0,0.0,0.0,0.8213673735170195,1
2024-10-14,-0.6263730823993683,0.00164713015,0.0047705440999999,0.0066576996,0.0053174026999999,0.00663084425,0.925547225,0.0364331445,0.004265635,0.006090201,0.0026402107,0.76180521941802,0.0,0.0,0.0,0.0,0.1684642458950526,0.4849896847139451,0.0,0.0,0.5447173940035422,1
2024-10-15,-0.4335198551416397,0.0017329634,0.0050192494,0.007020295,0.0055944086,0.006981952,0.8679655,0.008086928,0.004487893,0.00640435,0.086706355,0.2801672509153217,0.0,0.0,0.0,0.0,0.0,0.0,0.0,0.0,0.4141332050374023,0
2024-10-16,-0.4039351283572615,0.0017337193,0.005021163,0.007012814,0.005596913,0.0069793127,0.9189755,0.008110551,0.004489834,0.039301284,0.0027790056,0.0,0.0,0.1264869383287198,0.0,0.2279736411738025,0.0,0.0,0.7628398484170366,0.0,0.8054509862610033,1
2024-10-17,0.0508915828540921,0.0018416598,0.0053338299999999,0.1047815865,0.0059452057,0.00741314265,0.13242171135,0.7277331,0.0047694619,0.00680825555,0.0029520251,0.1491484850072239,0.2758626802232331,1.1758140740596397,0.0,0.2135800066448051,0.0,0.0,0.0,0.0,0.0,0
2024-10-18,-0.8669787347316742,0.088672157,0.0049164579,0.00686857965,0.00548038235,0.0068347013,0.86591525,0.007919792,0.00439628275,0.0062754279999999,0.00272107055,0.9873031143537904,0.0,0.2178352722065608,0.0,0.0,0.0,0.0,0.0,0.0,0.6245644110321684,1
2024-10-21,-0.3773681931197644,0.0013562057,0.003927836,0.0054869507,0.004379187,0.005465796,0.005334398,0.3604538,0.52768075,0.0050144023,0.08090069,0.572954678535498,0.4039250009183638,0.0,0.5141219264536245,0.0,0.0,0.1700993332966755,0.3039080731391472,0.0,0.0,0
2024-10-22,-0.4351792456582189,0.00184161415,0.0876857014999999,0.007446807,0.00594511745,0.00741243425,0.723945515,0.0085881647499999,0.14737607765,0.0068066098,0.0029519520499999,0.5092614573004469,0.0,0.0,0.5357408419724635,0.0,0.0,0.0,0.0,0.0,0.6490638062557372,0
2024-10-23,-0.4292640844359994,0.00156380835,0.0553293277999999,0.2532464697,0.0050483542499999,0.0062940726,0.6175149,0.0486663257,0.0040498279,0.00578021795,0.0025066527,0.2184976043741383,0.0,0.4624473841613197,0.0,0.0,0.0,0.0,0.0,0.0,0.9915601788064324,0
2024-10-24,-0.1160868303850293,0.1679673,0.00430343,0.0060106926,0.0047966507,0.0059817857,0.7922873,0.006930211,0.0038476833,0.0054934616,0.002381538,0.1869048399187592,0.0,0.6545856899825458,0.0,0.0,0.0,0.0,0.0,0.0,0.7538219076133136,1
2024-10-25,-0.4163600876927376,0.001697506,0.0049162879999999,0.3613209,0.0054802692,0.006831302,0.59844413,0.0079187857,0.0043961018,0.0062736944999999,0.0027209588,0.0,0.0,0.5822585588700524,0.0,0.0,0.0,0.6485285771559997,0.0,0.0,0.2984804952260853,0
2024-10-28,-0.5511850118637085,0.0019062496,0.0055208599,0.0077081004,0.0061550549999999,0.00767485275,0.9471086,0.0088886157499999,0.00493664325,0.0070454883,0.0030555573,0.4811021618662999,0.0,0.1626121564267644,0.0,0.0,0.0,0.3987258423470718,0.0,0.0,0.8991989249075363,1
2024-10-29,-0.2001692689955234,0.00152245595,0.004409303,0.0585722017,0.00491477805,0.00612620835,0.4824733956499999,0.429971942,0.0039427285,0.0056266467999999,0.00244036845,0.3523631574193967,0.2489136309430813,0.5554167635042848,0.0,0.0,0.0,0.0,0.0,0.0,0.7538219076133136,1
2024-10-30,0.0249105398543178,0.001421377,0.0485133,0.071229046,0.0045884738,0.005720604,0.8506799,0.00663314735,0.0036809631,0.0052548855,0.0022783474,0.8439159367684294,0.0,0.0,0.0,0.0,0.0,0.458163544803749,0.0,0.0,0.555669740311748,0
2024-10-31,0.0204387856647372,0.0014852261,0.004301549,0.0060118577,0.004794606,0.0059769037,0.9587974,0.006916198,0.0038463157,0.0054892795,0.0023806922,0.5071102783794698,0.0,0.6489268643275992,0.0,0.0,0.0,0.0,0.0,0.0,0.3423709054539433,0
2024-11-01,0.0174160124734043,0.001405057,0.0040696108999999,0.1744435457,0.11035415275,0.0056580452,0.526380985,0.16660062625,0.00363880305,0.00519699815,0.00225218775,0.2033518082377444,0.0,0.8431031769988371,0.4337762285266464,0.0,0.0,0.2663361990667449,0.0,0.0,0.2086703268587678,1
2024-11-04,0.0150488321669399,0.0017981002499999,0.00520762075,0.44319537235,0.1235613583,0.007242937,0.363286558,0.00840274165,0.0046566948,0.0397664469999999,0.0028822029,0.8820204108529189,0.0,0.3225839513859407,0.0,0.0,0.0,0.0,0.0,0.0,0.0,0
2024-11-05,-0.6883115172386169,0.0015605649,0.0045196707,0.006308669,0.0050392495,0.006295497,0.1546282,0.27128246,0.5420958,0.005768504,0.0025014537,0.8401282360028111,0.0,0.0,0.4788428153977156,0.0,0.0,0.2676761912127135,0.0,0.2046979252820597,0.0,1
2024-11-06,0.079700231552124,0.0013024057,0.0037720895,0.00526421925,0.130570177,0.0052453792,0.7590091999999999,0.00607282525,0.0033728902,0.083303222,0.0020876465,1.3208502408448193,0.0,0.0,0.0,0.2642376071322223,0.0,0.2715392528446628,0.0,0.0,0.0,1
2024-11-07,-0.34132931381464,0.00140396365,0.00406621795,0.0056770946999999,0.004532922,0.00565622715,0.619613605,0.3479738794999999,0.0036358938,0.005189696,0.00225043525,0.850489874712408,0.5807188961688172,0.171006502930665,0.0,0.0,0.0,0.2120335535935937,0.0,0.0,0.0,1
2024-11-08,-0.7229413390159607,0.00140441965,0.00406765235,0.0056772638499999,0.189904614,0.00565906125,0.59073701,0.09992365,0.0036371293,0.0967380284999999,0.00225116615,0.7873937362977503,0.3850912620378565,0.0,0.0,0.0,0.0,0.3628152391651522,0.0,0.0,0.0,1
2024-11-11,-0.3337228074669838,0.00152977935,0.0746284517,0.0061837622,0.00493925315,0.047408738,0.8461082600000001,0.007130222,0.003961735,0.0056577142,0.0024521071499999,1.4097977391064125,0.0,0.0,0.0,0.0,0.232617692173536,0.193720970510542,0.0,0.0,0.0,1
2024-11-12,0.0707451198250054,0.0016013257,0.045764822,0.0064773782,0.0051708195,0.024239522,0.30076666535,0.6033446849999999,0.0041470485,0.0059209553,0.00256679,0.0,0.6096018248631923,0.3439016478165944,0.8938373789930166,0.1308215663845535,0.2506122871352749,0.1633688435522469,0.0,0.0,0.0,0
2024-11-13,0.3626151876524091,0.0018439242,0.00534053365,0.1571248559999999,0.0819650402,0.18375299535,0.0072533499,0.54817171,0.0047753052,0.00681674715,0.0029556547999999,0.3328510902291806,0.6089633361151104,0.2358697695839588,0.0,0.0,0.373108766626095,0.0,0.0,0.0,0.0,1
2024-11-14,-0.0293911062180995,0.00169768295,0.0049167797,0.1851609237499999,0.0054806133,0.006833083,0.0066790187,0.77583923,0.004396527,0.0062748951499999,0.0027212423,0.2767820911829235,0.6776832415867822,0.6730933441375153,0.0,0.0,0.0,0.0,0.0,0.0,0.0,0
2024-11-15,-0.4581120377406478,0.0018359682,0.0053173164,0.625645,0.0059267124,0.0073882076,0.0072236476,0.33217952,0.0047547254,0.006785949,0.002942902,0.3455604372439439,0.1664266677989137,0.5893064370945935,0.47733278870027,0.0,0.0,0.2930796854962974,0.0,0.0,0.183886311173178,0
2024-11-19,-0.0669044554233551,0.001733174,0.0050195768,0.0070035853,0.0055950615,0.0069761556,0.951921,0.008078438,0.0044884854,0.006406378,0.0027781315,1.0879026435782193,0.0,0.0,0.0,0.0,0.0,0.2734717871736881,0.0,0.0,0.0,1
2024-11-20,-0.0113978101871907,0.001732993,0.005019109,0.5193044,0.0055946577,0.0069749225,0.43960434,0.008098104,0.004488016,0.006405614,0.0027778416,0.3281630836391134,0.0,0.7388598934861926,0.0,0.0,0.0,0.3097682388173142,0.0,0.0,0.7717338929677994,1
2024-11-21,-0.7448313236236572,0.001560574,0.0045199594,0.51402164,0.005038562,0.0062831584,0.11890708,0.22711916,0.0040415186,0.0057707103,0.1127375,0.1561451291371328,0.1932057000631324,0.0,0.0,0.4339242515806912,0.0,0.5,0.0,0.0,0.0,1
2024-11-22,-0.8115278482437134,0.00156397375,0.0045295213,0.2874109822,0.0050504005,0.0062985939999999,0.665442775,0.0073009856,0.01411556285,0.0057803136,0.0025069178,1.0789014927726832,0.0,0.0,0.0,0.0,0.0,0.4430067216973372,0.0,0.0,0.0,1
2024-11-25,0.1614377945661544,0.0013574807,0.003931552,0.0054902514,0.0043834136,0.097541355,0.27238047,0.37837732,0.003515525,0.23084669,0.002175927,0.9145857370454862,0.0,0.0,0.4167301721524441,0.0,0.0,0.2120335535935937,0.0,0.0,0.0,1
2024-11-26,0.389421746134758,0.0015595658499999,0.2186971525,0.0063088052,0.0050350388499999,0.10236104285,0.2647470349999999,0.388987674,0.0040388685,0.005764973,0.00249985235,1.2400476277018533,0.0,0.0,0.0,0.0,0.2527030435019141,0.0,0.0,0.0,0.0,1
2024-11-27,-0.6889913976192474,0.0015306343,0.00443299955,0.00618974385,0.0049415875,0.0061614015,0.6580067350000001,0.2617963785,0.003963929,0.0056578092,0.04731884475,1.082510095879102,0.6201871097388898,0.0,0.0,0.0,0.0,0.0,0.0,0.0,0.0,0
2024-11-29,-0.6767242252826691,0.001418102,0.0041071014,0.0057364935,0.12402789,0.0057107215,0.6261141,0.22169827,0.0036725427,0.0052416516,0.0022730976,0.610094525326305,0.4682690595334899,0.0,0.0,0.0,0.0,0.0,0.0,0.0,0.0,1
2024-12-02,-0.1133178472518921,0.0019513073,0.005651307,0.007888703,0.0063003013,0.18993117,0.6674546,0.00912593,0.10135018,0.0072187884,0.0031277807,0.5800802907260488,0.0,0.563072798090906,0.0,0.0,0.0,0.5482986739285098,0.0,0.0,0.0,1
2024-12-03,-0.293910950422287,0.00138681855,0.0040164395,0.00560892615,0.00447718125,0.0055836957,0.47035103,0.4976354899999999,0.00359151,0.0051260401999999,0.00222295305,0.9084319294828844,1.055267875156745,0.0,0.0,0.0,0.0,0.1315750518169317,0.0,0.0,0.0,1
2024-12-04,-0.8895448446273804,0.0016008073999999,0.00463632485,0.08722756765,0.00516818045,0.00644622345,0.2539553443,0.628335665,0.0041456524999999,0.0059183112,0.00256595915,0.1731778793692363,0.5985822304489645,0.6816895425082639,0.0,0.0,0.0,0.0,0.0,0.0,0.0,1
2024-12-05,-0.4317382699809968,0.001600678,0.0046358686,0.27793907635,0.005168363,0.00644383375,0.124259602,0.56732469,0.0041453615,0.0059167647,0.00256575185,0.5129451425483373,0.0,0.6787948369169962,0.0,0.0,0.0,0.0,0.0,0.0,0.3402084066795529,0
2024-12-06,-0.2048541568219661,0.00135614,0.00392764,0.005483961,0.0043779844,0.0054590115,0.2691549,0.6995423,0.0035120654,0.0050122202,0.002173778,0.6486680884646525,0.4222444437077876,0.5619872242514928,0.0,0.0,0.0,0.3548897936783312,0.0,0.0,0.0,1
2024-12-09,0.0119537925347685,0.00190629455,0.00552114215,0.00771047075,0.00615389475,0.007670955,0.740946525,0.2150528295,0.0049368022999999,0.0070454952,0.0030556292,0.5113080273520885,0.0,0.5799847205464159,0.0,0.0,0.0,0.2897954658452823,0.0,0.0,0.297390840527883,0
2024-12-10,-0.2121793702244758,0.00178460205,0.00516864415,0.007228795,0.0057615495,0.11726838015,0.53699009,0.31171848825,0.004621648,0.00659721515,0.00286056635,0.9112545869826169,0.4528265686091588,0.0,0.0,0.0,0.0,0.0,0.0,0.0,0.0,0
2024-12-11,-0.3408736507408321,0.0017551360499999,0.082488301,0.007101557,0.0056660403,0.00706430885,0.607902795,0.274175393,0.00454537235,0.00648782085,0.0028133349,0.4901897647907502,0.5986142670452105,0.0,0.0,0.0,0.0,0.0,0.0,0.0,0.6176915038419779,1
2024-12-12,0.0503841266036033,0.0014888924,0.00431218235,0.07544709,0.0048066372999999,0.00599433855,0.221618464,0.674585805,0.00385595615,0.00550410135,0.00238656895,0.1940133816644113,0.8227709672688086,0.5027207299221244,0.0,0.2135800066448051,0.0,0.0,0.0,0.0,0.2357706216747154,0
2024-12-13,-0.8860260248184204,0.00145844415,0.124470295,0.01260453715,0.00470826405,0.0058707253,0.699003695,0.140377779,0.0037769797,0.00539151135,0.00233776285,0.9317043696864956,0.5631416224005019,0.0,0.0,0.0,0.0,0.1695614674654795,0.0,0.0,0.0,0
2024-12-16,-0.207307755947113,0.00191136765,0.00553570945,0.00773454975,0.00617071865,0.05169239,0.523750905,0.38812346425,0.0049498959,0.00706727975,0.0030637609,0.7007167469080388,0.637686632142622,0.0,0.0,0.0,0.0,0.1920069070162305,0.0,0.0,0.0,1
2024-12-17,-0.4608458764851093,0.0016879022,0.00488853285,0.0068302697,0.005449204,0.00679393335,0.6589605000000001,0.302074345,0.0043712465,0.00623852265,0.00270556485,0.0,0.6523190752665095,0.3644269668212696,0.0,0.0,0.0,0.3787806430819356,0.0,0.0,0.2253885165919189,0
2024-12-18,0.2027497421950101,0.0011831598,0.03728044335,0.00478658335,0.0038198937,0.0047655518,0.3831692049999999,0.555661265,0.0030640911,0.0043733213,0.00189650525,0.9735683584771198,1.0728660654341942,0.0,0.0,0.1481915280785866,0.0,0.0,0.0,0.0,0.0,0
2024-12-19,-0.2497671693563461,0.0015603963,0.004519216,0.0063160034,0.005037285,0.006279329,0.24545588,0.7185229,0.004041067,0.005766724,0.0025011834,0.2263722633311487,0.2489744222250117,0.2471651118037883,0.6374284989522194,0.0,0.0,0.2159874439235775,0.0,0.0,0.2750940620570997,0
2024-12-20,-0.4545100033283233,0.0017177778,0.0049751436,0.3015085405,0.00554592685,0.0069162489999999,0.535190022,0.1305909629999999,0.00444862665,0.0063533523,0.00275345275,0.4425013679131238,0.0,0.0,0.0,0.0,0.0,0.3863534643578763,0.0,0.0,0.0,1
2024-12-23,-0.3902377486228943,0.002081627,0.0060292375,0.008416078,0.006721956,0.00837953,0.942232,0.009708226,0.005390846,0.00770383,0.0033366724,0.706474545163557,0.0,0.0,0.0,0.5,0.0,0.0,0.0,0.0,0.0,1
2024-12-24,-0.0769958617165684,0.0017842046,0.0051673694999999,0.11241323035,0.00575977825,0.0071804923,0.4795677932,0.3740515285,0.004620667,0.0065950575,0.0028599295,0.8149347739201951,0.0,0.6730933441375153,0.0,0.0,0.0,0.0,0.0,0.0,0.0,1
2024-12-26,-0.0818031951785087,0.057881735,0.0047623347,0.0066459742,0.005308118,0.0066191214,0.6002194,0.0076823104,0.0042577223,0.30398795,0.0026352927,1.3964483661024285,0.0,0.0,0.0,0.0,0.0,0.4497000053746145,0.0,0.0,0.0,0
2024-12-27,0.0113098407164215,0.0013575107,0.003931874,0.0054902085,0.0043826858,0.057939325,0.7174309,0.0063599544,0.003515583,0.19741601,0.002175975,0.7908352210182225,0.0,0.0,0.0,0.0,0.0,0.693720970510542,0.0,0.0,0.0,0
2024-12-30,-0.2809534408152103,0.0018353693,0.005315813,0.86732554,0.0059253555,0.007386685,0.0072207334,0.008565769,0.0047531114,0.0067863245,0.0848853,0.7761935832082597,0.0,0.0,0.5891573421725883,0.0,0.0,0.0,0.0,0.0,0.0,0
2024-12-31,-0.786505252122879,0.0012279733,0.00355658525,0.0049681859999999,0.0039644503,0.0049428565,0.75658992,0.11736049975,0.0031801317,0.0703063746,0.03390303045,1.4889649080746974,0.2151138792016791,0.0,0.0,0.0,0.2500338124379402,0.0,0.0,0.0,0.0,0
2025-01-02,0.0167083563283085,0.00161008345,0.09548821415,0.05610620375,0.0051982815,0.0064804519,0.8148994350000001,0.0075133667,0.004169707,0.0059534556,0.0025808278,0.884309401397878,0.0,0.0,0.0,0.0,0.0,0.319853535226992,0.0,0.0,0.0,0
2025-01-03,-0.0110312928445637,0.0015650437,0.03239050735,0.2830322787,0.00505270505,0.0063022275,0.445174885,0.21413608685,0.00405307025,0.00578457275,0.00250863295,1.1089365858783309,0.0,0.4318446823107327,0.0,0.0,0.0,0.0,0.0,0.0,0.0,1
2025-01-06,-0.3592713996767997,0.0016973686,0.0049158493499999,0.31793079,0.00547955065,0.0068315246,0.191301324,0.4584538735,0.0043957305,0.0062732415,0.00272073855,0.4347925375680452,0.0,0.9036012642252264,0.0,0.0,0.0,0.0,0.0,0.0,0.3402084066795529,1
2025-01-07,-0.3210891336202621,0.0016419,0.11787897,0.0066446387,0.005301482,0.41495946,0.305617,0.13500217,0.004252085,0.0060704304,0.002631827,0.2437107707345479,0.1542744671296949,0.141810395005111,0.4484975897602729,0.0,0.6556718240898276,0.1464529844185446,0.0,0.0,0.0,0
2025-01-08,-0.3004575073719024,0.0015651313,0.1956748208,0.0580304175,0.00505370875,0.0063099465,0.4335889149999999,0.28742549,0.00405327075,0.00578953125,0.0025087732,0.5,0.0,0.5,0.0,0.0,0.0,0.0,0.0,0.0,0.0,1
2025-01-10,-0.3783481940627098,0.0013589594,0.03058371585,0.00549888815,0.0043870108,0.00547102175,0.171927929,0.50605265,0.267518115,0.0050234487,0.00217829715,0.5418825123269764,0.1710118912065318,0.832089982741986,0.8582434842675253,0.0,0.0,0.0,0.0,0.0,0.0,0
2025-01-13,0.0366427516564726,0.0014588456499999,0.00422548365,0.15677417715,0.243973672,0.0058748096,0.18156009135,0.309504261,0.0037780404,0.0905122449,0.0023384063999999,0.5,0.0,0.1566512380494462,0.4647003189603888,0.0,0.3042886697095213,0.1574599100098426,0.0,0.0,0.0,1
2025-01-14,-0.1555251907557249,0.0015594589,0.0045165797,0.006310982,0.0050341133,0.0062748645,0.9567043,0.007290077,0.0040386217,0.0057712863,0.002499681,0.6400781377123324,0.0,0.285013014746084,0.0,0.1356634237736859,0.0,0.0,0.0,0.0,0.9920899757175872,1
2025-01-15,-0.6861508190631866,0.00148514355,0.00430121715,0.2066070639999999,0.004794303,0.0059771028,0.7581746300000001,0.00694181275,0.00384619465,0.005492002,0.0023805598,0.6040261558427741,0.0,0.2935263457951167,0.4959106163269495,0.1572696529387708,0.0,0.0,0.0,0.0,0.5194707226153142,1
2025-01-16,-0.2732042074203492,0.0014895429999999,0.176623015,0.187617001,0.3100014975,0.005998516,0.155311875,0.15120665485,0.0038575416999999,0.005506814,0.00238761165,0.7613779994024406,0.2081923388051009,0.371937483310354,0.0,0.0,0.0,0.0,0.0,0.0,0.0,0
2025-01-17,-0.0560739934444427,0.0014853702,0.004301898,0.006007214,0.0047950526,0.005979525,0.80162907,0.16408266,0.0038467308,0.0054916795,0.0023809231,0.4968362570474674,0.0,0.2123084504954976,0.0,0.1606044933545939,0.0,0.0,0.0,0.0,0.2343114988111909,1
2025-01-21,0.3625713139772415,0.0014518284,0.312925232,0.0058721871499999,0.00468823625,0.26799522,0.325481145,0.0701306489999999,0.00375986065,0.00536846775,0.00232715835,0.5439821090905526,0.2521843748660349,0.0,0.0,0.0,0.3672446441943351,0.0,0.3866909618965612,0.0,0.0,1
2025-01-22,-0.8655027449131012,0.0802529149499999,0.0045299503,0.0063295639,0.00504901815,0.29301985115,0.59117736,0.0073033223999999,0.0040499504,0.0057813844,0.00250670385,0.7629009599332829,0.0,0.0,0.0,0.0,0.4253035213422978,0.0,0.0,0.0,0.0,1
2025-01-23,-0.1877031177282332,0.00148889175,0.00431218255,0.00602135715,0.00480738225,0.2650004294999999,0.51245441,0.1941672678,0.00385583615,0.00550575665,0.00238656785,0.219853907795681,0.8577102166693654,0.1787662171555185,0.0,0.179654300973383,0.0,0.5484339852223848,0.0,0.0,0.2256040268265824,1
2025-01-24,-0.8190818727016449,0.0018365299,0.005319402,0.0074336636,0.20225263,0.007398911,0.7527058,0.008563798,0.0047560674,0.0067894007,0.0029438024,0.6250230950195423,0.2625718458617914,0.0,0.0,0.0,0.0,0.2492598494501214,0.0,0.0,0.4141332050374023,0
2025-01-27,0.0345936054363846,0.0012809784,0.1415014045,0.0051845249,0.00413609645,0.0051558578,0.826658515,0.0059759181,0.0033174230499999,0.0047360242,0.0020533001,1.2122774062369124,0.0,0.0,0.0,0.0,0.1894115122246834,0.2283445702871596,0.0,0.0,0.2991374247414702,0
2025-01-29,-0.4195092022418975,0.00148562435,0.047552307,0.00600725665,0.00479585325,0.00597981465,0.439053045,0.48340607935,0.00384734625,0.00549130165,0.0023813305,0.3960851486881414,0.919364615299536,0.0,0.0,0.1597997737723082,0.0,0.2280267351458624,0.0,0.0,0.3424862630834167,0
2025-01-30,0.0114580574445426,0.0016417863,0.004754995,0.0066384417,0.0052999053,0.006606692,0.9544572,0.007649542,0.004251759,0.006068088,0.002631645,0.23446747350567,0.0,1.0150661360581985,0.0,0.0,0.0,0.1931316553146158,0.0,0.0,0.3465814293522595,1
2025-01-31,-0.3044016137719155,0.00173833955,0.00503470185,0.06818927675,0.00561188065,0.00699734075,0.8906107350000001,0.008102763,0.00450182625,0.0064267742499999,0.0027864115,1.0662496850533931,0.0,0.0,0.0,0.0,0.0,0.0,0.0,0.0,0.6337466616779324,0
2025-02-03,0.013462908565998,0.0016912823999999,0.2356775902499999,0.096465338,0.0054600783,0.071442831,0.31485244425,0.166694971,0.0987514333,0.00625307485,0.00271098295,0.7019261293182062,0.0,0.0,0.0,0.0,0.5811872245193741,0.2788214898601774,0.0,0.0,0.0,0
2025-02-04,0.037540815770626,0.0014181178,0.42106062,0.0057344823,0.004578803,0.32122704,0.15838563,0.00660687,0.07347241,0.0052428152,0.002273123,0.0,0.0,0.0,0.0,0.0,1.404962683440532,0.0,0.0,0.0,0.0,1
2025-02-05,-0.0279904250055551,0.0014178914,0.24567437,0.28186595,0.0045777634,0.0057098223,0.44295767,0.0066072433,0.0036719425,0.0052445238,0.0022727603,0.1903045012288383,0.0,0.657397489770898,0.0,0.0,0.0,0.2008704375741942,0.0,0.0,0.5449883736521044,1
2025-02-06,-0.0174721954390406,0.001564273,0.0342647452999999,0.0063268153,0.0050497245999999,0.0062949583,0.52498867,0.4091706575,0.004051036,0.0057817545999999,0.0025073977,0.3195180208963463,0.0,0.814002976380713,0.0,0.0,0.0,0.2300359492335947,0.0,0.0,0.6652540534391322,1
2025-02-07,-0.1089222598820925,0.00168445805,0.27689226935,0.006818464,0.0054380788,0.1809775049999999,0.00662288385,0.5082786300000001,0.0043622895,0.0062254276999999,0.00270004395,0.0,0.1982725909637887,0.8431031769988371,0.0,0.0,0.6448885537233846,0.0,0.0,0.0,0.0,0
2025-02-10,-0.1998718529939651,0.0014891807,0.3141046,0.006021463,0.004808012,0.10637521,0.157471,0.39798194,0.003856589,0.0055050007,0.002387031,0.5391247259459502,0.1769111173989578,0.3773630713655371,0.0,0.0,0.4253035213422978,0.0,0.0,0.0,0.0,1
2025-02-11,-0.5576664060354233,0.0014997348,0.1035079698,0.0060682155,0.0048427366,0.0060396523,0.3807144081,0.48549223735,0.00388392315,0.0055472512,0.0024039482,0.4116808089448337,0.7767014793984965,0.0,0.0,0.3682225231412292,0.0,0.0,0.0,0.0,0.4141332050374023,1
2025-02-12,0.0151622020639478,0.0017547518,0.0050820564999999,0.30730031435,0.0056646517,0.00706271325,0.0069042531,0.65238869,0.0045444006999999,0.00648547545,0.0028127191,0.1668682319878586,0.9155774939965288,0.0,0.5193382589422749,0.0,0.0,0.0,0.0,0.0,0.0,0
2025-02-13,-0.8880436420440674,0.0016880058,0.0048890923,0.183191481,0.0054497847999999,0.0067939010999999,0.583584075,0.20108754285,0.00437148455,0.0062388197499999,0.0027057308,0.6178708459729207,0.0,0.3687224998358158,0.0,0.0,0.0,0.0,0.0,0.0,0.4141332050374023,1
2025-02-14,-0.7318611145019531,0.0014179158,0.0041067256,0.00574031,0.0045774984,0.0057079294,0.43819758,0.5290654,0.003672039,0.0052418504,0.0022727994,0.4579355045202048,0.2285233708196631,0.6015523443960379,0.0,0.0,0.2903761629463925,0.3266171159825485,0.0,0.0,0.0,0
2025-02-18,-0.4465240389108657,0.00183556525,0.00531634575,0.13188885785,0.00592598715,0.007388794,0.7853637,0.008563816,0.0047536196999999,0.006786366,0.0421769252,0.9571204371139512,0.137833883124189,0.0,0.0,0.3095636648275941,0.0,0.0,0.0,0.0,0.4424405809449184,1
2025-02-19,-0.1415299773216247,0.00179615655,0.00520316675,0.134246637,0.00579889475,0.007232842,0.34918704565,0.4823642345,0.0046516366,0.0066402852,0.00287908735,0.6670175165186492,0.0,0.2770614415454246,0.0,0.0,0.7134692189519132,0.0,0.0,0.0,0.0,1
2025-02-24,0.0184145858511328,0.0016616837,0.2276817703,0.041712473,0.005364547,0.06442935765,0.638292965,0.0077480853,0.0043033605499999,0.006142185,0.0026635387,0.3890296174158414,0.0,0.0,0.0,0.0,0.6912410671272912,0.1799158273369857,0.0,0.0,0.322865169358013,0
2025-02-26,0.0232444517314433,0.0522654978,0.0984274445,0.1255301065,0.005034992,0.0062774449999999,0.6928847,0.0072736505,0.0040390145,0.00576720335,0.0024999522,0.4789020327461926,0.0,0.0,0.0,0.0,0.0,0.7681534776361167,0.0,0.0,0.6032233897540002,1
2025-02-27,-0.0181184755638242,0.0015638642,0.0482172355,0.556899055,0.0050489795,0.00629708165,0.12077513815,0.2488605648,0.0040499908,0.00578143985,0.00250674225,0.3365547847499215,0.0,1.0040618024323864,0.0,0.0,0.2489664305848956,0.0,0.0,0.0,0.0,0
2025-02-28,0.0288641061633824,0.0014210411,0.00411574705,0.511805415,0.00458745495,0.0057223193,0.17418344475,0.21878737965,0.07184686515,0.00525255455,0.0022778089499999,0.6275415770023178,0.0,0.2470649473274726,0.0,0.0,0.67112384894213,0.2812728355802542,0.0,0.0,0.0,1
2025-03-03,-0.1314019616693258,0.0013927726,0.0658713918,0.005635388,0.00449701875,0.05842912515,0.526515335,0.00650200295,0.323776318,0.0051481883,0.002232497,0.7255610343249738,0.0,0.0,0.0,0.0,0.7673517073875804,0.1661462455861163,0.2968452866732489,0.0,0.0,0
2025-03-04,0.0199336386285722,0.0014867733,0.004305988,0.19779216,0.0048005376,0.005995177,0.005848605,0.006939242,0.7649496,0.0054987855,0.002383172,0.2380587527739328,0.0,0.2430903259657612,0.0,0.0,0.9564017838095674,0.2510486182601738,0.0,0.0,0.0,0
2025-03-05,-0.6554891765117645,0.001949967,0.0056475205,0.9460962,0.0062947893,0.007847843,0.007669005,0.009112142,0.0050499295,0.007207049,0.0031256326,0.3145333894094142,0.0,0.2655968652878234,0.0,0.0,0.9795256529278588,0.0,0.0,0.0,0.0,1
2025-03-06,-0.4192744772881269,0.0019504735,0.0056490772,0.42429748,0.006297353,0.007856972,0.007671711,0.53088915,0.005051245,0.007210176,0.0031264443,0.1491484850072239,0.0,0.6730933441375153,0.0,0.0,0.7063051489561551,0.0,0.0,0.0,0.0,0
2025-03-07,0.0161150987260043,0.0014213478,0.00411681135,0.31165504,0.004588847,0.005721912,0.3240461475,0.33723615565,0.0036809206,0.00525450055,0.00227830055,0.5794935896050966,0.0,1.0119382666973422,0.0,0.0,0.3249380826388587,0.0,0.0,0.0,0.0,1
2025-03-10,0.0209754928946494,0.00145264345,0.1256835123,0.005876374,0.0046904372,0.332308075,0.48680313,0.03172374035,0.0037619847,0.00537162475,0.0023284648,0.8035594503863461,0.0,0.3377056281037466,0.0,0.0,0.0,0.4018015396440483,0.0,0.0,0.0,0
2025-03-11,0.0139773716218769,0.0016605025499999,0.3038607218,0.0067160845,0.0053607442999999,0.13839735725,0.523164,0.00774063915,0.0043002549,0.006138138,0.0026616454,0.3509898661986075,0.0,0.1698146804484518,0.0,0.0,0.5,0.2772236403494336,0.0,0.0,0.2844895146210919,0
2025-03-12,0.3660808652639389,0.0017336982,0.5013582,0.0070125707,0.0055972436,0.45571673,0.0068192994,0.008080944,0.0044898763,0.0064124987,0.0027789718,0.0,0.0,0.469642785251302,0.0,0.0,0.5,0.3715411049726772,0.0,0.0,0.0,1
2025-03-13,0.0663814656436443,0.0019504774,0.0056489157,0.007882546,0.006296599,0.007852642,0.7787804,0.009107861,0.17214417,0.007209923,0.0031264503,0.6784499858335448,0.0,0.0,0.0,0.0,0.6361317738648753,0.0,0.0,0.0,0.0,0
2025-03-14,-0.0257163103669882,0.001643674,0.0047602975,0.006647258,0.0053075277,0.36899403,0.59202296,0.007652942,0.004256718,0.00607981,0.0026346706,1.1232787517545113,0.0,0.2316785291356537,0.0,0.0,0.0,0.326348491761686,0.0,0.0,0.0,1
2025-03-17,0.6191641390323639,0.0015593974,0.0045163035,0.0063047595,0.0050340565,0.006276816,0.25227708,0.71172965,0.0040384275,0.0057639834,0.0024995825,0.5,0.2493199511799098,0.0,0.0,0.0,0.3630733141585561,0.2366798058338939,0.0,0.0,0.0,1
2025-03-18,-0.371420606970787,0.001453017,0.14204460275,0.0058767917,0.00469063985,0.0058484539999999,0.502578925,0.3260441331499999,0.0037629176,0.005371482,0.0023290636,0.5469562887989224,0.2134317334492585,0.3889491566649363,0.0,0.1652443564001368,0.0,0.7012157864404789,0.0,0.0,0.0,0
2025-03-19,-0.0565790515393018,0.0014668173,0.0431426104,0.1036376415,0.00473517645,0.005904041,0.2427866,0.5867556,0.00379865985,0.005421721,0.0023511844,0.4382668938657141,0.671506636473862,0.3057192879322138,0.0,0.0,0.5339097771660495,0.0,0.0,0.0,0.1910998198791482,1
2025-03-20,0.0104558807797729,0.00156516225,0.1513407385,0.0434708563499999,0.00505337515,0.0673050455,0.711604275,0.0073115797,0.00405339,0.0057867403,0.00250882295,1.3561711234353029,0.0,0.0,0.0,0.0,0.0,0.0,0.0,0.0,0.0,0
2025-03-21,0.0242981608025729,0.00164222965,0.278588175,0.1229641032,0.005301752,0.0066147008,0.564261435,0.0076699648,0.004252947,0.00607240595,0.0026323553,0.6618001815070781,0.1580702174395575,0.0,0.0,0.0,0.6619311781432448,0.2424662447158991,0.0,0.0,0.2130355792487202,1
2025-03-24,-0.0688700675964355,0.03151179915,0.06311609635,0.00683054535,0.005452124,0.2008033045,0.67108463,0.00787736755,0.00437360615,0.0062434163,0.0027070192,0.6825835939010396,0.0,0.0,0.0,0.0,0.4488720333973242,0.1904092911694087,0.0,0.0,0.0,1
2025-03-26,0.0244724294170736,0.0012994959,0.65177494,0.005254717,0.0041962266,0.0052469647,0.3159142,0.006061885,0.0033653586,0.0048032105,0.0020829823,0.5405009650695635,0.0,0.0,0.0,0.0,0.8413433940781081,0.0,0.0,0.0,0.0,0
2025-03-27,9.206403046850031e-05,0.0017332751,0.0050198734,0.6561796,0.0055956133,0.006976231,0.0068128183,0.30400836,0.0044887327,0.0064072255,0.0027782936,0.3754290102324422,0.0,0.920158291464988,0.0,0.0,0.3711550022643807,0.0,0.0,0.0,0.0,0
2025-03-28,0.0117962332442402,0.0012999724,0.0037656785,0.0052631064,0.0041972627,0.23714967,0.7320094,0.006059388,0.003366588,0.0048052236,0.002083746,0.3014105930480545,0.0,0.2184050940946697,0.0,0.0,0.662300487876271,0.5255090490215335,0.0,0.0,0.0,0
2025-04-01,0.0307334307581185,0.086433046,0.11963317,0.0063147065,0.005040533,0.2610457,0.5019244,0.0072900513,0.0040431907,0.005772714,0.0025025047,0.4281934927144716,0.0,0.0,0.0,0.0,0.6955122605139439,0.5268050158728411,0.0,0.0,0.0,1
2025-04-02,0.1723827347159385,0.00133853615,0.329986845,0.07820826535,0.0043216102,0.13594958975,0.2581021399,0.181531375,0.0034665016,0.00494954685,0.00214556045,0.3649181172323275,0.1873996512920293,0.0,0.0,0.0,0.9889802144516286,0.175832114159073,0.0,0.0,0.0,1
2025-04-03,0.1042122747749089,0.00144659645,0.11560830165,0.1986322478,0.00467018825,0.0940996575,0.25428156,0.00675929215,0.14504058845,0.177142835,0.0023187718999999,0.6664156303425991,0.0,0.0,0.0,0.0,1.0480145745811356,0.356386158664974,0.0,0.0,0.0,0
2025-04-04,0.0798382060602307,0.0015475961,0.11755755015,0.1564494415,0.0049963698,0.006231633,0.643096955,0.0072253208,0.0040078721,0.0564066358,0.00248066585,1.2859117195178686,0.0,0.0,0.0,0.0,0.3822231639436714,0.0,0.0,0.0,0.0,0
2025-04-07,0.0122811682522296,0.00139320175,0.0580426852,0.00564108835,0.00449824425,0.1905709173,0.2459225835,0.0064992485499999,0.2420779105,0.2431209805,0.0022331849,0.6102562551661634,0.0,0.0,0.7665020348314868,0.0,0.7144129920039636,0.1309134967005324,0.0,0.0,0.0,0
2025-04-08,-0.0474527888000011,0.00149037615,0.23930069965,0.006031009,0.0048116897,0.00600402425,0.1356006059999999,0.11749462,0.2215372205,0.1796678565,0.08806194435,0.6482612088110037,0.0,0.0,0.650143432060138,0.0,0.4253035213422978,0.1831827429812232,0.0,0.0,0.0,0
2025-04-09,-0.0758288577198982,0.0012024859,0.260843375,0.0048668528999999,0.0038825623,0.2492773407,0.3697091063,0.1007295955,0.00311413535,0.0044470745,0.0019274834,0.906534587274238,0.0,0.0,0.0,0.0,1.271169811964766,0.0,0.0,0.0,0.0,1
2025-04-11,-0.1963397115468978,0.00132135025,0.293089821,0.00534641835,0.0042662981,0.0053255690499999,0.19760419085,0.0061597695,0.47988107485,0.0048874975,0.00211801295,0.5252411632576554,0.0,0.0,0.2282607294340815,0.0,0.7512491417430898,0.1413799723022486,0.2525966100519815,0.0,0.0,1
2025-04-14,-0.2156831957399844,0.0015611193,0.609729,0.006319293,0.005040333,0.0062953862,0.3514489,0.0072872816,0.004042926,0.005773303,0.0025023427,0.2436187587774571,0.0,0.0,0.0,0.0,0.8877906806014992,0.2006696001151076,0.0,0.0,0.0,1
2025-04-15,-0.468847956508398,0.0016843665999999,0.118810857,0.00681314425,0.00543813835,0.06803167665,0.514191625,0.1487121395,0.0043620971,0.1292560455,0.0026998975,0.9083068312284648,0.0,0.0,0.0,0.3065030068202163,0.3125692919185384,0.0,0.0,0.0,0.4967104404540431,0
2025-04-16,0.4109370801597833,0.0014854243,0.042984914,0.00601077,0.004795311,0.0059807464,0.005838718,0.9211851,0.0038468528,0.005491234,0.0023810097,0.2126949537964433,0.7142157063837647,0.1237629150429325,0.0,0.1243777506860997,0.6960712034877168,0.0,0.0,0.0,0.0,0
2025-04-17,0.0256402287632226,0.0014853927,0.004302041,0.0060077393,0.004796358,0.0059920335,0.10892472,0.8567721,0.0038467818,0.0054919166,0.002380959,0.2241332528296671,0.7622707839540718,0.0,0.0,0.2057296894486399,0.4688512443671154,0.0,0.0,0.0,0.2936613600820301,1
2025-04-21,0.059844241477549,0.00142235505,0.0041195404999999,0.16360513375,0.00459233475,0.2704883999999999,0.1422197735,0.2595525,0.1464596478499999,0.005260354,0.00227991505,0.2606061972964186,0.7795687520542935,0.0,0.0,0.0,0.2351196273215835,0.401192506169408,0.0,0.2790618914372116,0.0,0
2025-04-22,-0.0595876947045326,0.0017395354,0.02945518115,0.0070417832,0.0056160046,0.25074032,0.07476571165,0.249715404,0.37170760075,0.0064302232,0.00278832825,0.0,0.5261983379867348,0.0,0.0,0.0,0.4580328706932662,0.5302506597710182,0.327068684954483,0.0,0.0,1
2025-04-23,-0.4930096119642257,0.00171847945,0.004977497,0.00695812235,0.00554790285,0.2612503915,0.69796221,0.008026602,0.0044504135,0.0063538074,0.00275457745,0.3496304209542622,0.0,0.0,0.2175520051848892,0.0,0.293942379395087,0.6078011544221464,0.0,0.0,0.5787981300153558,1
2025-04-24,-0.4510945808142423,0.00168875695,0.0048909959,0.06121790825,0.0054519991499999,0.00680148785,0.4289849115,0.42603575165,0.0043734635,0.00624385595,0.05431094015,0.6139754157233852,0.0,0.5979938472697506,0.0,0.0,0.0,0.0,0.0,0.0,0.3580873433163792,1
2025-04-25,-0.301693351007998,0.0015593864,0.0045161955,0.006301956,0.00503392,0.0062757763,0.9567449,0.0072666747,0.004038392,0.0057632504,0.0024995648,0.6112655332701988,0.0,0.2316785291356537,0.0,0.0,0.0,0.5515443264038979,0.0,0.0,0.3197115108361883,1
2025-04-28,-0.3682337701320649,0.0014856815,0.004302849,0.1408721,0.00479668,0.0059836903,0.8238849,0.006952748,0.0038475192,0.005492486,0.002381422,0.0,0.0,0.3416255098440823,0.0,0.0,0.5,0.2102413018256919,0.0,0.0,0.2984804952260853,1
2025-04-29,-0.4505106825381517,0.0014857121,0.004303156,0.95893437,0.0047966773,0.005982951,0.0058394102,0.006935689,0.003847568,0.005493019,0.002381471,0.5959789622032219,0.0,0.323657116107785,0.0,0.0,0.4465882249608072,0.1519521705751778,0.0,0.0,0.5282922332664137,1
2025-05-01,-0.5326614305377007,0.0015985123,0.02442794425,0.0064667805,0.0429520765,0.0064371785,0.0062867473,0.899219875,0.0041397327,0.00590897215,0.00256228025,0.2365539180947636,0.5636194755596752,1.259315032910417,0.0,0.0,0.4012568795158623,0.0,0.0,0.0,0.0,1
2025-05-02,-0.8997787535190582,0.0013002823,0.0037661449,0.13231039,0.0041981377,0.0052332287,0.8368713,0.0060603283,0.0033673714,0.0048085367,0.0020842429,0.3115628121240392,0.0,0.0,0.0,0.0,0.6790737152662378,0.2251958346422119,0.0,0.0,0.3197115108361883,1
2025-05-05,-0.428964626044035,0.00168805345,0.0048890735,0.4793633255,0.005450043,0.13699893,0.0914068873,0.0078806902499999,0.263376189,0.006241105,0.0027058070999999,0.5711237763145119,0.0,0.2012011463291706,0.0,0.0,0.7639338243968434,0.0,0.0,0.0,0.0,0
2025-05-06,0.3706261105835438,0.0016426713,0.004757617,0.006642553,0.0053034187,0.2220705,0.45551416,0.29111075,0.0042541167,0.0060711056,0.0026330634,0.0,0.292634407966677,0.0,0.0,0.0,1.272345669993015,0.2777982850152694,0.0,0.0,0.0,0
2025-05-07,-0.2762951254844666,0.00152299055,0.04091295265,0.00616060755,0.004916864,0.00613635535,0.482467646,0.4458670635,0.0039441794,0.00563014375,0.00244122525,0.9328021267216446,0.6086872793188982,0.0,0.0,0.0,0.2144551335675317,0.0,0.0,0.0,0.5192801650699888,1
2025-05-12,-0.2329717762768268,0.0016426718,0.00475773,0.0066435165,0.00530351,0.006619306,0.954371,0.007697615,0.004254269,0.0060773906,0.002633064,0.5559403869935738,0.0,0.0,0.0,0.0,0.7051068488547226,0.2865916207085401,0.0,0.0,0.0,1
2025-05-14,-0.7076592445373535,0.0015006906499999,0.0043466702,0.367375466,0.00484509125,0.00604379435,0.50908529,0.0949627042,0.00388638535,0.00554849365,0.0024054805,0.32864460114545,0.0,0.8272181108259106,0.0,0.0,0.526235628597993,0.0,0.0,0.0,0.3090588497660299,1
2025-05-15,-0.021463019773364,0.00133359565,0.00386241475,0.37546827,0.00430532465,0.0053712775,0.1059851979999999,0.49315198,0.0034537014,0.00493058815,0.0021376413,0.6554692857453808,0.2461455064249745,0.4694236733457411,0.0,0.0,0.3245175233822169,0.2388414121310992,0.0,0.0,0.0,1
2025-05-16,-0.2975584156811237,0.09541662,0.004639901,0.33354106,0.0051720973,0.0064485385,0.53466566,0.007474995,0.0041489844999999,0.005924102,0.00256799945,0.8569512484019474,0.0,0.0,0.8129508361345242,0.0,0.0,0.0,0.0,0.0,0.0,1
2025-05-19,-0.4340291265398264,0.0016421953,0.004756166,0.3529022,0.005301483,0.006611785,0.6081427,0.007685121,0.004252991,0.006073,0.0026323004,0.1468074289403843,0.0,0.0,1.8690508374064407,0.0,0.0,0.1287377708863187,0.0,0.0,0.0,1
2025-05-21,-0.4509235578589142,0.0017332111,0.12376109,0.0070085414,0.005595494,0.006974691,0.8331832,0.0080684945,0.0044885203,0.006408593,0.0027781911,0.2801672509153217,0.0,0.0,0.7241958272757066,0.0,0.0,0.2739010633045651,0.0,0.0,0.4141332050374023,0
2025-05-22,-0.2471632212400436,0.00166070305,0.0048097522,0.13425323535,0.15909050635,0.0066889694,0.67262411,0.00776668325,0.004300921,0.006143236,0.00266196675,0.7214081291635459,0.0,0.0,0.4338587558571769,0.0,0.1684114685444275,0.1584381908726729,0.0,0.0,0.2843228085379615,0
2025-05-23,-0.4340811781585217,0.0012476085,0.0036136585,0.605812,0.004027649,0.22516446,0.1444733,0.0058180825,0.0032310544,0.0046124016,0.001999811,0.1971806411741744,0.0,0.0,0.0,0.0,0.9381945054409492,0.1588273563642247,0.0,0.0,0.2850211794606199,0
2025-05-27,-0.054964005947113,0.001357076,0.003930949,0.005491338,0.0043815104,0.32431397,0.22494537,0.0063374867,0.4220488,0.005018231,0.0021752783,0.6955171313055759,0.0,0.0,0.0,0.0,0.5,0.0,0.0,0.0,0.0,1
2025-05-28,-0.2162067778408527,0.0014670725,0.0760088905,0.0059407465,0.2101004,0.2279984235,0.433968695,0.00685703165,0.0037993795999999,0.0315076938,0.0023515933,0.8536529514235425,0.0,0.0,0.0,0.0,0.7981480787350181,0.1817752297599345,0.0,0.0,0.0,0
2025-05-29,-0.0341555476188659,0.0312757014999999,0.055462001,0.1491009673,0.2482249575,0.0057379673499999,0.08567193925,0.294981805,0.08318104875,0.0440799198499999,0.0022836823,0.1689487492054383,0.2457700012423993,0.3207955395193032,0.0,0.0,0.9502056561783548,0.0,0.0,0.0,0.0,1
2025-05-30,-0.4602846205234527,0.0013603544,0.0039400364,0.35780069,0.00439154515,0.05793880665,0.308462537,0.227331135,0.0035229969,0.0050296632,0.030222166,0.6398807844746525,0.0,0.3687224998358158,0.0,0.0,0.451794374760847,0.0,0.0,0.0,0.0,0
2025-06-02,-0.0107679963111877,0.0014183928,0.6726387,0.005743126,0.004579337,0.2922141,0.0055812085,0.006634202,0.0036733022,0.0052440627,0.0022735638,0.5,0.0,0.0,0.0,0.0,0.6491875643330522,0.0,0.0,0.0,0.0,1
2025-06-03,0.2089403122663498,0.0014183065,0.0041078604,0.0057360665,0.0045790127,0.9607866,0.0055754045,0.0066087823,0.0036730228,0.0052416646,0.0022734255,0.3262622239122374,0.0,0.0,0.0,0.0,0.8788838360867893,0.0,0.0,0.0,0.0,1
2025-06-04,0.0159724401310085,0.00168391595,0.00487704085,0.4759222915,0.00543615805,0.0067775075,0.1025805281,0.38943734475,0.0043609715,0.00622512585,0.002699175,0.6264049578317336,0.3958349635230274,0.219258041852838,0.0,0.0,0.0,0.3054745188272231,0.0,0.0,0.0,1
2025-06-05,0.0343393757939338,0.00156406285,0.23329472225,0.0063299301499999,0.111416656,0.00630822285,0.6214465,0.0072983603,0.0040505175,0.0057840462,0.0025070607,0.7930031539096839,0.0,0.0,0.0,0.0,0.0,0.0,0.0,0.0,0.4051532448333323,0
2025-06-06,-0.6074091196060181,0.0018944448,0.005486968,0.127008994,0.0061159385,0.0076268167,0.4827198012499999,0.354201986,0.00490618055,0.007002261,0.003036635,0.3241419078535505,0.0,1.0593349979045583,0.0,0.0,0.2966876488983672,0.0,0.0,0.0,0.0,1
2025-06-09,-0.2898797541856766,0.0017355593,0.0050268774,0.34402502,0.005603728,0.21777047,0.4040347,0.008111128,0.0044947453,0.006415809,0.002781955,0.5,0.0,0.0,0.3000256048550875,0.0,0.3552370181164211,0.1838240936087877,0.0,0.0,0.0,1
2025-06-10,-0.7442799806594849,0.0014176777,0.0041059097,0.0057336614,0.004576521,0.0057043713,0.9606792,0.0065993327,0.0036714098,0.005239609,0.0022724178,0.403318821033317,0.0,0.0,0.0,0.0,0.6790737152662378,0.0,0.0,0.0,0.5804976784979788,1
2025-06-12,-0.0347872795537114,0.0014180593,0.00410713,0.005737795,0.004577885,0.31142914,0.005584123,0.0066292225,0.003672479,0.005242597,0.65160155,0.1580666178174106,0.0,0.0,0.0,0.0,0.0,0.0,1.1519910239084703,0.0,0.0,1
2025-06-16,0.0022003035992383,0.00156056065,0.0045199062999999,0.15482701975,0.00503834925,0.176093211,0.23274259125,0.2118907323,0.0040414995,0.0057698265,0.203516305,0.3076788502449485,0.214931235785187,0.2624673612562307,0.0,0.1985480911301176,0.0,0.0,0.7031451997459905,0.0,0.0,1
2025-06-17,-0.3324667066335678,0.0014521778499999,0.00420594075,0.00587360565,0.0046883322,0.27039406,0.6483905799999999,0.00677764515,0.0037607798499999,0.00536847835,0.0490883726499999,0.9945912622072964,0.0,0.0,0.0,0.0,0.0,0.0,0.5,0.0,0.0,0
2025-06-18,-0.3781537059694529,0.0014517545,0.0042053291,0.0058797333499999,0.0046866171,0.22781243,0.00570848115,0.396493319,0.0037596987,0.00536665975,0.3446359695,0.3969576463437756,0.4720483848011974,0.0,0.0,0.1682832698894007,0.2202198530314456,0.0,0.6519910239084703,0.0,0.0,0
2025-06-20,0.0099980812519789,0.0015600306,0.004518279,0.0063071786,0.0050362316,0.5792669,0.006141413,0.0072775683,0.0040402007,0.005767265,0.380085,0.2217646367841448,0.0,0.0,0.0,0.0,0.0,0.0,0.6306603307636454,0.0,0.0,0
2025-06-23,0.0515124425292014,0.0014875577,0.0043085227,0.0060142227,0.004802431,0.6709693,0.124030046,0.176651,0.0038524142,0.0055001113,0.0023844293,0.5,0.0,0.0,0.0,0.0,0.0,0.0,0.5,0.0,0.0,1
2025-06-24,0.0851261839270592,0.0013672737999999,0.00396066965,0.0055291412499999,0.0044141345,0.15463575,0.617105815,0.00637168295,0.0035409125499999,0.005054917,0.19801969,0.9699274847477312,0.0,0.0,0.0,0.0,0.0,0.0,0.9558233712912092,0.0,0.0,1
2025-06-25,-0.3779236115515232,0.0015699323,0.004547091,0.13077141,0.08185329,0.5669791,0.0061744256,0.007338837,0.0040657,0.0058034966,0.19089676,0.5,0.0,0.0,0.0,0.0,0.4126110484924342,0.0,0.2824041831523997,0.0,0.0,0
2025-06-26,-0.3410004526376724,0.0015608431,0.0045209128499999,0.06700691425,0.0050391842,0.36454404,0.5377183999999999,0.00729435145,0.004042221,0.00577118125,0.00250189965,1.330339059110874,0.0,0.0,0.0,0.0,0.3466660654859131,0.0,0.0,0.0,0.0,1
2025-06-27,-0.6482183337211609,0.0013563298,0.003928123,0.005488389,0.0043784548,0.0054589906,0.0053375573,0.6016489,0.36521623,0.00501301,0.002174082,1.391079976155689,0.0,0.3239512429112154,0.0,0.0,0.0,0.0,0.0,0.0,0.0,1
2025-06-30,-0.4858245402574539,0.0010759607,0.003116192,0.1688085,0.0034739887,0.1976909,0.6123312,0.0050145425,0.0027864687,0.003977564,0.0017246742,1.22915637981043,0.0,0.0,0.0,0.0,0.5917643972229041,0.0,0.0,0.0,0.0,1
2025-07-01,0.0205240086652338,0.0014178001,0.0041068234,0.10259713,0.004576864,0.0057075927,0.0055851103,0.8648246,0.0036717108,0.005239736,0.0022726138,0.4389715020838142,0.3682615927870576,0.325631856737507,0.0,0.0,0.6359344164972051,0.0,0.0,0.0,0.0,0
2025-07-02,-0.2769407466985285,0.0014853902,0.0043020193,0.43793854,0.004795285,0.0059799915,0.0058416002,0.5279378,0.0038467688,0.0054916525,0.002380955,0.1548383050104956,0.0,0.6672035745206244,0.0,0.0,0.856753259637071,0.0,0.0,0.0,0.0,1
2025-07-03,-0.1403536051511764,0.0012994356,0.0037634508,0.0052590487,0.00419497,0.005230564,0.74387914,0.22612275,0.0033652473,0.004802587,0.0020828857,0.7333759148175191,0.0,0.7456306161062028,0.0,0.0,0.0,0.0,0.0,0.0,0.0,1
2025-07-07,0.0250169858336448,0.0012746377,0.358417835,0.0051608995,0.00411580565,0.225792405,0.08162127815,0.1831730449999999,0.1336842325999999,0.0047166703,0.0020431366,0.1484730892451385,0.2414673912328711,0.0,0.0,0.0,0.9000543586689036,0.1195938308933927,0.0,0.0,0.0,0
2025-07-08,-0.0003654658794403,0.1199179,0.005648741,0.2834323,0.006296441,0.4366458,0.0076696947,0.1250022,0.005050454,0.007210492,0.0031259714,0.0,0.2414673912328711,0.0,0.0,0.0,0.8818957548183867,0.2297911498136768,0.0,0.0,0.0,0
2025-07-09,-0.2709870366379618,0.0016893694,0.112403353,0.19063948675,0.00545390165,0.00680214795,0.2435265988,0.42615622,0.004375048,0.006245978,0.00270791655,0.3314579552443846,0.0,0.6730933441375153,0.0,0.0,0.5758935486982526,0.1922573317110778,0.0,0.0,0.0,1
2025-07-10,-0.4473608890548349,0.00152371495,0.1809326583,0.1127458115,0.00491922315,0.0427554246,0.63798416,0.0071180791,0.003945997,0.005632506,0.0024423863999999,0.2782350948123321,0.0,0.1618994046947472,0.0,0.0,0.8429856404487708,0.0,0.0,0.0,0.5374196822073836,1
2025-07-11,-0.0058127511292696,0.0014859167,0.3278474,0.0060172654,0.27081075,0.2288583,0.14632882,0.006926744,0.003848136,0.0054949694,0.002381799,0.2910610907811467,0.0,0.0,0.0,0.0,0.9065506628125072,0.0,0.0,0.0,0.0,0
2025-07-14,-0.2245385460555553,0.001736234,0.25522563,0.2153001,0.005605766,0.0070015127,0.4933493,0.0080824755,0.004496443,0.006419559,0.0027830363,0.3830640056750718,0.0,0.0,0.0,0.0,1.016190556790283,0.0,0.0,0.0,0.0,1
2025-07-15,-0.5987621694803238,0.0013664176,0.00395746085,0.37322832375,0.00441098915,0.0054986695,0.437933635,0.1189082886,0.0035386465,0.0489672891499999,0.00219025195,0.0,0.2058768073131154,0.0,0.0,0.348774574353979,0.6437011373940562,0.0,0.0,0.0,0.8568919804842362,0
2025-07-16,-0.4778245538473129,0.0022282808,0.006453445,0.0090163965,0.0071933307,0.008969502,0.93810326,0.010442962,0.0057707042,0.0082504,0.0035717462,0.6398923796339354,0.0,0.1874734281152833,0.0,0.1884047680543275,0.0,0.0,0.0,0.0,0.6609564466396866,1
2025-07-17,-0.7529281079769135,0.06236674,0.0050200378,0.007004574,0.005595559,0.0069747246,0.8912843,0.008079664,0.004488826,0.0064072097,0.0027783911,0.221298009621484,0.0,0.6468954466465116,0.0,0.0,0.0,0.0,0.0,0.0,0.8356029624253449,1
2025-07-18,-0.7768722772598267,0.0015607995,0.004520284,0.31408674,0.0050384607,0.006280993,0.64889246,0.007303393,0.0040420964,0.0057729194,0.0025018298,0.3132530928084019,0.0,0.2894369547104906,0.0,0.2203292291061475,0.0,0.4077085346763267,0.0,0.0,0.3214459995822961,0
2025-07-21,-0.3346621096134186,0.0017384128,0.00503496175,0.0070290974999999,0.0056118222999999,0.0069988987499999,0.951776445,0.008097074,0.0045020123,0.0064247915,0.002786529,0.2343392031900961,0.0,0.0,0.0,0.0,0.3719051589391637,0.1924493373830165,0.0,0.0,0.8936528443060353,1
2025-07-24,-0.4732266571372747,0.0015631041,0.004527156,0.73562014,0.0050463295,0.006292306,0.12231884,0.007299883,0.10904886,0.0057777883,0.0025055239,0.0,0.0,0.491622305333922,0.0,0.0,0.4195031842934712,0.2186645192034525,0.0,0.0,0.3924010359187447,1
2025-07-25,-0.2795088910497725,0.0018352087,0.0053153173,0.0074340226,0.005924911,0.0073881103,0.6931862,0.008561935,0.0047526835,0.26265997,0.0029416846,0.5,0.0,0.0,0.0,0.0,0.6957527646951956,0.0,0.0,0.0,0.0,1
2025-07-28,0.1340729072690009,0.0014856297,0.004303005,0.00601263,0.00479706,0.0059974957,0.0058466094,0.2383489,0.7253328,0.005494548,0.002381339,0.5935515300256874,0.0,0.0,0.0,0.0,0.8383229856880083,0.1726317234987783,0.2188319548359851,0.0,0.0,1
2025-07-29,-0.2909982800483703,0.00153017785,0.14612506275,0.0061885034999999,0.00494020115,0.3384607165,0.0806862985,0.3736620157,0.0039627640499999,0.041991551,0.0024527459499999,0.1720644226460046,0.2104300817200519,0.0,0.0,0.0,0.8914097892401188,0.3619756992619088,0.0,0.0,0.0,0
2025-07-30,-0.4325024979189038,0.001560357,0.0045193993,0.006309716,0.0050393445,0.0062871217,0.006131437,0.9578386,0.004040867,0.00577204,0.0025011208,0.0,0.4810941676649612,0.4377431638439409,0.0,0.0,0.0,0.4311322530385991,0.0,0.0,0.612373969512368,0
2025-07-31,-0.8486694693565369,0.0011988731,0.249816809,0.1710226427,0.0038703871,0.2419968509999999,0.1150519929999999,0.2075833799999999,0.0031047877999999,0.0044326351499999,0.00192169235,0.2262805252252183,0.0,0.2470649473274726,0.0,0.0,0.8711550022643808,0.0,0.0,0.0,0.0,0
2025-08-01,0.0329205160960554,0.00143008945,0.00414189905,0.72640881,0.2386666852,0.00576101235,0.005625844,0.0066835639999999,0.0037035686,0.0052862243,0.0022923127,0.1457929575905449,0.0,1.296618798690016,0.0,0.0,0.0,0.0,0.0,0.0,0.0,0
2025-08-04,-0.0017079208046197,0.00138717225,0.0040175575,0.483149568,0.00447812675,0.005582946,0.17852118235,0.3119202103499999,0.003592437,0.00512728625,0.00222351995,0.6802375492697673,0.1886621518339262,0.8885450028575133,0.0,0.0,0.0,0.1455947184135604,0.0,0.0,0.0,1
2025-08-05,-0.4054542854428292,0.0014514529499999,0.0042038792999999,0.005870649,0.004685875,0.00584395065,0.59659272,0.29877999735,0.00375889275,0.076486026,0.0023265565,0.3765977513258323,0.5439198095291695,0.2661194827648084,0.0,0.0,0.0,0.0,0.0,0.0,0.6337466616779324,0
2025-08-06,-0.413743495941162,0.00156757865,0.5157202,0.06426313085,0.00506080455,0.0858166289999999,0.241933555,0.007313074,0.0040595952,0.07175272075,0.0025126961,0.196556312384119,0.0,0.0,0.0,0.0,0.7483653349030651,0.38688535314799,0.0,0.0,0.0,1
2025-08-07,-0.2385479062795638,0.001575674,0.18359127265,0.2969541805,0.00508687765,0.006346459,0.244194309,0.249820125,0.00408061915,0.0058247394,0.0025256723,0.2263322384679871,0.2543845205110053,0.7061794299417488,0.0,0.0,0.366145099044704,0.0,0.0,0.0,0.0,0
2025-08-11,0.5014325231313705,0.0013574022,0.0039316495,0.00548937,0.004384671,0.00546465,0.48829246,0.006336317,0.0035153043,0.47905236,0.002175801,0.1471930161366625,0.0,0.2544576575175499,0.0,0.0,0.3822607515704578,0.69287116860912,0.0,0.0,0.3066619857892671,0
2025-08-12,-0.3531433641910553,0.0014877343,0.34516552,0.0060203383,0.004803136,0.16586432,0.45797226,0.0069460184,0.003852921,0.0055030948,0.0023847125,0.1191400148498633,0.0,0.1579000556826426,0.0,0.0,0.9600111176116464,0.0,0.0,0.0,0.0,1
2025-08-13,-0.8912435472011566,0.0015599409,0.0045183674,0.006309181,0.0050359764,0.0062780227,0.9567321,0.0072605037,0.004039783,0.005765638,0.0025004535,0.5001270576242627,0.0,0.0,0.0,0.0,0.3607874892276911,0.0,0.0,0.0,0.6814346660310602,1
2025-08-14,-0.7296387553215027,0.0016849567,0.0048803865,0.461527065,0.0054395857,0.0067820536,0.434943065,0.071448538,0.004363558,0.00622996035,0.0027008434,0.2801672509153217,0.0,0.5046984090358446,0.0,0.0,0.2339157758095765,0.0,0.0,0.0,0.6324524562677835,1
2025-08-15,-0.4115800741128623,0.0013560456,0.003927483,0.0054952325,0.004377903,0.0054634027,0.96233606,0.0063455906,0.0035119231,0.0050127273,0.0021736266,0.5305592123407615,0.0,0.0,0.0,0.0,0.2529869161865335,0.4312744140781224,0.0,0.0,0.3230314193158786,0
2025-08-18,0.0507324705831706,0.00168436805,0.0048785765,0.1836579670999999,0.0054381739,0.00679800065,0.372416725,0.411836284,0.00436204975,0.0062279623,0.00269989975,0.2801672509153217,0.0,0.0,0.0,0.0,0.0,0.5,0.0,0.0,0.4141332050374023,0
2025-08-19,0.0396501058712601,0.05081557875,0.00481005925,0.22339353375,0.0053616143,0.00668617675,0.211624284,0.484205928,0.00430097665,0.0061398665499999,0.0026620904,0.6907792654459456,0.0,0.4621723400160436,0.0,0.0,0.0,0.0,0.0,0.0,0.0,0
2025-08-20,-0.4342086035758257,0.00160939665,0.0046613135,0.00650658085,0.00519585415,0.0064780507,0.549273715,0.4135771205,0.0041678923,0.0059503543499999,0.0025797269,0.419328524784982,0.7782365927453585,0.0,0.0,0.0,0.0,0.146754719636292,0.0,0.0,0.4141332050374023,0
2025-08-21,-0.4598050136119128,0.0015602154,0.0045186692,0.12882272375,0.0050371405499999,0.006279649,0.279947285,0.4567021,0.10886478725,0.0057664866499999,0.0025008936,0.0,0.0,0.5,0.0,0.0,0.0,0.0,0.0,0.0,0.0,0
2025-08-22,-0.2771153673529624,0.0012996637,0.0037640133,0.005254343,0.004195585,0.005230187,0.0051229135,0.9648811,0.0033657812,0.0048031937,0.0020832513,0.5,0.9320654809210224,0.0,0.0,0.0,0.0,0.0,0.0,0.0,0.0,1
2025-08-25,-0.7464613616466522,0.0015640018,0.0045297167499999,0.2736166992,0.005049206,0.00629457515,0.1573845565,0.539222765,0.0040503589,0.0057811535,0.00250696275,0.4215919322514166,0.7471155850368065,0.0,0.0,0.4567687485477318,0.0,0.0,0.0,0.0,0.0,0
2025-08-26,-0.5133722126483917,0.0015637312,0.0045290803,0.00632960035,0.0050484434999999,0.00629482035,0.79355943,0.1703377872499999,0.00404966625,0.0057809318,0.0025065291,0.6927556365344976,0.0,0.0,0.0,0.0,0.2766579554841425,0.3814289059028458,0.0,0.0,0.5951776774602194,1
2025-08-27,0.0007367362268269,0.0014858632,0.0043035205,0.006013701,0.004796822,0.005980113,0.0058432445,0.9598549,0.0038480253,0.0054919855,0.0023817134,0.2994939621301603,0.2871185688051293,0.6945245939188874,0.0,0.0,0.0,0.1428843362852847,0.0,0.0,0.7291810581506663,1
2025-08-28,-0.3421017196960747,0.0306599057,0.0046608168,0.42470449075,0.0051949566999999,0.00647622965,0.50810918,0.0074987914,0.0041675086,0.00594867825,0.0025794933,0.5295937931467308,0.0,0.5334085347438493,0.0,0.0,0.0,0.3016748744249531,0.0,0.0,0.3302615800310695,1
2025-08-29,-0.8303645849227905,0.0010755858,0.0031151965,0.2140209,0.0034721408,0.0043286313,0.47399563,0.2915073,0.0027854836,0.003975091,0.0017240733,0.7101806310116616,0.0,0.0,0.0,0.0,0.3211494969898086,0.0,0.0,0.0,0.6471251299946428,0
2025-09-02,0.1947421468794345,0.0013331115999999,0.0038609830999999,0.406897368,0.00430381925,0.00536553445,0.35175776,0.21596471225,0.0034524265,0.0049274285,0.00213686535,0.5433068989775385,0.3444880987151803,0.5989622397567473,0.0,0.0,0.0,0.1700872138323466,0.0,0.0,0.0,0
2025-09-03,-0.0814466048032045,0.0013565809,0.0039290574,0.005489191,0.0043795312,0.0054613792999999,0.51408511,0.40848200275,0.0035131548,0.0511294667,0.00217448465,0.3249541279383995,0.5,0.0,0.0,0.0,0.0,0.0,0.0,0.0,0.380006335125869,1
2025-09-04,-0.2097565904259681,0.0014895369,0.0043139579,0.25384121815,0.00480856265,0.005994844,0.1149019145,0.6028990399999999,0.00385749175,0.00550584865,0.002387602,0.1514553668845423,0.3561296527760519,0.8165958658218351,0.0,0.0,0.0,0.0,0.0,0.0,0.0,1
2025-09-05,0.0094195017591118,0.001421051,0.0041156178,0.1781283428,0.0045875645,0.0057206262499999,0.18836164025,0.60645463,0.00368019025,0.00525247815,0.0022778247999999,0.3083471400397114,0.6449904681271272,1.4246639748017091,0.0,0.0,0.0,0.0,0.0,0.0,0.0,0
2025-09-08,-0.3773983269929886,0.08660696385,0.00441933675,0.00616969635,0.00492650855,0.0061418094999999,0.56783554,0.28265286125,0.0039516041,0.00564146815,0.03165419585,0.2975827998048145,0.637686632142622,0.0,0.0,0.0,0.0,0.5938084466602789,0.0,0.0,0.0,1
2025-09-09,-0.6210553646087646,0.0016428442,0.0047582584,0.0066478276,0.0053049773,0.00661759,0.5922847,0.36978036,0.0042545847,0.0060754907,0.0026333404,0.7970117655490871,0.3230660121018874,0.285013014746084,0.0,0.0,0.0,0.0,0.0,0.0,0.3172186697121004,1
2025-09-10,-0.0760672353208065,0.0015461905,0.00447841685,0.0062539578,0.0049916686499999,0.00622483965,0.558328365,0.330901012,0.00400421695,0.08079296435,0.0024784127,0.2234268535697314,0.5,0.0,0.0,0.0,0.0,0.3016748744249531,0.0,0.0,0.3302615800310695,1
2025-09-11,-0.2676636576652527,0.00145204825,0.0313735568,0.0058770127999999,0.00468767385,0.005844807,0.35994942,0.5793597100000001,0.0037604403,0.0053678319999999,0.0023275106,0.2452829677608421,0.7096534796048237,0.4833303180020645,0.0,0.0,0.0,0.3503836085559827,0.0,0.0,0.0,1
2025-09-12,-0.6660828739404678,0.0014298685,0.00414120905,0.24911168465,0.0046163364499999,0.00575770475,0.294001226,0.429660425,0.00370303615,0.005286491,0.0022919585499999,0.2345915843219642,1.0104277497707883,0.0,0.0,0.0,0.0,0.5567744222185185,0.0,0.0,0.0,0
2025-09-15,0.4863578677177428,0.00132814835,0.0038465435999999,0.0053684734499999,0.15086029715,0.00534956975,0.08842587385,0.734343475,0.00343953485,0.00490921,0.00212890965,0.0,0.7975288905730851,0.2977280453217381,0.0,0.0,0.0,0.3054745188272231,0.0,0.0,0.0,1
2025-09-16,-0.6749147772789001,0.0014887738,0.00431179,0.1331015405,0.0048062374999999,0.0059937045,0.447413515,0.391139215,0.00385553385,0.00550332475,0.0023863787,0.3653745373456631,0.8390324665241904,0.3411591398394955,0.0,0.0,0.0,0.1627598992678444,0.0,0.0,0.2109979761401978,0
2025-09-17,0.1221301108598708,0.0012263195,0.04460327275,0.004958852,0.0039590606,0.0049364582,0.19579958,0.70897075,0.0031758342,0.0304041905,0.0019656865,0.5972524387407484,0.7666822415786014,0.0,0.0,0.0,0.0,0.0,0.0,0.0,0.0,0
2025-09-18,-0.4511654954403639,0.00169763165,0.0463128815,0.006863251,0.0054803174,0.0068329419,0.56897873,0.3504414625,0.0043964145,0.0062751891,0.0027211603,0.2801672509153217,0.0,0.0,0.0,0.0,0.0,0.0,0.0,0.0,0.4141332050374023,1
2025-09-19,-0.1405954957008361,0.0017346662,0.0050239596,0.20976275,0.0056013893,0.4935105,0.006820246,0.008112693,0.0044923304,0.2621609,0.0027805234,0.7055912891835294,0.0,0.0,0.0,0.0,0.0,0.7010413113792735,0.0,0.0,0.0,1
2025-09-22,-0.7078437805175781,0.00148984375,0.00431514365,0.0060300588,0.004810048,0.1084360299999999,0.824031145,0.006953318,0.0038582996999999,0.00551090335,0.0345651882,0.7263870364077659,0.0,0.0,0.0,0.0,0.0,0.6869984051281302,0.0,0.0,0.0,1
2025-09-23,0.0190602233633398,0.0015677308,0.0045407376,0.3497331035,0.0050617679999999,0.00631784615,0.15557323265,0.426581065,0.00406005305,0.044051514,0.0025129401,0.8986591354193443,0.5217861510557233,0.1541504039783056,0.0,0.0,0.0,0.0,0.0,0.0,0.0,0
2025-09-24,-0.4415673520416021,0.0016266043,0.03444587675,0.1036943332499999,0.005252484,0.2130040456,0.62155588,0.00758498575,0.00421250635,0.0060159149499999,0.0026073094,0.2801672509153217,0.0,0.0,0.0,0.0,0.0,0.0,0.0,0.0,0.4141332050374023,0
2025-09-25,-0.4589733160100877,0.00142112415,0.00411588335,0.46490146,0.0045879944999999,0.0493884525,0.1501479158499999,0.3142254465,0.00368046085,0.00525336015,0.002277942,0.1414095074885703,0.0,1.6182781585215933,0.0,0.0,0.0,0.0,0.0,0.0,0.0,0
2025-09-26,0.0020693857222795,0.0015447392,0.0044739765,0.067182358,0.00498699885,0.00622286065,0.4700445199999999,0.300662288,0.0040005125,0.138405603,0.0024760866,0.357448422229839,0.0,0.938978644920671,0.0,0.0,0.0,0.3592009177315052,0.0,0.0,0.0,1
2025-09-29,0.0901906266808509,0.0014861568499999,0.00430431635,0.00601710125,0.00479804515,0.08843146625,0.476786975,0.278608297,0.0038487888,0.13333668315,0.00238218395,1.3566723470998203,0.0,0.0,0.0,0.0,0.0,0.0,0.0,0.0,0.0,1
2025-09-30,0.0649958457797765,0.00108764875,0.0031504035999999,0.2130758462999999,0.0035118214999999,0.2483045955,0.2198470918,0.30244069,0.0028167443,0.0040217141,0.0017434091,0.5668556199155776,0.2685661614136616,0.7459302789065851,0.0,0.0,0.2562503805605381,0.0,0.0,0.0,0.1882550590176324,1
2025-10-01,-0.0960877784527838,0.06403504665,0.0044780281999999,0.4162620445,0.2843955085,0.0062300122,0.1242737211999999,0.00722444275,0.0040040078,0.0866188723,0.00247826955,0.7125930980749074,0.0,0.3174711102378457,0.0,0.0,0.0,0.3788398608653534,0.0,0.0,0.0,1
2025-10-02,0.0005942620337009,0.00169758935,0.00491678995,0.29896245735,0.00548076865,0.05103510985,0.4334205419999999,0.191089316,0.00439633975,0.00628002715,0.0027210923,0.6068398316820101,0.0,0.3813250579603853,0.0,0.0,0.0,0.5545265157106172,0.0,0.0,0.0,1
2025-10-03,-0.7776177227497101,0.00147252065,0.0273478473,0.0059680463,0.09979202425,0.0059330157499999,0.48824373,0.08213188575,0.2482485044,0.00544701675,0.0354153996,1.2311347032743445,0.2363250762080846,0.183125374519896,0.0,0.0,0.0,0.1390605968287202,0.2484526965081418,0.0,0.2589217677148725,1
2025-10-06,-0.1454899180680513,0.0016540249,0.0047904239,0.00669465165,0.0053399342,0.1517966578,0.48442049,0.1479247669999999,0.00428354825,0.00611511105,0.1869803915,0.8360308918696112,0.0,0.0,0.0,0.0,0.0,0.0,0.8528413927791376,0.0,0.0,1
2025-10-07,-0.2448828816413879,0.0015236457,0.2540575682,0.0061685708,0.0319841927,0.00614401605,0.28256819,0.405531462,0.00394588915,0.00563413325,0.00244227555,0.7017810314573232,0.301724407420697,0.2773476272197494,0.0,0.0,0.0,0.2864274352121391,0.0,0.0,0.0,0
2025-10-08,-0.4735122844576835,0.0014213968,0.145390411,0.0842542781999999,0.0045888492,0.00572363125,0.3407784438,0.406628511,0.0036810265,0.00525512,0.00227837905,0.3073182917345846,0.4220646246480097,0.2680698651858031,0.0,0.0,0.0,0.5555892046297962,0.0,0.0,0.0,1
2025-10-09,-0.2592149535194039,0.0013011912,0.46614453,0.26319578,0.004200797,0.15830421,0.0905222,0.0060643563,0.0033697248,0.004811586,0.0020856997,0.2602271777670799,0.0,0.0,0.0,0.0,1.1338072529982663,0.0,0.0,0.0,0.0,0
2025-10-10,0.0150781176052987,0.0014871914,0.004307203,0.006010883,0.0048014205,0.0059878016,0.20380998,0.006929883,0.0038514433,0.76043034,0.0023838424,0.8459399270413981,0.0,0.0,0.3200603698260105,0.2079879466855399,0.3046215776525559,0.0,0.0,0.0,0.0,0
2025-10-13,-0.3906715661287308,0.00173875125,0.0050361469,0.1538052975,0.00561335275,0.14606298275,0.533577965,0.0081181185,0.0045029726,0.00642970825,0.1351146812499999,0.5019405709768942,0.0,0.0,0.0,0.0,0.5588711624760133,0.2167372132005126,0.3872336684967107,0.0,0.0,1
2025-10-14,-0.375887580215931,0.0014851821,0.0043013575,0.0060050823,0.004794635,0.0059773703,0.8115129,0.0069245296,0.0038462072,0.15277214,0.0023806216,0.2657622277777309,0.0,0.0,0.0,0.4558189986950825,0.0,0.0,0.0,0.0,0.2686492749568635,0
2025-10-15,-0.731431782245636,0.001643124,0.004758835,0.006644091,0.0053043505,0.006620915,0.79704785,0.007670283,0.0042552617,0.16342151,0.002633789,0.0,0.0,0.0,0.0,0.2734438218593582,0.0,0.2905625196006823,0.0,0.0,0.8255101475785941,1
2025-10-16,0.0134678939357399,0.2364476738499999,0.076799966,0.00647776715,0.00517039575,0.0064466264,0.64855113,0.00746690885,0.00414736735,0.00592513985,0.00256702395,0.224246780443662,0.0,0.1854705490575618,0.4838003162110638,0.1262428375555405,0.0,0.0,0.0,0.0,0.5729553175546662,0
2025-10-17,0.0060928813181817,0.0300009508,0.00489112275,0.4359453555,0.0054523837,0.080431842,0.297087635,0.132867466,0.0043735008,0.0062427287,0.0027069815,0.0,0.3406843976724569,0.2545792029462285,0.0,0.0,0.0,0.7629136181520809,0.0,0.0,0.0,1
2025-10-20,-0.0413055419921875,0.0016421637,0.0047561317,0.006636036,0.0053013614,0.006614435,0.7435949,0.21849856,0.0042527616,0.0060714683,0.0026322498,0.0,0.2990244883651821,0.0,0.0,0.0,0.0,0.230763752872974,0.0,0.0,0.3276163086873454,1
2025-10-21,-0.3342103958129883,0.0015601167,0.063495451,0.0063110578499999,0.005036359,0.0062795435,0.680316625,0.0684139837,0.160318964,0.0057672257,0.0025007353,0.5355362774192096,0.1962608340133254,0.0,0.0,0.0,0.0,0.5514289954595959,0.2706039320549054,0.0,0.3760145600028397,1
2025-10-22,0.0123319230042397,0.0014940168,0.00432718195,0.0060408326499999,0.00482358115,0.0060186805,0.9296942,0.03581468515,0.0038690925499999,0.0055229279,0.0023947826999999,0.5455980375492363,0.0,0.1718775946484433,0.0,0.0,0.0,0.0,0.0,0.0,1.350439571121379,0
2025-10-23,-0.3288249671459198,0.00156407735,0.00452985325,0.37234745,0.00504940655,0.00630269595,0.419018195,0.178846765,0.0040505587,0.00578394665,0.0025070839,0.7564402538309378,0.2323559947434816,0.624151121513871,0.0,0.0,0.0,0.1793142148413494,0.0,0.0,0.0,1
2025-10-24,-0.3549689650535583,0.0011993529,0.0034735338,0.0048502767,0.003871866,0.0048289252,0.6367865,0.33552805,0.0031060297,0.004433028,0.0019224613,0.2345915843219642,0.5631416224005019,0.0,0.0,0.0,0.0,0.1695614674654795,0.0,0.0,0.0,1
2025-10-27,0.3252050876617431,0.0017328608,0.0050186724,0.0070003136,0.0055939984,0.006976373,0.8456015,0.11440696,0.0044876165,0.006404171,0.0027776295,0.0,0.2990244883651821,0.0,0.0,0.0,0.0,0.230763752872974,0.0,0.0,0.3276163086873454,1
2025-10-28,0.3181275725364685,0.0014851996,0.0043013734,0.0060048606,0.0047942866,0.0059756525,0.90301317,0.062709935,0.0038462582,0.005488645,0.0023806496,0.3167172825181578,0.1951674752269639,0.1512328592822332,0.0,0.0,0.0,0.5,0.0,0.0,0.5236433576097661,1
2025-10-29,0.4510169848799705,0.00135740745,0.00393132585,0.005492507,0.00438227805,0.0054639163,0.39178512,0.440398292,0.0035153518,0.14149796675,0.0021758096,0.4544465941326941,0.8359220549051355,0.0,0.0,0.0,0.0,0.5351439362050938,0.0,0.0,0.0,0
2025-10-31,-0.4163783416152,0.0014956496,0.00433177445,0.36370603,0.00483024925,0.183610324,0.279553158,0.1506724039999999,0.003873334,0.0055297075,0.00239739995,0.2650267479962818,0.2858242132680618,0.0,0.0,0.0,0.0,0.0,0.0,0.0,0.3131538630708693,1
2025-11-03,0.0110406638123094,0.032575151,0.0054826992,0.3999676445,0.0061118912,0.00762508675,0.4765392075,0.008827389,0.0528385525,0.0069979664999999,0.0030343966999999,1.0,0.0,0.0,0.0,0.0,0.0,0.0,0.0,0.0,0.0,1
2025-11-04,0.0116439065895974,0.00184148085,0.00533325825,0.00745337515,0.0059449279,0.0074279262499999,0.94885025,0.008619808,0.004768902,0.00680832735,0.0029517383,0.7682117933006991,0.0,0.1751798488596782,0.0,0.0,0.0,0.5392082333492844,0.0,0.0,0.3130819938390363,0
2025-11-05,0.0141407065093516,0.00130953215,0.08658375625,0.241638799,0.2393575315,0.1246677797,0.139800165,0.117280953,0.0424201046999999,0.00484236015,0.00209906955,0.1617907617735055,0.1825218764507694,0.5788157540278636,0.0,0.0,0.7848115085228526,0.1878341843243141,0.0,0.0,0.0,1
2025-11-06,-0.4530630637891591,0.00149005795,0.0043156062,0.04905338535,0.00481142595,0.0060054233,0.50151821,0.3652650985,0.0038588738999999,0.0055122300999999,0.0581696609,0.6550995064803318,0.4766641686183446,0.0,0.0,0.0,0.0,0.2352637187648683,0.0,0.0,0.4141332050374023,0
2025-11-07,0.0072603751905262,0.0016025248,0.0046414384,0.4392455474,0.00517404625,0.0664512204999999,0.33978741,0.1304537741,0.0041501023,0.0059252713,0.002568712,0.0,0.0,0.0,0.0,0.0,0.0,0.5,0.0,0.0,0.0,1
2025-11-10,0.0183250717818736,0.00142217875,0.0041189149,0.0057515815,0.1842687545,0.1271426317499999,0.2224086029999999,0.006642723,0.4407061597,0.0052588085,0.0022796325,0.7623172996375873,0.0,0.1558143572304586,0.0,0.0,0.0,0.160915408428525,0.0,0.0,0.0,1
2025-11-11,-0.0128035433590412,0.0017832565,0.00516475565,0.007212,0.2011694605,0.0071871498,0.75507,0.0083410615,0.0046182638,0.0065956852,0.0028584096,0.9217406795729566,0.0,0.1888608927350421,0.2932802874556955,0.0,0.0,0.1950438215759901,0.0,0.0,0.0,1
2025-11-12,0.410673625767231,0.0015640059,0.00452982615,0.0063260906499999,0.2313537905,0.22847879,0.1519838077,0.0072928392,0.0040503555,0.361913565,0.0025069695,0.5,0.0,0.0,0.0,0.0,0.0,0.0,0.0,0.0,0.0,1
2025-11-13,0.0404352564364671,0.0430753793999999,0.0041440676499999,0.1570825972499999,0.14657248,0.00576411085,0.216330736,0.4157399519999999,0.00370528045,0.0052920564,0.0022933757999999,0.3577383807276321,0.0,1.1054144775274424,0.0,0.0,0.0,0.1950341488719525,0.0,0.0,0.0,0
2025-11-14,0.0720470678061246,0.04277008715,0.0046622137,0.1062913707999999,0.00519692865,0.0064830219,0.343352279,0.478543615,0.004168806,0.0059514339,0.0025802895,1.1995572017087657,0.2058672492529582,0.6881969055165349,0.0,0.0,0.0,0.0,0.0,0.0,0.0,0
2025-11-17,0.0120961139909922,0.0015595552,0.0045169047,0.0063120336,0.005034749,0.0062766303,0.9567222,0.007269274,0.004038821,0.0057699904,0.0024998353,0.5147648360615712,0.0,0.177266648494772,0.0,0.0,0.0,0.8060387527254991,0.0,0.0,0.2969737519489304,0
2025-11-18,0.0302735390141605,0.0017183824,0.004976802,0.230745999,0.0055476809,0.006917949,0.3449183999999999,0.3916173344999999,0.0044501429499999,0.0063529272,0.0027544219,0.3476101687401406,0.8795536216960281,0.0,0.0,0.3956886195857194,0.0,0.0,0.0,0.0,0.0,0
2025-11-19,-0.086746722459793,0.0014178252,0.004106468,0.8690551,0.0045772665,0.005706475,0.0055770343,0.006634144,0.09540921,0.005243735,0.002272654,0.0,0.0,0.7858743230442116,0.0,0.0,0.0,0.2433859757201033,0.0,0.0,0.4367645439167117,1
2025-11-20,-0.1102538863196968,0.0012486705,0.0036167207,0.0050486294,0.004031482,0.0050351224,0.9653459,0.0058195237,0.0032337294,0.0046186945,0.0020015133,0.1652538360765647,0.0,0.0,0.0,0.0,0.0,0.5,0.0,0.0,0.6670214203196752,0
2025-11-21,-0.0083705023862421,0.00132893805,0.0038490219,0.0053718444,0.00429043035,0.0053506713,0.52590326,0.28443977,0.00344161985,0.1638942478,0.0021301755,0.4431871862052031,0.5,0.0,0.3895935131584581,0.0,0.0,0.0,0.0,0.0,0.0,1
2025-11-24,0.4471348039805889,0.0013024809,0.0037722206,0.0052654778,0.0042056479999999,0.0052452865,0.797571115,0.172362,0.0033730747999999,0.0048149761999999,0.0020877668499999,1.097766222298308,0.2346537452552669,0.0,0.0,0.0,0.3696305963177746,0.0,0.0,0.0,0.0,1
2025-11-25,0.0942040383815765,0.00161020475,0.00466351605,0.3769209239,0.00519837085,0.0064845835,0.40170691,0.15218616,0.04269539565,0.00595300645,0.00258102225,0.6567783664912734,0.0,0.0,0.0,0.0,0.0,0.5,0.0,0.0,0.0,1
2025-11-26,-0.3336685299873351,0.0015596932,0.0045170784,0.006307927,0.005034959,0.0062764985,0.9567335,0.0072670653,0.0040392466,0.0057638283,0.0025000565,1.6092076589542312,0.0,0.0,0.0,0.0,0.0,0.0,0.0,0.0,0.0,1
2025-11-28,-0.7639872431755066,0.00145823985,0.0042233691,0.2848564529999999,0.0047084428499999,0.0058699814,0.68057455,0.00680463805,0.0037765075499999,0.0053904693,0.0023374354,1.4061230099948263,0.0,0.3779497551290315,0.0,0.0,0.0,0.0,0.0,0.0,0.0,1
2025-12-01,0.0584154725074768,0.0013607509999999,0.0039409769,0.005501928,0.252948255,0.00548072345,0.39017826585,0.32985395,0.0035239820999999,0.005030077,0.0021811688,0.3812000791028072,0.640614464597721,0.1892556525547545,0.0,0.0,0.0,0.3235529318241662,0.0,0.0,0.0,0
2025-12-02,0.1104843616485595,0.0497847215,0.00421405915,0.13380999885,0.0344378422,0.00585764135,0.1762916198,0.57262552,0.0152658464,0.005380611,0.0023321931,0.1249656780961651,0.8200936264383115,0.5624333601130673,0.0,0.0,0.0,0.4061197350226007,0.0,0.0,0.0,1
2025-12-03,-0.771744430065155,0.0015297254,0.00443039585,0.00618175175,0.0049381947,0.00615618325,0.57286394,0.3918324002,0.00396159245,0.00565380815,0.00245202065,0.4512494118806911,0.5991959509068323,0.0,0.0,0.0,0.0,0.1804173953650301,0.0,0.0,0.4141332050374023,1
2025-12-04,-0.7519561946392059,0.0014882458,0.0043103537,0.22756231,0.004804967,0.0059944894,0.0058550104,0.73824173,0.0038541602,0.0055032815,0.0023855323,0.4205418235582717,0.2047097830064209,0.6140941659504431,0.0,0.0,0.0,0.0,0.0,0.0,0.4111917535171143,1
2025-12-05,-0.6404047608375549,0.0013589438,0.003935805,0.0054983487,0.00438741,0.0054741995,0.26870918,0.6999153,0.0035193304,0.005023275,0.002178272,0.3328510902291806,0.0,0.2959179505358197,0.0,0.0,0.373108766626095,0.0,0.0,0.3284353465937194,0.2335867925601605,1
2025-12-08,-0.1128099709749222,0.00157608155,0.0045648357499999,0.006372248,0.00508895915,0.0063459213,0.64054023,0.3230766455,0.0040816176,0.0058272197499999,0.00252632575,0.2801672509153217,0.4483307547807775,0.0,0.0,0.0,0.0,0.2213583843401878,0.0,0.0,0.4141332050374023,0
2025-12-09,0.2006964227184653,0.0015307227,0.00443337735,0.0061949256999999,0.0049425444,0.00616351065,0.3938725449999999,0.48470888985,0.003964176,0.0917357267,0.0024536194,0.7189973749328822,0.622719818189285,0.0,0.0,0.0,0.0,0.3274920497084141,0.0,0.0,0.0,0
2025-12-10,0.465706169605255,0.0013094754,0.0037925666,0.0052956524999999,0.0042273635,0.00527377315,0.097319055,0.700305255,0.003391191,0.17698671385,0.0020989785,0.2359487068783639,1.2099946449592591,0.152198157924726,0.2190770365335783,0.2576204207138405,0.0,0.0,0.0,0.0,0.0,1
2025-12-11,0.0219111377373337,0.0015253000999999,0.00441767515,0.0331439965,0.00492463685,0.0061405565,0.58658118,0.3185664005,0.0039501187,0.038305197,0.00244492725,1.2895593225447577,0.0,0.0,0.0,0.0,0.0,0.1873837751800919,0.0,0.0,0.0,1
2025-12-12,-0.4325775131583215,0.0016015373,0.0046382984,0.302362269,0.00517031775,0.00644926005,0.20595555015,0.461188685,0.0041475764,0.005919382,0.00256712905,0.5451011397328243,0.707559823279097,0.1453676245120634,0.0,0.0,0.0,0.2720353068424964,0.0,0.0,0.0,0
