date,top_feature,top_feature_category,top_feature_shap_adjusted,top_feature_shap_raw
2016-01-04,global_markets_commodities,lda_topic,-0.045237676482647655,-0.009011489
2016-01-05,sentiment_score,sentiment,-0.026621082797646523,-0.026621083
2016-01-06,tf_currency_fx,tfidf,-0.03367695601657033,-0.007150097
2016-01-07,sentiment_score,sentiment,-0.0305667482316494,-0.030566748
2016-01-08,sentiment_score,sentiment,0.04424663260579109,0.044246633
2016-01-11,sentiment_score,sentiment,0.04828553646802902,0.048285536
2016-01-12,sentiment_score,sentiment,-0.025468789041042328,-0.025468789
2016-01-13,sentiment_score,sentiment,-0.028090227395296097,-0.028090227
2016-01-14,global_markets_commodities,lda_topic,-0.028783068824559447,-0.005733679
2016-01-15,sentiment_score,sentiment,0.04339086264371872,0.043390863
2016-01-19,sentiment_score,sentiment,-0.024050701409578323,-0.024050701
2016-01-20,sentiment_score,sentiment,-0.02446901798248291,-0.024469018
2016-01-21,sentiment_score,sentiment,-0.029314009472727776,-0.02931401
2016-01-22,sentiment_score,sentiment,0.02420753799378872,0.024207538
2016-01-25,oil_energy_markets,lda_topic,0.017842577514238653,0.0035542983
2016-01-26,us_foreign_policy_geopolitics,lda_topic,-0.03779382120817899,-0.0075286496
2016-01-27,global_markets_commodities,lda_topic,-0.04743622180074453,-0.009449447
2016-01-28,sentiment_score,sentiment,0.034695371985435486,0.034695372
2016-01-29,tf_macro_economy,tfidf,0.03276672047562897,0.006956841
2016-02-01,global_markets_commodities,lda_topic,-0.04757905036211013,-0.0094778985
2016-02-02,sentiment_score,sentiment,-0.028373798355460167,-0.028373798
2016-02-03,global_markets_commodities,lda_topic,-0.03860354460775852,-0.007689949
2016-02-04,tf_bonds_credit_ratings,tfidf,0.020629239887930452,0.004379881
2016-02-05,sentiment_score,sentiment,-0.029260611161589622,-0.029260611
2016-02-08,sentiment_score,sentiment,0.0336763858795166,0.033676386
2016-02-09,global_markets_commodities,lda_topic,-0.04611244648694992,-0.009185746
2016-02-10,global_markets_commodities,lda_topic,-0.06958697274327277,-0.013861947
2016-02-11,us_foreign_policy_geopolitics,lda_topic,-0.025978247821331023,-0.0051749498
2016-02-12,sentiment_score,sentiment,0.047199737280607224,0.047199737
2016-02-16,sentiment_score,sentiment,-0.026671772822737694,-0.026671773
2016-02-17,sentiment_score,sentiment,0.049721602350473404,0.049721602
2016-02-18,sentiment_score,sentiment,0.03523831441998482,0.035238314
2016-02-19,us_foreign_policy_geopolitics,lda_topic,-0.023886489644646642,-0.004758265
2016-02-22,sentiment_score,sentiment,0.03355531021952629,0.03355531
2016-02-23,global_markets_commodities,lda_topic,-0.054213177561759945,-0.010799438
2016-02-24,sentiment_score,sentiment,-0.024435093626379967,-0.024435094
2016-02-25,global_markets_commodities,lda_topic,-0.053006947115063666,-0.010559153
2016-02-26,tf_macro_economy,tfidf,0.03276672047562897,0.006956841
2016-02-29,global_markets_commodities,lda_topic,-0.046498233210295434,-0.009262596
2016-03-01,sentiment_score,sentiment,0.04487781971693039,0.04487782
2016-03-02,global_markets_commodities,lda_topic,-0.04757905036211013,-0.0094778985
2016-03-03,sentiment_score,sentiment,0.04723840951919556,0.04723841
2016-03-04,sentiment_score,sentiment,0.04446741193532944,0.044467412
2016-03-07,global_markets_commodities,lda_topic,-0.0582912766188383,-0.011611808
2016-03-08,sentiment_score,sentiment,-0.028835026547312737,-0.028835027
2016-03-09,global_markets_commodities,lda_topic,-0.06958697274327277,-0.013861947
2016-03-10,tf_macro_economy,tfidf,0.03276672047562897,0.006956841
2016-03-11,tf_bonds_credit_ratings,tfidf,-0.023641079175285996,-0.0050193374
2016-03-14,sentiment_score,sentiment,-0.024315057322382927,-0.024315057
2016-03-15,sentiment_score,sentiment,-0.028184203431010246,-0.028184203
2016-03-16,sentiment_score,sentiment,0.04603610932826996,0.04603611
2016-03-17,global_markets_commodities,lda_topic,-0.04611244648694992,-0.009185746
2016-03-18,sentiment_score,sentiment,-0.028945760801434517,-0.02894576
2016-03-21,sentiment_score,sentiment,0.03667324781417847,0.036673248
2016-03-22,sentiment_score,sentiment,-0.027121245861053467,-0.027121246
2016-03-23,tf_bonds_credit_ratings,tfidf,-0.03612492011860013,-0.0076698344
2016-03-24,sentiment_score,sentiment,-0.025970593094825745,-0.025970593
2016-03-28,sentiment_score,sentiment,-0.02908652275800705,-0.029086523
2016-03-29,tf_macro_economy,tfidf,0.03204582947306335,0.0068037855
2016-03-30,tf_bonds_credit_ratings,tfidf,0.019254953409545122,0.0040881005
2016-03-31,global_markets_commodities,lda_topic,-0.04095353495329618,-0.008158075
2016-04-01,us_foreign_policy_geopolitics,lda_topic,-0.023886489644646642,-0.004758265
2016-04-04,sentiment_score,sentiment,-0.0273453239351511,-0.027345324
2016-04-05,global_markets_commodities,lda_topic,-0.04204271143302321,-0.008375042
2016-04-06,sentiment_score,sentiment,-0.028264876455068588,-0.028264876
2016-04-07,tf_bonds_credit_ratings,tfidf,-0.015296813633758575,-0.0032477311
2016-04-08,global_markets_commodities,lda_topic,-0.03431940307840704,-0.0068365345
2016-04-11,sentiment_score,sentiment,0.0462489053606987,0.046248905
2016-04-12,sentiment_score,sentiment,0.047034770250320435,0.04703477
2016-04-13,sentiment_score,sentiment,0.04418835788965225,0.044188358
2016-04-14,sentiment_score,sentiment,-0.02326866239309311,-0.023268662
2016-04-15,sentiment_score,sentiment,0.035408418625593185,0.03540842
2016-04-18,sentiment_score,sentiment,-0.029239876195788383,-0.029239876
2016-04-19,oil_energy_markets,lda_topic,0.0155611530598253,0.0030998313
2016-04-20,sentiment_score,sentiment,-0.026930321007966995,-0.026930321
2016-04-21,sentiment_score,sentiment,0.03291808068752289,0.03291808
2016-04-22,sentiment_score,sentiment,0.04603585600852966,0.046035856
2016-04-25,sentiment_score,sentiment,-0.025841163471341133,-0.025841163
2016-04-26,sentiment_score,sentiment,-0.026613401249051094,-0.026613401
2016-04-27,sentiment_score,sentiment,0.048296477645635605,0.048296478
2016-04-28,sentiment_score,sentiment,-0.024898773059248924,-0.024898773
2016-04-29,tf_bonds_credit_ratings,tfidf,-0.025812071235850453,-0.00548027
2016-05-02,sentiment_score,sentiment,-0.02773131988942623,-0.02773132
2016-05-03,tf_bonds_credit_ratings,tfidf,0.027166570080444218,0.0057678493
2016-05-04,sentiment_score,sentiment,-0.029839960858225822,-0.02983996
2016-05-05,sentiment_score,sentiment,-0.026803169399499893,-0.02680317
2016-05-06,tf_macro_economy,tfidf,0.03276672047562897,0.006956841
2016-05-09,sentiment_score,sentiment,0.03368858993053436,0.03368859
2016-05-10,tf_bonds_credit_ratings,tfidf,-0.027287611970677972,-0.005793548
2016-05-11,sentiment_score,sentiment,-0.027986448258161545,-0.027986448
2016-05-12,tf_bonds_credit_ratings,tfidf,-0.03780286847613752,-0.008026087
2016-05-13,tf_bonds_credit_ratings,tfidf,-0.03780286847613752,-0.008026087
2016-05-16,sentiment_score,sentiment,-0.026094594970345497,-0.026094595
2016-05-17,global_markets_commodities,lda_topic,-0.06958697274327277,-0.013861947
2016-05-18,sentiment_score,sentiment,-0.029207006096839905,-0.029207006
2016-05-19,sentiment_score,sentiment,-0.026822159066796303,-0.026822159
2016-05-20,tf_banking_sector,tfidf,-0.023100669728592038,-0.004904601
2016-05-23,global_markets_commodities,lda_topic,-0.04743622180074453,-0.009449447
2016-05-24,sentiment_score,sentiment,0.0375363789498806,0.03753638
2016-05-25,sentiment_score,sentiment,0.04412268102169037,0.04412268
2016-05-26,tf_currency_fx,tfidf,-0.03367695601657033,-0.007150097
2016-05-27,sentiment_score,sentiment,0.046261731535196304,0.04626173
2016-05-31,global_markets_commodities,lda_topic,-0.04611244648694992,-0.009185746
2016-06-01,global_markets_commodities,lda_topic,-0.04095353495329618,-0.008158075
2016-06-02,sentiment_score,sentiment,0.04548230394721031,0.045482304
2016-06-03,sentiment_score,sentiment,-0.0306248776614666,-0.030624878
2016-06-06,sentiment_score,sentiment,-0.02718329429626465,-0.027183294
2016-06-07,sentiment_score,sentiment,0.04032085835933685,0.04032086
2016-06-08,sentiment_score,sentiment,0.0463586188852787,0.04635862
2016-06-09,sentiment_score,sentiment,0.03961898013949394,0.03961898
2016-06-10,sentiment_score,sentiment,-0.02310962788760662,-0.023109628
2016-06-13,global_markets_commodities,lda_topic,-0.03860354460775852,-0.007689949
2016-06-14,tf_bonds_credit_ratings,tfidf,-0.03780286847613752,-0.008026087
2016-06-15,us_foreign_policy_geopolitics,lda_topic,-0.032649533823132515,-0.006503891
2016-06-16,global_markets_commodities,lda_topic,-0.033941980358213185,-0.0067613507
2016-06-17,global_markets_commodities,lda_topic,-0.06295284554362296,-0.0125404075
2016-06-20,tf_equity_markets,tfidf,0.024744982179254294,0.0052537117
2016-06-21,tf_macro_economy,tfidf,0.03734176089987159,0.007928187
2016-06-22,sentiment_score,sentiment,0.03794048726558685,0.037940487
2016-06-23,tf_currency_fx,tfidf,-0.03198995386250317,-0.0067919223
2016-06-24,global_markets_commodities,lda_topic,-0.039666955843567844,-0.007901784
2016-06-27,sentiment_score,sentiment,-0.026795651763677597,-0.026795652
2016-06-28,sentiment_score,sentiment,0.045027244836091995,0.045027245
2016-06-29,sentiment_score,sentiment,-0.023037711158394814,-0.023037711
2016-06-30,sentiment_score,sentiment,0.04176715761423111,0.041767158
2016-07-01,sentiment_score,sentiment,-0.0297843087464571,-0.029784309
2016-07-05,sentiment_score,sentiment,-0.026458222419023514,-0.026458222
2016-07-06,tf_macro_economy,tfidf,0.03734176089987159,0.007928187
2016-07-07,tf_bonds_credit_ratings,tfidf,-0.023699904726818204,-0.005031827
2016-07-08,sentiment_score,sentiment,0.04594496265053749,0.045944963
2016-07-11,tf_macro_economy,tfidf,0.03030434881802648,0.0064340443
2016-07-12,sentiment_score,sentiment,-0.027509894222021103,-0.027509894
2016-07-13,tf_currency_fx,tfidf,-0.02947447668761015,-0.0062578507
2016-07-14,tf_bonds_credit_ratings,tfidf,-0.03780286847613752,-0.008026087
2016-07-15,tf_bonds_credit_ratings,tfidf,-0.029399780672974885,-0.0062419917
2016-07-18,sentiment_score,sentiment,-0.02708374708890915,-0.027083747
2016-07-19,global_markets_commodities,lda_topic,-0.050774015411734576,-0.010114346
2016-07-20,sentiment_score,sentiment,0.044250212609767914,0.044250213
2016-07-21,sentiment_score,sentiment,0.045168016105890274,0.045168016
2016-07-22,tf_bonds_credit_ratings,tfidf,-0.03780286847613752,-0.008026087
2016-07-25,sentiment_score,sentiment,0.0378229133784771,0.037822913
2016-07-26,sentiment_score,sentiment,-0.028915585950016975,-0.028915586
2016-07-27,sentiment_score,sentiment,-0.03041079081594944,-0.03041079
2016-07-28,global_markets_commodities,lda_topic,-0.06958697274327277,-0.013861947
2016-07-29,tf_bonds_credit_ratings,tfidf,-0.03780286847613752,-0.008026087
2016-08-01,sentiment_score,sentiment,-0.029187021777033806,-0.029187022
2016-08-02,global_markets_commodities,lda_topic,-0.03860354460775852,-0.007689949
2016-08-03,tf_bonds_credit_ratings,tfidf,-0.029399780672974885,-0.0062419917
2016-08-04,sentiment_score,sentiment,-0.027790382504463196,-0.027790383
2016-08-05,tf_bonds_credit_ratings,tfidf,-0.023641079175285996,-0.0050193374
2016-08-08,sentiment_score,sentiment,0.04773397743701935,0.047733977
2016-08-09,tf_bonds_credit_ratings,tfidf,-0.027721830122172834,-0.005885739
2016-08-10,global_markets_commodities,lda_topic,-0.053006947115063666,-0.010559153
2016-08-11,tf_bonds_credit_ratings,tfidf,-0.03780286847613752,-0.008026087
2016-08-12,tf_macro_economy,tfidf,0.03276672047562897,0.006956841
2016-08-15,sentiment_score,sentiment,-0.02343865856528282,-0.023438659
2016-08-16,tf_currency_fx,tfidf,-0.02451776873320341,-0.005205471
2016-08-17,sentiment_score,sentiment,0.034521669149398804,0.03452167
2016-08-18,global_markets_commodities,lda_topic,-0.05313236040994525,-0.010584136
2016-08-19,sentiment_score,sentiment,-0.01760302297770977,-0.017603023
2016-08-22,sentiment_score,sentiment,0.03825785964727402,0.03825786
2016-08-23,sentiment_score,sentiment,0.04820024594664574,0.048200246
2016-08-24,sentiment_score,sentiment,0.045769866555929184,0.045769867
2016-08-25,sentiment_score,sentiment,0.04658592864871025,0.04658593
2016-08-26,tf_macro_economy,tfidf,0.03276672047562897,0.006956841
2016-08-29,global_markets_commodities,lda_topic,-0.05313236040994525,-0.010584136
2016-08-30,sentiment_score,sentiment,0.04562029242515564,0.045620292
2016-08-31,sentiment_score,sentiment,0.03271621838212013,0.03271622
2016-09-01,sentiment_score,sentiment,-0.021744145080447197,-0.021744145
2016-09-02,sentiment_score,sentiment,0.03868003934621811,0.03868004
2016-09-06,sentiment_score,sentiment,-0.029958141967654228,-0.029958142
2016-09-07,tf_equity_markets,tfidf,0.022772035337984563,0.004834827
2016-09-08,sentiment_score,sentiment,0.047125332057476044,0.047125332
2016-09-09,global_markets_commodities,lda_topic,-0.0364719907939434,-0.007265337
2016-09-12,sentiment_score,sentiment,-0.029068395495414734,-0.029068395
2016-09-13,tf_bonds_credit_ratings,tfidf,-0.023641079175285996,-0.0050193374
2016-09-14,sentiment_score,sentiment,0.03512026369571686,0.035120264
2016-09-15,tf_macro_economy,tfidf,0.03734176089987159,0.007928187
2016-09-16,tf_bonds_credit_ratings,tfidf,-0.03780286847613752,-0.008026087
2016-09-19,global_markets_commodities,lda_topic,-0.04611244648694992,-0.009185746
2016-09-20,global_markets_commodities,lda_topic,-0.039478319287300105,-0.007864207
2016-09-21,sentiment_score,sentiment,-0.027888432145118713,-0.027888432
2016-09-22,sentiment_score,sentiment,-0.022970745339989662,-0.022970745
2016-09-23,tf_bonds_credit_ratings,tfidf,-0.03780286847613752,-0.008026087
2016-09-26,tf_banking_sector,tfidf,-0.023100669728592038,-0.004904601
2016-09-27,tf_bonds_credit_ratings,tfidf,-0.02152890827972442,-0.0045708935
2016-09-28,sentiment_score,sentiment,-0.02482506074011326,-0.02482506
2016-09-29,us_foreign_policy_geopolitics,lda_topic,-0.04169298015534877,-0.0083053745
2016-09-30,sentiment_score,sentiment,-0.02368992380797863,-0.023689924
2016-10-03,sentiment_score,sentiment,-0.026474038138985634,-0.026474038
2016-10-04,tf_bonds_credit_ratings,tfidf,-0.03780286847613752,-0.008026087
2016-10-05,tf_bonds_credit_ratings,tfidf,-0.03499395003542304,-0.0074297134
2016-10-06,sentiment_score,sentiment,0.04801745340228081,0.048017453
2016-10-07,sentiment_score,sentiment,-0.029721807688474655,-0.029721808
2016-10-10,sentiment_score,sentiment,-0.02558411844074726,-0.025584118
2016-10-11,tf_bonds_credit_ratings,tfidf,-0.029399780672974885,-0.0062419917
2016-10-12,sentiment_score,sentiment,-0.02709914557635784,-0.027099146
2016-10-13,tf_bonds_credit_ratings,tfidf,-0.03780286847613752,-0.008026087
2016-10-14,us_foreign_policy_geopolitics,lda_topic,-0.04169298015534877,-0.0083053745
2016-10-17,global_markets_commodities,lda_topic,-0.06401624742895365,-0.0127522405
2016-10-18,sentiment_score,sentiment,0.04292924702167511,0.042929247
2016-10-19,sentiment_score,sentiment,0.04654577374458313,0.046545774
2016-10-20,sentiment_score,sentiment,-0.02240513265132904,-0.022405133
2016-10-21,sentiment_score,sentiment,0.04218756780028343,0.042187568
2016-10-24,tf_bonds_credit_ratings,tfidf,-0.03569070196710527,-0.0075776437
2016-10-25,global_markets_commodities,lda_topic,-0.04611244648694992,-0.009185746
2016-10-26,global_markets_commodities,lda_topic,-0.045237676482647655,-0.009011489
2016-10-27,sentiment_score,sentiment,-0.025268057361245155,-0.025268057
2016-10-28,tf_bonds_credit_ratings,tfidf,-0.03780286847613752,-0.008026087
2016-10-31,tf_currency_fx,tfidf,-0.02947447668761015,-0.0062578507
2016-11-01,global_markets_commodities,lda_topic,-0.045237676482647655,-0.009011489
2016-11-02,global_markets_commodities,lda_topic,-0.0384249972179532,-0.007654382
2016-11-03,tf_bonds_credit_ratings,tfidf,-0.03612492011860013,-0.0076698344
2016-11-04,us_foreign_policy_geopolitics,lda_topic,-0.04169298015534877,-0.0083053745
2016-11-07,sentiment_score,sentiment,-0.026438159868121147,-0.02643816
2016-11-08,tf_bonds_credit_ratings,tfidf,-0.03569070196710527,-0.0075776437
2016-11-09,sentiment_score,sentiment,-0.02815968170762062,-0.028159682
2016-11-10,sentiment_score,sentiment,-0.025729751214385033,-0.025729751
2016-11-11,sentiment_score,sentiment,-0.031082794070243835,-0.031082794
2016-11-14,sentiment_score,sentiment,-0.027664612978696823,-0.027664613
2016-11-15,sentiment_score,sentiment,-0.025821354240179062,-0.025821354
2016-11-16,sentiment_score,sentiment,-0.02622879482805729,-0.026228795
2016-11-17,sentiment_score,sentiment,-0.025122681632637978,-0.025122682
2016-11-18,sentiment_score,sentiment,0.04353440925478935,0.04353441
2016-11-21,sentiment_score,sentiment,-0.02600940689444542,-0.026009407
2016-11-22,tf_currency_fx,tfidf,-0.027730245678685605,-0.0058875256
2016-11-23,sentiment_score,sentiment,-0.02728850208222866,-0.027288502
2016-11-25,sentiment_score,sentiment,-0.026295635849237442,-0.026295636
2016-11-28,sentiment_score,sentiment,0.04656025767326355,0.046560258
2016-11-29,sentiment_score,sentiment,-0.024049177765846252,-0.024049178
2016-11-30,tf_bonds_credit_ratings,tfidf,-0.03569070196710527,-0.0075776437
2016-12-01,tf_equity_markets,tfidf,-0.037642330275848505,-0.007992002
2016-12-02,tf_bonds_credit_ratings,tfidf,-0.02152890827972442,-0.0045708935
2016-12-05,tf_bonds_credit_ratings,tfidf,-0.02152890827972442,-0.0045708935
2016-12-06,tf_bonds_credit_ratings,tfidf,-0.03780286847613752,-0.008026087
2016-12-07,tf_bonds_credit_ratings,tfidf,-0.03569070196710527,-0.0075776437
2016-12-08,tf_bonds_credit_ratings,tfidf,-0.027287611970677972,-0.005793548
2016-12-09,sentiment_score,sentiment,0.04248661547899246,0.042486615
2016-12-12,global_markets_commodities,lda_topic,-0.041711250990629195,-0.008309014
2016-12-13,sentiment_score,sentiment,-0.026740560308098793,-0.02674056
2016-12-14,global_markets_commodities,lda_topic,-0.05313236040994525,-0.010584136
2016-12-15,sentiment_score,sentiment,0.04822433367371559,0.048224334
2016-12-16,sentiment_score,sentiment,0.04349271580576897,0.043492716
2016-12-19,sentiment_score,sentiment,-0.02601022645831108,-0.026010226
2016-12-20,sentiment_score,sentiment,0.04258475825190544,0.04258476
2016-12-21,sentiment_score,sentiment,-0.026673339307308197,-0.02667334
2016-12-22,sentiment_score,sentiment,-0.02663525752723217,-0.026635258
2016-12-23,sentiment_score,sentiment,-0.024159470573067665,-0.02415947
2016-12-27,global_markets_commodities,lda_topic,-0.039478319287300105,-0.007864207
2016-12-28,tf_bonds_credit_ratings,tfidf,-0.02711703739129007,-0.005757333
2016-12-29,sentiment_score,sentiment,-0.02736794576048851,-0.027367946
2016-12-30,sentiment_score,sentiment,0.04449174180626869,0.04449174
2017-01-03,tf_banking_sector,tfidf,-0.023100669728592038,-0.004904601
2017-01-04,tf_currency_fx,tfidf,-0.02451776873320341,-0.005205471
2017-01-05,sentiment_score,sentiment,0.04710064083337784,0.04710064
2017-01-06,sentiment_score,sentiment,0.04031209275126457,0.040312093
2017-01-09,global_markets_commodities,lda_topic,-0.0582912766188383,-0.011611808
2017-01-10,tf_bonds_credit_ratings,tfidf,-0.03401275360956788,-0.0072213914
2017-01-11,tf_bonds_credit_ratings,tfidf,-0.03569070196710527,-0.0075776437
2017-01-12,sentiment_score,sentiment,-0.0282188318669796,-0.028218832
2017-01-13,sentiment_score,sentiment,0.0487525649368763,0.048752565
2017-01-17,tf_currency_fx,tfidf,-0.028777476917020976,-0.0061098677
2017-01-18,sentiment_score,sentiment,0.04262698441743851,0.042626984
2017-01-19,sentiment_score,sentiment,-0.028910009190440178,-0.02891001
2017-01-20,sentiment_score,sentiment,0.04601535573601723,0.046015356
2017-01-23,tf_bonds_credit_ratings,tfidf,-0.03569070196710527,-0.0075776437
2017-01-24,tf_bonds_credit_ratings,tfidf,-0.02152890827972442,-0.0045708935
2017-01-25,tf_bonds_credit_ratings,tfidf,-0.02152890827972442,-0.0045708935
2017-01-26,sentiment_score,sentiment,0.04298066347837448,0.042980663
2017-01-27,sentiment_score,sentiment,-0.026302771642804146,-0.026302772
2017-01-30,sentiment_score,sentiment,-0.028560452163219452,-0.028560452
2017-01-31,tf_equity_markets,tfidf,-0.0339406763529405,-0.0072060884
2017-02-01,sentiment_score,sentiment,-0.026468800380825996,-0.0264688
2017-02-02,sentiment_score,sentiment,-0.02385558933019638,-0.02385559
2017-02-03,tf_macro_economy,tfidf,0.03734176089987159,0.007928187
2017-02-06,tf_macro_economy,tfidf,0.03276672047562897,0.006956841
2017-02-07,tf_bonds_credit_ratings,tfidf,-0.03780286847613752,-0.008026087
2017-02-08,sentiment_score,sentiment,-0.025508081540465355,-0.025508082
2017-02-09,sentiment_score,sentiment,0.03477122634649277,0.034771226
2017-02-10,sentiment_score,sentiment,0.0434153713285923,0.04341537
2017-02-13,sentiment_score,sentiment,0.038927484303712845,0.038927484
2017-02-14,sentiment_score,sentiment,-0.02773754857480526,-0.027737549
2017-02-15,sentiment_score,sentiment,0.04229551926255226,0.04229552
2017-02-16,sentiment_score,sentiment,-0.02951095812022686,-0.029510958
2017-02-17,us_foreign_policy_geopolitics,lda_topic,-0.020833958098664878,-0.004150191
2017-02-21,sentiment_score,sentiment,0.04967351257801056,0.049673513
2017-02-22,us_foreign_policy_geopolitics,lda_topic,-0.04169298015534877,-0.0083053745
2017-02-23,sentiment_score,sentiment,0.029410824179649353,0.029410824
2017-02-24,sentiment_score,sentiment,-0.02329893596470356,-0.023298936
2017-02-27,tf_equity_markets,tfidf,0.024744982179254294,0.0052537117
2017-02-28,sentiment_score,sentiment,0.04785895347595215,0.047858953
2017-03-01,sentiment_score,sentiment,0.04820480942726135,0.04820481
2017-03-02,sentiment_score,sentiment,0.04391361400485039,0.043913614
2017-03-03,sentiment_score,sentiment,0.04713485389947891,0.047134854
2017-03-06,sentiment_score,sentiment,-0.028631094843149185,-0.028631095
2017-03-07,sentiment_score,sentiment,-0.02782808616757393,-0.027828086
2017-03-08,tf_bonds_credit_ratings,tfidf,0.026190902874805033,0.0055607012
2017-03-09,sentiment_score,sentiment,-0.027986448258161545,-0.027986448
2017-03-10,tf_bonds_credit_ratings,tfidf,-0.03780286847613752,-0.008026087
2017-03-13,sentiment_score,sentiment,-0.028873922303318977,-0.028873922
2017-03-14,tf_bonds_credit_ratings,tfidf,-0.03780286847613752,-0.008026087
2017-03-15,tf_bonds_credit_ratings,tfidf,-0.03569070196710527,-0.0075776437
2017-03-16,tf_bonds_credit_ratings,tfidf,-0.027287611970677972,-0.005793548
2017-03-17,global_markets_commodities,lda_topic,-0.04611244648694992,-0.009185746
2017-03-20,sentiment_score,sentiment,-0.02912178635597229,-0.029121786
2017-03-21,tf_bonds_credit_ratings,tfidf,0.02270580971147865,0.0048207664
2017-03-22,sentiment_score,sentiment,-0.02608638070523739,-0.02608638
2017-03-23,sentiment_score,sentiment,0.045931946486234665,0.045931946
2017-03-24,tf_bonds_credit_ratings,tfidf,-0.02152890827972442,-0.0045708935
2017-03-27,tf_currency_fx,tfidf,-0.03670104907359928,-0.007792155
2017-03-28,sentiment_score,sentiment,-0.02506393939256668,-0.02506394
2017-03-29,global_markets_commodities,lda_topic,-0.039478319287300105,-0.007864207
2017-03-30,sentiment_score,sentiment,0.04701109975576401,0.0470111
2017-03-31,sentiment_score,sentiment,-0.02463003620505333,-0.024630036
2017-04-03,sentiment_score,sentiment,-0.025489848107099533,-0.025489848
2017-04-04,sentiment_score,sentiment,-0.027359528467059135,-0.027359528
2017-04-05,sentiment_score,sentiment,0.047665778547525406,0.04766578
2017-04-06,sentiment_score,sentiment,-0.026733029633760452,-0.02673303
2017-04-07,sentiment_score,sentiment,0.038341738283634186,0.03834174
2017-04-10,tf_banking_sector,tfidf,-0.023100669728592038,-0.004904601
2017-04-11,sentiment_score,sentiment,-0.028416184708476067,-0.028416185
2017-04-12,tf_bonds_credit_ratings,tfidf,-0.027287611970677972,-0.005793548
2017-04-13,sentiment_score,sentiment,-0.02994713746011257,-0.029947137
2017-04-17,sentiment_score,sentiment,-0.03020089492201805,-0.030200895
2017-04-18,sentiment_score,sentiment,-0.026161257177591324,-0.026161257
2017-04-19,global_markets_commodities,lda_topic,-0.05313236040994525,-0.010584136
2017-04-20,sentiment_score,sentiment,-0.02825384959578514,-0.02825385
2017-04-21,tf_bonds_credit_ratings,tfidf,-0.02152890827972442,-0.0045708935
2017-04-24,sentiment_score,sentiment,0.050335466861724854,0.050335467
2017-04-25,sentiment_score,sentiment,-0.02954636700451374,-0.029546367
2017-04-26,sentiment_score,sentiment,-0.026919998228549957,-0.026919998
2017-04-27,sentiment_score,sentiment,-0.027447637170553207,-0.027447637
2017-04-28,sentiment_score,sentiment,0.03735097125172615,0.03735097
2017-05-01,sentiment_score,sentiment,0.03676901385188103,0.036769014
2017-05-02,tf_bonds_credit_ratings,tfidf,-0.03331600167788565,-0.007073461
2017-05-03,sentiment_score,sentiment,-0.025199392810463905,-0.025199393
2017-05-04,sentiment_score,sentiment,-0.02236037328839302,-0.022360373
2017-05-05,tf_bonds_credit_ratings,tfidf,-0.03780286847613752,-0.008026087
2017-05-08,global_markets_commodities,lda_topic,-0.03860354460775852,-0.007689949
2017-05-09,sentiment_score,sentiment,-0.024211985990405083,-0.024211986
2017-05-10,global_markets_commodities,lda_topic,-0.040388943701982497,-0.008045606
2017-05-11,tf_bonds_credit_ratings,tfidf,-0.023641079175285996,-0.0050193374
2017-05-12,sentiment_score,sentiment,0.045917317271232605,0.045917317
2017-05-15,global_markets_commodities,lda_topic,-0.06295284554362296,-0.0125404075
2017-05-16,sentiment_score,sentiment,-0.023333605378866196,-0.023333605
2017-05-17,sentiment_score,sentiment,-0.028246287256479263,-0.028246287
2017-05-18,global_markets_commodities,lda_topic,-0.051657149419188496,-0.010290269
2017-05-19,sentiment_score,sentiment,0.033884234726428986,0.033884235
2017-05-22,sentiment_score,sentiment,-0.024970313534140587,-0.024970314
2017-05-23,global_markets_commodities,lda_topic,-0.046498233210295434,-0.009262596
2017-05-24,sentiment_score,sentiment,-0.02433064393699169,-0.024330644
2017-05-25,sentiment_score,sentiment,0.04912977293133736,0.049129773
2017-05-26,tf_bonds_credit_ratings,tfidf,-0.03780286847613752,-0.008026087
2017-05-30,global_markets_commodities,lda_topic,-0.06958697274327277,-0.013861947
2017-05-31,tf_bonds_credit_ratings,tfidf,-0.02152890827972442,-0.0045708935
2017-06-01,sentiment_score,sentiment,0.04276100546121597,0.042761005
2017-06-02,us_foreign_policy_geopolitics,lda_topic,-0.04169298015534877,-0.0083053745
2017-06-05,sentiment_score,sentiment,0.04546964913606644,0.04546965
2017-06-06,sentiment_score,sentiment,-0.030598392710089684,-0.030598393
2017-06-07,tf_bonds_credit_ratings,tfidf,-0.03569070196710527,-0.0075776437
2017-06-08,sentiment_score,sentiment,0.03853900358080864,0.038539004
2017-06-09,tf_bonds_credit_ratings,tfidf,-0.01985095992218703,-0.004214641
2017-06-12,sentiment_score,sentiment,-0.026922332122921944,-0.026922332
2017-06-13,sentiment_score,sentiment,-0.027986448258161545,-0.027986448
2017-06-14,sentiment_score,sentiment,-0.027440033853054047,-0.027440034
2017-06-15,tf_bonds_credit_ratings,tfidf,-0.029399780672974885,-0.0062419917
2017-06-16,tf_macro_economy,tfidf,0.03734176089987159,0.007928187
2017-06-19,sentiment_score,sentiment,0.04554378613829613,0.045543786
2017-06-20,sentiment_score,sentiment,-0.01935400627553463,-0.019354006
2017-06-21,tf_bonds_credit_ratings,tfidf,-0.027287611970677972,-0.005793548
2017-06-22,sentiment_score,sentiment,-0.022938968613743782,-0.022938969
2017-06-23,sentiment_score,sentiment,0.04183686524629593,0.041836865
2017-06-26,tf_equity_markets,tfidf,0.024744982179254294,0.0052537117
2017-06-27,tf_macro_economy,tfidf,0.03734176089987159,0.007928187
2017-06-28,sentiment_score,sentiment,-0.026633284986019135,-0.026633285
2017-06-29,tf_bonds_credit_ratings,tfidf,-0.02494604533072561,-0.0052964003
2017-06-30,sentiment_score,sentiment,0.04777396097779274,0.04777396
2017-07-03,sentiment_score,sentiment,-0.024122685194015503,-0.024122685
2017-07-05,sentiment_score,sentiment,0.04385992884635925,0.04385993
2017-07-06,sentiment_score,sentiment,0.027949724346399307,0.027949724
2017-07-07,sentiment_score,sentiment,0.04578719660639763,0.045787197
2017-07-10,sentiment_score,sentiment,0.04576634243130684,0.045766342
2017-07-11,global_markets_commodities,lda_topic,-0.05313236040994525,-0.010584136
2017-07-12,sentiment_score,sentiment,0.046410877257585526,0.046410877
2017-07-13,sentiment_score,sentiment,0.04545452818274498,0.04545453
2017-07-14,tf_macro_economy,tfidf,0.03734176089987159,0.007928187
2017-07-17,global_markets_commodities,lda_topic,-0.046498233210295434,-0.009262596
2017-07-18,sentiment_score,sentiment,-0.02635873295366764,-0.026358733
2017-07-19,global_markets_commodities,lda_topic,-0.04358390875160694,-0.008682054
2017-07-20,sentiment_score,sentiment,-0.027390412986278534,-0.027390413
2017-07-21,sentiment_score,sentiment,-0.02614402025938034,-0.02614402
2017-07-24,sentiment_score,sentiment,-0.029122477397322655,-0.029122477
2017-07-25,tf_investor_sentiment_risk,tfidf,0.01947388508822769,0.004134583
2017-07-26,sentiment_score,sentiment,0.04550131410360336,0.045501314
2017-07-27,sentiment_score,sentiment,-0.0289345420897007,-0.028934542
2017-07-28,sentiment_score,sentiment,0.037490393966436386,0.037490394
2017-07-31,sentiment_score,sentiment,-0.02485174685716629,-0.024851747
2017-08-01,sentiment_score,sentiment,0.04488028958439827,0.04488029
2017-08-02,sentiment_score,sentiment,-0.025234080851078033,-0.02523408
2017-08-03,tf_currency_fx,tfidf,-0.02947447668761015,-0.0062578507
2017-08-04,sentiment_score,sentiment,0.04860379174351692,0.04860379
2017-08-07,sentiment_score,sentiment,-0.029549269005656242,-0.029549269
2017-08-08,sentiment_score,sentiment,-0.024508759379386902,-0.02450876
2017-08-09,tf_bonds_credit_ratings,tfidf,-0.03569070196710527,-0.0075776437
2017-08-10,sentiment_score,sentiment,-0.028427543118596077,-0.028427543
2017-08-11,tf_bonds_credit_ratings,tfidf,-0.027287611970677972,-0.005793548
2017-08-14,sentiment_score,sentiment,0.05022437125444412,0.05022437
2017-08-15,tf_bonds_credit_ratings,tfidf,-0.03401275360956788,-0.0072213914
2017-08-16,sentiment_score,sentiment,-0.02469312772154808,-0.024693128
2017-08-17,tf_bonds_credit_ratings,tfidf,-0.027287611970677972,-0.005793548
2017-08-18,sentiment_score,sentiment,-0.026751859113574028,-0.02675186
2017-08-21,sentiment_score,sentiment,-0.027750641107559204,-0.027750641
2017-08-22,global_markets_commodities,lda_topic,-0.022699170541018245,-0.004521747
2017-08-23,global_markets_commodities,lda_topic,-0.053006947115063666,-0.010559153
2017-08-24,global_markets_commodities,lda_topic,-0.03431940307840704,-0.0068365345
2017-08-25,sentiment_score,sentiment,0.043093640357255936,0.04309364
2017-08-28,sentiment_score,sentiment,-0.028259657323360443,-0.028259657
2017-08-29,tf_bonds_credit_ratings,tfidf,-0.03288178133312613,-0.00698127
2017-08-30,sentiment_score,sentiment,0.04367108643054962,0.043671086
2017-08-31,sentiment_score,sentiment,0.041973430663347244,0.04197343
2017-09-01,tf_macro_economy,tfidf,0.03276672047562897,0.006956841
2017-09-05,tf_bonds_credit_ratings,tfidf,-0.03569070196710527,-0.0075776437
2017-09-06,tf_equity_markets,tfidf,0.024744982179254294,0.0052537117
2017-09-07,global_markets_commodities,lda_topic,-0.06958697274327277,-0.013861947
2017-09-08,tf_bonds_credit_ratings,tfidf,-0.027287611970677972,-0.005793548
2017-09-11,global_markets_commodities,lda_topic,-0.04930888891220092,-0.009822488
2017-09-12,sentiment_score,sentiment,0.04281255230307579,0.042812552
2017-09-13,sentiment_score,sentiment,-0.026709629222750664,-0.02670963
2017-09-14,global_markets_commodities,lda_topic,-0.0384249972179532,-0.007654382
2017-09-15,sentiment_score,sentiment,-0.026725681498646736,-0.026725681
2017-09-18,sentiment_score,sentiment,0.044699013233184814,0.044699013
2017-09-19,sentiment_score,sentiment,-0.0281588863581419,-0.028158886
2017-09-20,sentiment_score,sentiment,-0.02532804198563099,-0.025328042
2017-09-21,tf_bonds_credit_ratings,tfidf,-0.03569070196710527,-0.0075776437
2017-09-22,global_markets_commodities,lda_topic,-0.06958697274327277,-0.013861947
2017-09-25,sentiment_score,sentiment,-0.026254570111632347,-0.02625457
2017-09-26,oil_energy_markets,lda_topic,0.017842577514238653,0.0035542983
2017-09-27,tf_bonds_credit_ratings,tfidf,-0.03780286847613752,-0.008026087
2017-09-28,tf_bonds_credit_ratings,tfidf,-0.03288178133312613,-0.00698127
2017-09-29,sentiment_score,sentiment,-0.025702284649014473,-0.025702285
2017-10-02,sentiment_score,sentiment,-0.025419356301426888,-0.025419356
2017-10-03,sentiment_score,sentiment,0.04145699366927147,0.041456994
2017-10-04,sentiment_score,sentiment,-0.025546038523316383,-0.025546039
2017-10-05,tf_macro_economy,tfidf,0.03734176089987159,0.007928187
2017-10-06,tf_bonds_credit_ratings,tfidf,-0.027287611970677972,-0.005793548
2017-10-09,sentiment_score,sentiment,-0.024097004905343056,-0.024097005
2017-10-10,global_markets_commodities,lda_topic,-0.04358390875160694,-0.008682054
2017-10-11,sentiment_score,sentiment,-0.026311220601201057,-0.02631122
2017-10-12,sentiment_score,sentiment,-0.027794040739536285,-0.02779404
2017-10-13,tf_macro_economy,tfidf,0.03276672047562897,0.006956841
2017-10-16,sentiment_score,sentiment,0.03948970139026642,0.0394897
2017-10-17,tf_bonds_credit_ratings,tfidf,-0.023641079175285996,-0.0050193374
2017-10-18,sentiment_score,sentiment,0.040938880294561386,0.04093888
2017-10-19,sentiment_score,sentiment,-0.023613091558218002,-0.023613092
2017-10-20,sentiment_score,sentiment,0.045395419001579285,0.04539542
2017-10-23,sentiment_score,sentiment,-0.027340414002537727,-0.027340414
2017-10-24,tf_bonds_credit_ratings,tfidf,-0.03569070196710527,-0.0075776437
2017-10-25,tf_bonds_credit_ratings,tfidf,-0.03780286847613752,-0.008026087
2017-10-26,tf_equity_markets,tfidf,0.018780473498627544,0.0039873617
2017-10-27,sentiment_score,sentiment,0.0435684397816658,0.04356844
2017-10-30,tf_bonds_credit_ratings,tfidf,-0.03780286847613752,-0.008026087
2017-10-31,sentiment_score,sentiment,0.035520657896995544,0.035520658
2017-11-01,sentiment_score,sentiment,0.043341439217329025,0.04334144
2017-11-02,sentiment_score,sentiment,-0.02777186594903469,-0.027771866
2017-11-03,sentiment_score,sentiment,0.04751235619187355,0.047512356
2017-11-06,sentiment_score,sentiment,-0.02606944553554058,-0.026069446
2017-11-07,tf_bonds_credit_ratings,tfidf,-0.02152890827972442,-0.0045708935
2017-11-08,sentiment_score,sentiment,-0.025458352640271187,-0.025458353
2017-11-09,sentiment_score,sentiment,-0.025982430204749107,-0.02598243
2017-11-10,global_markets_commodities,lda_topic,-0.050774015411734576,-0.010114346
2017-11-13,sentiment_score,sentiment,-0.025671357288956642,-0.025671357
2017-11-14,global_markets_commodities,lda_topic,-0.04611244648694992,-0.009185746
2017-11-15,sentiment_score,sentiment,0.043351903557777405,0.043351904
2017-11-16,sentiment_score,sentiment,-0.02369755133986473,-0.023697551
2017-11-17,tf_bonds_credit_ratings,tfidf,-0.03780286847613752,-0.008026087
2017-11-20,sentiment_score,sentiment,-0.02537175454199314,-0.025371755
2017-11-21,sentiment_score,sentiment,0.042940933257341385,0.042940933
2017-11-22,global_markets_commodities,lda_topic,-0.05313236040994525,-0.010584136
2017-11-24,tf_bonds_credit_ratings,tfidf,-0.03569070196710527,-0.0075776437
2017-11-27,sentiment_score,sentiment,-0.02438846044242382,-0.02438846
2017-11-28,tf_bonds_credit_ratings,tfidf,-0.03569070196710527,-0.0075776437
2017-11-29,sentiment_score,sentiment,0.04126887023448944,0.04126887
2017-11-30,sentiment_score,sentiment,0.04434037581086159,0.044340376
2017-12-01,sentiment_score,sentiment,-0.02510838396847248,-0.025108384
2017-12-04,global_markets_commodities,lda_topic,-0.04358390875160694,-0.008682054
2017-12-05,sentiment_score,sentiment,-0.02624410018324852,-0.0262441
2017-12-06,sentiment_score,sentiment,-0.028240740299224854,-0.02824074
2017-12-07,tf_bonds_credit_ratings,tfidf,-0.01780079261865467,-0.0037793615
2017-12-08,sentiment_score,sentiment,0.03870471566915512,0.038704716
2017-12-11,sentiment_score,sentiment,0.04580862820148468,0.04580863
2017-12-12,sentiment_score,sentiment,0.049401380121707916,0.04940138
2017-12-13,tf_bonds_credit_ratings,tfidf,-0.03780286847613752,-0.008026087
2017-12-14,tf_bonds_credit_ratings,tfidf,-0.02152890827972442,-0.0045708935
2017-12-15,sentiment_score,sentiment,0.0426139310002327,0.04261393
2017-12-18,global_markets_commodities,lda_topic,-0.02676467917859554,-0.0053316094
2017-12-19,tf_bonds_credit_ratings,tfidf,-0.03569070196710527,-0.0075776437
2017-12-20,sentiment_score,sentiment,-0.025184672325849533,-0.025184672
2017-12-21,sentiment_score,sentiment,-0.022660942748188972,-0.022660943
2017-12-22,sentiment_score,sentiment,-0.028315266594290733,-0.028315267
2017-12-26,sentiment_score,sentiment,-0.02715439163148403,-0.027154392
2017-12-27,tf_bonds_credit_ratings,tfidf,0.0367382753547281,0.0078000585
2017-12-28,sentiment_score,sentiment,-0.030301356688141823,-0.030301357
2017-12-29,sentiment_score,sentiment,-0.02630266733467579,-0.026302667
2018-01-02,sentiment_score,sentiment,0.04538053646683693,0.045380536
2018-01-03,tf_macro_economy,tfidf,0.03734176089987159,0.007928187
2018-01-04,sentiment_score,sentiment,0.036068595945835114,0.036068596
2018-01-05,sentiment_score,sentiment,0.04605830833315849,0.04605831
2018-01-08,global_markets_commodities,lda_topic,-0.04930888891220092,-0.009822488
2018-01-09,sentiment_score,sentiment,0.026323458179831505,0.026323458
2018-01-10,sentiment_score,sentiment,-0.030313914641737938,-0.030313915
2018-01-11,sentiment_score,sentiment,0.03981592506170273,0.039815925
2018-01-12,sentiment_score,sentiment,-0.030719546601176262,-0.030719547
2018-01-16,tf_bonds_credit_ratings,tfidf,-0.023699904726818204,-0.005031827
2018-01-17,sentiment_score,sentiment,-0.033543966710567474,-0.033543967
2018-01-18,tf_bonds_credit_ratings,tfidf,-0.03218915931880474,-0.0068342164
2018-01-19,global_markets_commodities,lda_topic,-0.04611244648694992,-0.009185746
2018-01-22,sentiment_score,sentiment,0.03521781414747238,0.035217814
2018-01-23,sentiment_score,sentiment,-0.030266599729657173,-0.0302666
2018-01-24,sentiment_score,sentiment,-0.029768262058496475,-0.029768262
2018-01-25,sentiment_score,sentiment,-0.028307706117630005,-0.028307706
2018-01-26,tf_currency_fx,tfidf,-0.037936666393652556,-0.008054494
2018-01-29,tf_bonds_credit_ratings,tfidf,-0.018409006842412055,-0.003908494
2018-01-30,global_markets_commodities,lda_topic,-0.06295284554362296,-0.0125404075
2018-01-31,sentiment_score,sentiment,0.04789375513792038,0.047893755
2018-02-01,sentiment_score,sentiment,0.04922349750995636,0.049223498
2018-02-02,tf_bonds_credit_ratings,tfidf,-0.03780286847613752,-0.008026087
2018-02-05,tf_bonds_credit_ratings,tfidf,-0.041220001140609384,-0.008751593
2018-02-06,tf_equity_markets,tfidf,-0.037642330275848505,-0.007992002
2018-02-07,tf_equity_markets,tfidf,-0.0339406763529405,-0.0072060884
2018-02-08,tf_equity_markets,tfidf,-0.037642330275848505,-0.007992002
2018-02-09,tf_equity_markets,tfidf,-0.0339406763529405,-0.0072060884
2018-02-12,sentiment_score,sentiment,-0.025544485077261925,-0.025544485
2018-02-13,tf_macro_economy,tfidf,0.03276672047562897,0.006956841
2018-02-14,tf_macro_economy,tfidf,0.03734176089987159,0.007928187
2018-02-15,sentiment_score,sentiment,0.048640307039022446,0.048640307
2018-02-16,tf_equity_markets,tfidf,-0.0339406763529405,-0.0072060884
2018-02-20,sentiment_score,sentiment,-0.02701815590262413,-0.027018156
2018-02-21,sentiment_score,sentiment,0.04451492428779602,0.044514924
2018-02-22,tf_macro_economy,tfidf,0.03734176089987159,0.007928187
2018-02-23,tf_bonds_credit_ratings,tfidf,-0.03569070196710527,-0.0075776437
2018-02-26,tf_bonds_credit_ratings,tfidf,-0.017036000133957712,-0.0036169852
2018-02-27,tf_macro_economy,tfidf,0.03734176089987159,0.007928187
2018-02-28,sentiment_score,sentiment,-0.02990182675421238,-0.029901827
2018-03-01,sentiment_score,sentiment,-0.03182236850261688,-0.03182237
2018-03-02,sentiment_score,sentiment,-0.03151693195104599,-0.031516932
2018-03-05,sentiment_score,sentiment,-0.029283327981829643,-0.029283328
2018-03-06,global_markets_commodities,lda_topic,-0.050774015411734576,-0.010114346
2018-03-07,sentiment_score,sentiment,-0.030831312760710716,-0.030831313
2018-03-08,sentiment_score,sentiment,-0.028748860582709312,-0.02874886
2018-03-09,sentiment_score,sentiment,0.0482097864151001,0.048209786
2018-03-12,sentiment_score,sentiment,-0.027589276432991028,-0.027589276
2018-03-13,global_markets_commodities,lda_topic,-0.042917481437325475,-0.008549299
2018-03-14,sentiment_score,sentiment,-0.027303533628582954,-0.027303534
2018-03-15,global_markets_commodities,lda_topic,-0.06295284554362296,-0.0125404075
2018-03-16,sentiment_score,sentiment,-0.02850714512169361,-0.028507145
2018-03-19,sentiment_score,sentiment,-0.03236818313598633,-0.032368183
2018-03-20,sentiment_score,sentiment,-0.02598503977060318,-0.02598504
2018-03-21,global_markets_commodities,lda_topic,-0.039666955843567844,-0.007901784
2018-03-22,global_markets_commodities,lda_topic,-0.03860354460775852,-0.007689949
2018-03-23,global_markets_commodities,lda_topic,-0.03860354460775852,-0.007689949
2018-03-26,sentiment_score,sentiment,-0.030028406530618668,-0.030028407
2018-03-27,global_markets_commodities,lda_topic,-0.05740814261138439,-0.011435885
2018-03-28,global_markets_commodities,lda_topic,-0.052774204351007936,-0.01051279
2018-03-29,tf_macro_economy,tfidf,0.02930972961243242,0.0062228725
2018-04-02,tf_equity_markets,tfidf,-0.0339406763529405,-0.0072060884
2018-04-03,tf_bonds_credit_ratings,tfidf,0.0388148451782763,0.008240944
2018-04-04,tf_bonds_credit_ratings,tfidf,0.028694880763068795,0.0060923314
2018-04-05,tf_bonds_credit_ratings,tfidf,0.02661831313278526,0.0056514465
2018-04-06,sentiment_score,sentiment,0.042395953088998795,0.042395953
2018-04-09,sentiment_score,sentiment,-0.02878597564995289,-0.028785976
2018-04-10,sentiment_score,sentiment,0.0269254632294178,0.026925463
2018-04-11,global_markets_commodities,lda_topic,-0.033941980358213185,-0.0067613507
2018-04-12,global_markets_commodities,lda_topic,-0.046498233210295434,-0.009262596
2018-04-13,global_markets_commodities,lda_topic,-0.046113919187337156,-0.00918604
2018-04-16,sentiment_score,sentiment,-0.030398903414607048,-0.030398903
2018-04-17,tf_investor_sentiment_risk,tfidf,0.01947388508822769,0.004134583
2018-04-18,sentiment_score,sentiment,0.04801375791430473,0.048013758
2018-04-19,sentiment_score,sentiment,-0.023152416571974754,-0.023152417
2018-04-20,sentiment_score,sentiment,-0.028674272820353508,-0.028674273
2018-04-23,sentiment_score,sentiment,-0.0275131743401289,-0.027513174
2018-04-24,sentiment_score,sentiment,0.04126276075839996,0.04126276
2018-04-25,global_markets_commodities,lda_topic,-0.03860354460775852,-0.007689949
2018-04-26,sentiment_score,sentiment,-0.024840710684657097,-0.02484071
2018-04-27,global_markets_commodities,lda_topic,-0.051657149419188496,-0.010290269
2018-04-30,tf_macro_economy,tfidf,0.03276672047562897,0.006956841
2018-05-01,sentiment_score,sentiment,0.05431203544139862,0.054312035
2018-05-02,global_markets_commodities,lda_topic,-0.022699170541018245,-0.004521747
2018-05-03,sentiment_score,sentiment,-0.03235526382923126,-0.032355264
2018-05-04,tf_macro_economy,tfidf,0.03734176089987159,0.007928187
2018-05-07,sentiment_score,sentiment,0.04551945626735687,0.045519456
2018-05-08,tf_currency_fx,tfidf,-0.03297995843924582,-0.0070021143
2018-05-09,tf_bonds_credit_ratings,tfidf,-0.02711703739129007,-0.005757333
2018-05-10,sentiment_score,sentiment,-0.022095391526818275,-0.022095392
2018-05-11,sentiment_score,sentiment,-0.02702067419886589,-0.027020674
2018-05-14,global_markets_commodities,lda_topic,-0.06401624742895365,-0.0127522405
2018-05-15,tf_macro_economy,tfidf,0.02918629925698042,0.0061966665
2018-05-16,sentiment_score,sentiment,-0.026894116774201393,-0.026894117
2018-05-17,sentiment_score,sentiment,0.04627617821097374,0.04627618
2018-05-18,sentiment_score,sentiment,-0.026602372527122498,-0.026602373
2018-05-21,sentiment_score,sentiment,0.044457823038101196,0.044457823
2018-05-22,tf_bonds_credit_ratings,tfidf,0.024114333051256834,0.005119816
2018-05-23,global_markets_commodities,lda_topic,-0.05740814261138439,-0.011435885
2018-05-24,sentiment_score,sentiment,-0.03038814850151539,-0.030388149
2018-05-25,global_markets_commodities,lda_topic,-0.06958697274327277,-0.013861947
2018-05-29,global_markets_commodities,lda_topic,-0.06958697274327277,-0.013861947
2018-05-30,sentiment_score,sentiment,-0.03066902793943882,-0.030669028
2018-05-31,global_markets_commodities,lda_topic,0.013141605672426521,0.0026178497
2018-06-01,sentiment_score,sentiment,0.03657127916812897,0.03657128
2018-06-04,global_markets_commodities,lda_topic,-0.02730784848332405,-0.0054398105
2018-06-05,sentiment_score,sentiment,0.04871233180165291,0.04871233
2018-06-06,tf_bonds_credit_ratings,tfidf,0.02672129787504673,0.0056733117
2018-06-07,sentiment_score,sentiment,-0.029917119070887566,-0.02991712
2018-06-08,tf_bonds_credit_ratings,tfidf,0.024114333051256834,0.005119816
2018-06-11,sentiment_score,sentiment,-0.028214041143655777,-0.028214041
2018-06-12,tf_bonds_credit_ratings,tfidf,0.028694880763068795,0.0060923314
2018-06-13,sentiment_score,sentiment,0.047418832778930664,0.047418833
2018-06-14,sentiment_score,sentiment,0.038607046008110046,0.038607046
2018-06-15,global_markets_commodities,lda_topic,-0.06295284554362296,-0.0125404075
2018-06-18,sentiment_score,sentiment,-0.028899740427732468,-0.02889974
2018-06-19,tf_bonds_credit_ratings,tfidf,-0.020826116097159685,-0.0044216807
2018-06-20,sentiment_score,sentiment,0.04783197119832039,0.04783197
2018-06-21,sentiment_score,sentiment,-0.025426695123314857,-0.025426695
2018-06-22,global_markets_commodities,lda_topic,-0.05313236040994525,-0.010584136
2018-06-25,sentiment_score,sentiment,-0.030802210792899132,-0.03080221
2018-06-26,sentiment_score,sentiment,-0.029239950701594353,-0.02923995
2018-06-27,sentiment_score,sentiment,-0.030946288257837296,-0.030946288
2018-06-28,sentiment_score,sentiment,-0.028487030416727066,-0.02848703
2018-06-29,sentiment_score,sentiment,0.04299234226346016,0.042992342
2018-07-02,tf_bonds_credit_ratings,tfidf,0.035762605955824256,0.00759291
2018-07-03,sentiment_score,sentiment,-0.03074551373720169,-0.030745514
2018-07-05,tf_macro_economy,tfidf,0.03734176089987159,0.007928187
2018-07-06,sentiment_score,sentiment,0.04194284975528717,0.04194285
2018-07-09,sentiment_score,sentiment,0.03651673346757889,0.036516733
2018-07-10,sentiment_score,sentiment,0.05049525201320648,0.050495252
2018-07-11,sentiment_score,sentiment,0.04836541414260864,0.048365414
2018-07-12,sentiment_score,sentiment,-0.02783815935254097,-0.02783816
2018-07-13,sentiment_score,sentiment,0.0432727076113224,0.043272708
2018-07-16,tf_macro_economy,tfidf,0.03204582947306335,0.0068037855
2018-07-17,sentiment_score,sentiment,-0.03196725994348526,-0.03196726
2018-07-18,sentiment_score,sentiment,-0.026820112019777298,-0.026820112
2018-07-19,global_markets_commodities,lda_topic,-0.06958697274327277,-0.013861947
2018-07-20,global_markets_commodities,lda_topic,-0.06295284554362296,-0.0125404075
2018-07-23,sentiment_score,sentiment,-0.027227794751524925,-0.027227795
2018-07-24,sentiment_score,sentiment,0.0449354462325573,0.044935446
2018-07-25,sentiment_score,sentiment,-0.029036637395620346,-0.029036637
2018-07-26,sentiment_score,sentiment,-0.025948641821742058,-0.025948642
2018-07-27,tf_bonds_credit_ratings,tfidf,0.026190902874805033,0.0055607012
2018-07-30,global_markets_commodities,lda_topic,-0.050774015411734576,-0.010114346
2018-07-31,sentiment_score,sentiment,0.0493721067905426,0.049372107
2018-08-01,tf_bonds_credit_ratings,tfidf,0.01965357268229127,0.004172733
2018-08-02,global_markets_commodities,lda_topic,-0.050774015411734576,-0.010114346
2018-08-03,global_markets_commodities,lda_topic,-0.05740814261138439,-0.011435885
2018-08-06,sentiment_score,sentiment,0.04757268726825714,0.047572687
2018-08-07,sentiment_score,sentiment,0.03994996100664139,0.03994996
2018-08-08,sentiment_score,sentiment,0.03796021267771721,0.037960213
2018-08-09,sentiment_score,sentiment,-0.029920386150479317,-0.029920386
2018-08-10,global_markets_commodities,lda_topic,-0.050774015411734576,-0.010114346
2018-08-13,global_markets_commodities,lda_topic,-0.050774015411734576,-0.010114346
2018-08-14,sentiment_score,sentiment,0.04831917583942413,0.048319176
2018-08-15,global_markets_commodities,lda_topic,-0.054879604876041405,-0.010932192
2018-08-16,sentiment_score,sentiment,0.05092468857765198,0.05092469
2018-08-17,sentiment_score,sentiment,0.04160714149475098,0.04160714
2018-08-20,sentiment_score,sentiment,0.03977079316973686,0.039770793
2018-08-21,tf_bonds_credit_ratings,tfidf,-0.021217927476391195,-0.004504868
2018-08-22,sentiment_score,sentiment,-0.03239361569285393,-0.032393616
2018-08-23,tf_currency_fx,tfidf,-0.031687112264335154,-0.0067276247
2018-08-24,tf_currency_fx,tfidf,-0.031687112264335154,-0.0067276247
2018-08-27,sentiment_score,sentiment,0.04825557768344879,0.048255578
2018-08-28,tf_bonds_credit_ratings,tfidf,0.028694880763068795,0.0060923314
2018-08-29,sentiment_score,sentiment,0.05087260529398918,0.050872605
2018-08-30,tf_currency_fx,tfidf,-0.028777476917020976,-0.0061098677
2018-08-31,tf_macro_economy,tfidf,0.025729308393783866,0.005462698
2018-09-04,tf_bonds_credit_ratings,tfidf,-0.01590502785751596,-0.0033768637
2018-09-05,global_markets_commodities,lda_topic,-0.03860354460775852,-0.007689949
2018-09-06,global_markets_commodities,lda_topic,-0.03860354460775852,-0.007689949
2018-09-07,sentiment_score,sentiment,0.038950543850660324,0.038950544
2018-09-10,sentiment_score,sentiment,0.04905003309249878,0.049050033
2018-09-11,sentiment_score,sentiment,0.03903666138648987,0.03903666
2018-09-12,tf_macro_economy,tfidf,0.03276672047562897,0.006956841
2018-09-13,sentiment_score,sentiment,-0.027490071952342987,-0.027490072
2018-09-14,tf_bonds_credit_ratings,tfidf,0.0388148451782763,0.008240944
2018-09-17,global_markets_commodities,lda_topic,-0.03860354460775852,-0.007689949
2018-09-18,sentiment_score,sentiment,0.05156823992729187,0.05156824
2018-09-19,sentiment_score,sentiment,0.04701198264956474,0.047011983
2018-09-20,global_markets_commodities,lda_topic,-0.051657149419188496,-0.010290269
2018-09-21,sentiment_score,sentiment,0.026083603501319885,0.026083604
2018-09-24,global_markets_commodities,lda_topic,-0.04757905036211013,-0.0094778985
2018-09-25,global_markets_commodities,lda_topic,-0.039666955843567844,-0.007901784
2018-09-26,sentiment_score,sentiment,-0.013676830567419529,-0.013676831
2018-09-27,tf_macro_economy,tfidf,0.03276672047562897,0.006956841
2018-09-28,sentiment_score,sentiment,0.04539848119020462,0.04539848
2018-10-01,sentiment_score,sentiment,0.04446063190698624,0.044460632
2018-10-02,sentiment_score,sentiment,0.04714973270893097,0.047149733
2018-10-03,global_markets_commodities,lda_topic,-0.042917481437325475,-0.008549299
2018-10-04,global_markets_commodities,lda_topic,-0.045237676482647655,-0.009011489
2018-10-05,global_markets_commodities,lda_topic,-0.06958697274327277,-0.013861947
2018-10-08,global_markets_commodities,lda_topic,-0.050774015411734576,-0.010114346
2018-10-09,global_markets_commodities,lda_topic,-0.04611244648694992,-0.009185746
2018-10-10,sentiment_score,sentiment,0.047608982771635056,0.047608983
2018-10-11,global_markets_commodities,lda_topic,-0.053006947115063666,-0.010559153
2018-10-12,sentiment_score,sentiment,0.04372313618659973,0.043723136
2018-10-15,global_markets_commodities,lda_topic,-0.05512393288314342,-0.010980863
2018-10-16,sentiment_score,sentiment,0.05037246644496918,0.050372466
2018-10-17,sentiment_score,sentiment,0.03127111867070198,0.03127112
2018-10-18,sentiment_score,sentiment,0.03584498539566994,0.035844985
2018-10-19,sentiment_score,sentiment,0.02755739912390709,0.0275574
2018-10-22,sentiment_score,sentiment,-0.02710256353020668,-0.027102564
2018-10-23,sentiment_score,sentiment,-0.031397268176078796,-0.03139727
2018-10-24,sentiment_score,sentiment,-0.031307071447372437,-0.03130707
2018-10-25,tf_bonds_credit_ratings,tfidf,0.029243139903992414,0.0062087346
2018-10-26,sentiment_score,sentiment,0.03826063871383667,0.03826064
2018-10-29,sentiment_score,sentiment,-0.02962244674563408,-0.029622447
2018-10-30,sentiment_score,sentiment,0.0406012125313282,0.040601213
2018-10-31,sentiment_score,sentiment,0.04819110035896301,0.0481911
2018-11-01,sentiment_score,sentiment,0.03991193324327469,0.039911933
2018-11-02,tf_macro_economy,tfidf,0.03276672047562897,0.006956841
2018-11-05,sentiment_score,sentiment,-0.027804812416434288,-0.027804812
2018-11-06,sentiment_score,sentiment,-0.027812734246253967,-0.027812734
2018-11-07,tf_investor_sentiment_risk,tfidf,0.022304988401010632,0.0047356663
2018-11-08,sentiment_score,sentiment,-0.030523288995027542,-0.030523289
2018-11-09,sentiment_score,sentiment,0.03710944950580597,0.03710945
2018-11-12,global_markets_commodities,lda_topic,-0.050774015411734576,-0.010114346
2018-11-13,sentiment_score,sentiment,0.04956294596195221,0.049562946
2018-11-14,sentiment_score,sentiment,-0.02987753041088581,-0.02987753
2018-11-15,sentiment_score,sentiment,-0.028655750676989555,-0.02865575
2018-11-16,sentiment_score,sentiment,-0.031016161665320396,-0.031016162
2018-11-19,sentiment_score,sentiment,-0.029605679214000702,-0.02960568
2018-11-20,sentiment_score,sentiment,-0.03145160898566246,-0.03145161
2018-11-21,sentiment_score,sentiment,-0.03447907790541649,-0.034479078
2018-11-23,sentiment_score,sentiment,-0.027542898431420326,-0.027542898
2018-11-26,global_markets_commodities,lda_topic,-0.057382120229303835,-0.011430701
2018-11-27,global_markets_commodities,lda_topic,-0.04611244648694992,-0.009185746
2018-11-28,sentiment_score,sentiment,-0.028312185779213905,-0.028312186
2018-11-29,sentiment_score,sentiment,-0.02960553951561451,-0.02960554
2018-11-30,sentiment_score,sentiment,-0.0305766724050045,-0.030576672
2018-12-03,sentiment_score,sentiment,0.047605983912944794,0.047605984
2018-12-04,sentiment_score,sentiment,-0.02503781020641327,-0.02503781
2018-12-06,tf_bonds_credit_ratings,tfidf,-0.027287611970677972,-0.005793548
2018-12-07,tf_macro_economy,tfidf,0.03276672047562897,0.006956841
2018-12-10,sentiment_score,sentiment,-0.027218930423259735,-0.02721893
2018-12-11,sentiment_score,sentiment,-0.023598264902830124,-0.023598265
2018-12-12,global_markets_commodities,lda_topic,-0.05740814261138439,-0.011435885
2018-12-13,tf_macro_economy,tfidf,0.03256372505798936,0.006913742
2018-12-14,sentiment_score,sentiment,-0.03147938475012779,-0.031479385
2018-12-17,global_markets_commodities,lda_topic,-0.05740814261138439,-0.011435885
2018-12-18,tf_currency_fx,tfidf,-0.03244134088978171,-0.006887758
2018-12-19,us_foreign_policy_geopolitics,lda_topic,-0.03779382120817899,-0.0075286496
2018-12-20,global_markets_commodities,lda_topic,-0.05740814261138439,-0.011435885
2018-12-21,sentiment_score,sentiment,-0.028141893446445465,-0.028141893
2018-12-24,tf_equity_markets,tfidf,-0.037642330275848505,-0.007992002
2018-12-26,sentiment_score,sentiment,-0.030867332592606544,-0.030867333
2018-12-27,sentiment_score,sentiment,-0.03251242637634277,-0.032512426
2018-12-28,tf_equity_markets,tfidf,-0.037642330275848505,-0.007992002
2018-12-31,sentiment_score,sentiment,0.04768369346857071,0.047683693
2019-01-02,tf_central_bank_policy,tfidf,0.018746991120278837,0.003980253
2019-01-03,sentiment_score,sentiment,-0.029715443029999733,-0.029715443
2019-01-04,sentiment_score,sentiment,0.03806733712553978,0.038067337
2019-01-07,sentiment_score,sentiment,0.054674144834280014,0.054674145
2019-01-08,sentiment_score,sentiment,0.049107860773801804,0.04910786
2019-01-09,sentiment_score,sentiment,0.03773227706551552,0.037732277
2019-01-10,tf_macro_economy,tfidf,0.03734176089987159,0.007928187
2019-01-11,tf_macro_economy,tfidf,0.03276672047562897,0.006956841
2019-01-14,sentiment_score,sentiment,-0.02836095541715622,-0.028360955
2019-01-15,sentiment_score,sentiment,0.04822178930044174,0.04822179
2019-01-16,sentiment_score,sentiment,0.03803596273064613,0.038035963
2019-01-17,tf_macro_economy,tfidf,0.025008419584482907,0.005309643
2019-01-18,sentiment_score,sentiment,-0.028265714645385742,-0.028265715
2019-01-22,sentiment_score,sentiment,-0.026484431698918343,-0.026484432
2019-01-23,tf_bonds_credit_ratings,tfidf,0.024114333051256834,0.005119816
2019-01-24,tf_macro_economy,tfidf,0.03376133968122304,0.0071680127
2019-01-25,tf_macro_economy,tfidf,0.03376133968122304,0.0071680127
2019-01-28,global_markets_commodities,lda_topic,-0.050774015411734576,-0.010114346
2019-01-29,sentiment_score,sentiment,0.04146813973784447,0.04146814
2019-01-30,sentiment_score,sentiment,0.036964740604162216,0.03696474
2019-01-31,sentiment_score,sentiment,0.02820385806262493,0.028203858
2019-02-01,tf_macro_economy,tfidf,0.03734176089987159,0.007928187
2019-02-04,sentiment_score,sentiment,0.03319160267710686,0.033191603
2019-02-05,sentiment_score,sentiment,-0.028682172298431396,-0.028682172
2019-02-06,global_markets_commodities,lda_topic,-0.05313236040994525,-0.010584136
2019-02-07,global_markets_commodities,lda_topic,-0.045237676482647655,-0.009011489
2019-02-08,sentiment_score,sentiment,0.02890271320939064,0.028902713
2019-02-11,tf_bonds_credit_ratings,tfidf,0.035762605955824256,0.00759291
2019-02-12,tf_bonds_credit_ratings,tfidf,-0.02711703739129007,-0.005757333
2019-02-13,tf_macro_economy,tfidf,0.036620869897305966,0.0077751316
2019-02-14,global_markets_commodities,lda_topic,-0.03860354460775852,-0.007689949
2019-02-15,tf_macro_economy,tfidf,0.03376133968122304,0.0071680127
2019-02-19,sentiment_score,sentiment,0.052873075008392334,0.052873075
2019-02-20,sentiment_score,sentiment,-0.027487510815262794,-0.02748751
2019-02-21,tf_currency_fx,tfidf,-0.02451776873320341,-0.005205471
2019-02-22,tf_macro_economy,tfidf,0.03734176089987159,0.007928187
2019-02-25,global_markets_commodities,lda_topic,-0.041711250990629195,-0.008309014
2019-02-26,sentiment_score,sentiment,-0.030104322358965874,-0.030104322
2019-02-27,sentiment_score,sentiment,-0.03243948146700859,-0.03243948
2019-02-28,sentiment_score,sentiment,-0.03410355746746063,-0.034103557
2019-03-01,tf_bonds_credit_ratings,tfidf,0.030299207805655898,0.006432953
2019-03-04,tf_bonds_credit_ratings,tfidf,0.026190902874805033,0.0055607012
2019-03-05,sentiment_score,sentiment,0.035306256264448166,0.035306256
2019-03-06,tf_macro_economy,tfidf,0.03276672047562897,0.006956841
2019-03-07,tf_bonds_credit_ratings,tfidf,-0.03780286847613752,-0.008026087
2019-03-08,tf_bonds_credit_ratings,tfidf,-0.041220001140609384,-0.008751593
2019-03-11,sentiment_score,sentiment,0.04804540053009987,0.0480454
2019-03-12,sentiment_score,sentiment,-0.027309691533446312,-0.027309692
2019-03-13,tf_bonds_credit_ratings,tfidf,0.02661831313278526,0.0056514465
2019-03-14,sentiment_score,sentiment,-0.027768569067120552,-0.027768569
2019-03-15,tf_macro_economy,tfidf,0.02918629925698042,0.0061966665
2019-03-18,global_markets_commodities,lda_topic,-0.033941980358213185,-0.0067613507
2019-03-19,global_markets_commodities,lda_topic,-0.033941980358213185,-0.0067613507
2019-03-20,sentiment_score,sentiment,-0.031407035887241364,-0.031407036
2019-03-21,sentiment_score,sentiment,0.052064888179302216,0.05206489
2019-03-22,sentiment_score,sentiment,-0.030041443184018135,-0.030041443
2019-03-25,tf_macro_economy,tfidf,0.03734176089987159,0.007928187
2019-03-26,global_markets_commodities,lda_topic,-0.05975788049399852,-0.01190396
2019-03-27,global_markets_commodities,lda_topic,-0.06639200769364834,-0.0132255
2019-03-28,sentiment_score,sentiment,-0.02457214891910553,-0.024572149
2019-03-29,tf_macro_economy,tfidf,0.03734176089987159,0.007928187
2019-04-01,tf_macro_economy,tfidf,0.025729308393783866,0.005462698
2019-04-02,sentiment_score,sentiment,-0.030184878036379814,-0.030184878
2019-04-03,sentiment_score,sentiment,0.04433092474937439,0.044330925
2019-04-04,sentiment_score,sentiment,0.04645116627216339,0.046451166
2019-04-05,sentiment_score,sentiment,0.05051484331488609,0.050514843
2019-04-08,global_markets_commodities,lda_topic,-0.039666955843567844,-0.007901784
2019-04-09,sentiment_score,sentiment,-0.03078891895711422,-0.030788919
2019-04-10,sentiment_score,sentiment,0.04656906798481941,0.046569068
2019-04-11,tf_macro_economy,tfidf,0.03276672047562897,0.006956841
2019-04-12,tf_macro_economy,tfidf,0.036620869897305966,0.0077751316
2019-04-15,sentiment_score,sentiment,0.03982435539364815,0.039824355
2019-04-16,tf_bonds_credit_ratings,tfidf,0.035762605955824256,0.00759291
2019-04-17,sentiment_score,sentiment,-0.03197361156344414,-0.03197361
2019-04-18,tf_macro_economy,tfidf,0.03204582947306335,0.0068037855
2019-04-22,sentiment_score,sentiment,0.04655054584145546,0.046550546
2019-04-23,global_markets_commodities,lda_topic,-0.04358390875160694,-0.008682054
2019-04-24,sentiment_score,sentiment,-0.031883664429187775,-0.031883664
2019-04-25,sentiment_score,sentiment,-0.03020440973341465,-0.03020441
2019-04-26,sentiment_score,sentiment,0.051829274743795395,0.051829275
2019-04-29,sentiment_score,sentiment,0.05117679387331009,0.051176794
2019-04-30,tf_bonds_credit_ratings,tfidf,0.035762605955824256,0.00759291
2019-05-01,tf_macro_economy,tfidf,0.03276672047562897,0.006956841
2019-05-02,global_markets_commodities,lda_topic,-0.041711250990629195,-0.008309014
2019-05-03,sentiment_score,sentiment,0.04567267745733261,0.045672677
2019-05-06,sentiment_score,sentiment,-0.03151031956076622,-0.03151032
2019-05-07,global_markets_commodities,lda_topic,-0.036283351900056,-0.0072277593
2019-05-08,sentiment_score,sentiment,-0.02673955075442791,-0.02673955
2019-05-09,sentiment_score,sentiment,-0.025179706513881683,-0.025179707
2019-05-10,global_markets_commodities,lda_topic,-0.04757905036211013,-0.0094778985
2019-05-13,sentiment_score,sentiment,-0.03227881342172623,-0.032278813
2019-05-14,sentiment_score,sentiment,-0.028173135593533516,-0.028173136
2019-05-15,sentiment_score,sentiment,-0.02556121163070202,-0.025561212
2019-05-16,tf_macro_economy,tfidf,0.03734176089987159,0.007928187
2019-05-17,sentiment_score,sentiment,-0.029275309294462204,-0.02927531
2019-05-20,tf_macro_economy,tfidf,0.03734176089987159,0.007928187
2019-05-21,sentiment_score,sentiment,-0.028788309544324875,-0.02878831
2019-05-22,tf_macro_economy,tfidf,0.03734176089987159,0.007928187
2019-05-23,global_markets_commodities,lda_topic,-0.053006947115063666,-0.010559153
2019-05-24,global_markets_commodities,lda_topic,-0.03860354460775852,-0.007689949
2019-05-28,tf_bonds_credit_ratings,tfidf,-0.029399780672974885,-0.0062419917
2019-05-29,sentiment_score,sentiment,-0.02675025351345539,-0.026750254
2019-05-30,sentiment_score,sentiment,0.048124637454748154,0.048124637
2019-05-31,sentiment_score,sentiment,-0.026793038472533226,-0.026793038
2019-06-03,tf_macro_economy,tfidf,0.03276672047562897,0.006956841
2019-06-04,sentiment_score,sentiment,-0.027331119403243065,-0.02733112
2019-06-05,sentiment_score,sentiment,0.0492374412715435,0.04923744
2019-06-06,global_markets_commodities,lda_topic,-0.053006947115063666,-0.010559153
2019-06-07,sentiment_score,sentiment,0.051398035138845444,0.051398035
2019-06-10,sentiment_score,sentiment,0.03910857439041138,0.039108574
2019-06-11,sentiment_score,sentiment,0.04607880860567093,0.04607881
2019-06-12,global_markets_commodities,lda_topic,-0.05740814261138439,-0.011435885
2019-06-13,global_markets_commodities,lda_topic,-0.04095353495329618,-0.008158075
2019-06-14,global_markets_commodities,lda_topic,-0.054213177561759945,-0.010799438
2019-06-17,sentiment_score,sentiment,-0.03088381513953209,-0.030883815
2019-06-18,sentiment_score,sentiment,0.05175136774778366,0.051751368
2019-06-19,sentiment_score,sentiment,-0.02972116693854332,-0.029721167
2019-06-20,tf_bonds_credit_ratings,tfidf,-0.039542052783072,-0.00839534
2019-06-21,global_markets_commodities,lda_topic,-0.045237676482647655,-0.009011489
2019-06-24,global_markets_commodities,lda_topic,-0.039666955843567844,-0.007901784
2019-06-25,sentiment_score,sentiment,-0.031338006258010864,-0.031338006
2019-06-26,global_markets_commodities,lda_topic,-0.033941980358213185,-0.0067613507
2019-06-27,tf_bonds_credit_ratings,tfidf,0.026190902874805033,0.0055607012
2019-06-28,sentiment_score,sentiment,0.03266371041536331,0.03266371
2019-07-01,sentiment_score,sentiment,0.04688725620508194,0.046887256
2019-07-02,global_markets_commodities,lda_topic,-0.04981198206543922,-0.009922706
2019-07-03,tf_macro_economy,tfidf,0.03276672047562897,0.006956841
2019-07-05,global_markets_commodities,lda_topic,-0.05183741729706525,-0.010326179
2019-07-08,global_markets_commodities,lda_topic,-0.045237676482647655,-0.009011489
2019-07-09,global_markets_commodities,lda_topic,-0.036008609123528,-0.0071730297
2019-07-10,sentiment_score,sentiment,-0.026429977267980576,-0.026429977
2019-07-11,global_markets_commodities,lda_topic,-0.039666955843567844,-0.007901784
2019-07-12,tf_macro_economy,tfidf,0.03204582947306335,0.0068037855
2019-07-15,tf_bonds_credit_ratings,tfidf,-0.041220001140609384,-0.008751593
2019-07-16,sentiment_score,sentiment,0.040921032428741455,0.040921032
2019-07-17,global_markets_commodities,lda_topic,-0.0582912766188383,-0.011611808
2019-07-18,global_markets_commodities,lda_topic,-0.04611244648694992,-0.009185746
2019-07-19,sentiment_score,sentiment,0.043426450341939926,0.04342645
2019-07-22,global_markets_commodities,lda_topic,-0.045237676482647655,-0.009011489
2019-07-23,sentiment_score,sentiment,0.04575027897953987,0.04575028
2019-07-24,global_markets_commodities,lda_topic,-0.06401624742895365,-0.0127522405
2019-07-25,sentiment_score,sentiment,-0.02986147254705429,-0.029861473
2019-07-26,tf_macro_economy,tfidf,0.03276672047562897,0.006956841
2019-08-01,tf_bonds_credit_ratings,tfidf,-0.03780286847613752,-0.008026087
2019-08-02,global_markets_commodities,lda_topic,-0.050774015411734576,-0.010114346
2019-08-05,global_markets_commodities,lda_topic,-0.06958697274327277,-0.013861947
2019-08-06,sentiment_score,sentiment,-0.02843746542930603,-0.028437465
2019-08-07,global_markets_commodities,lda_topic,-0.05183741729706525,-0.010326179
2019-08-08,global_markets_commodities,lda_topic,-0.045237676482647655,-0.009011489
2019-08-09,global_markets_commodities,lda_topic,-0.041711250990629195,-0.008309014
2019-08-12,global_markets_commodities,lda_topic,-0.04743622180074453,-0.009449447
2019-08-13,tf_bonds_credit_ratings,tfidf,-0.037429886274039745,-0.007946897
2019-08-14,sentiment_score,sentiment,-0.02767089568078518,-0.027670896
2019-08-15,tf_macro_economy,tfidf,0.03734176089987159,0.007928187
2019-08-16,sentiment_score,sentiment,0.04140162095427513,0.04140162
2019-08-19,sentiment_score,sentiment,0.045337941497564316,0.04533794
2019-08-20,tf_bonds_credit_ratings,tfidf,-0.041220001140609384,-0.008751593
2019-08-21,global_markets_commodities,lda_topic,-0.05740814261138439,-0.011435885
2019-08-22,global_markets_commodities,lda_topic,-0.06958697274327277,-0.013861947
2019-08-23,sentiment_score,sentiment,-0.030572596937417984,-0.030572597
2019-08-26,global_markets_commodities,lda_topic,-0.03860354460775852,-0.007689949
2019-08-27,sentiment_score,sentiment,-0.02633270062506199,-0.0263327
2019-08-28,global_markets_commodities,lda_topic,-0.06295284554362296,-0.0125404075
2019-08-29,tf_bonds_credit_ratings,tfidf,-0.03569070196710527,-0.0075776437
2019-08-30,sentiment_score,sentiment,0.048094820231199265,0.04809482
2019-09-03,global_markets_commodities,lda_topic,-0.03303282396867871,-0.006580244
2019-09-04,sentiment_score,sentiment,0.03379156440496445,0.033791564
2019-09-05,tf_macro_economy,tfidf,0.03734176089987159,0.007928187
2019-09-06,tf_macro_economy,tfidf,0.03734176089987159,0.007928187
2019-09-09,tf_macro_economy,tfidf,0.03734176089987159,0.007928187
2019-09-10,tf_macro_economy,tfidf,0.03276672047562897,0.006956841
2019-09-11,tf_equity_markets,tfidf,0.020753420339897275,0.0044062464
2019-09-12,sentiment_score,sentiment,0.04616548493504524,0.046165485
2019-09-13,global_markets_commodities,lda_topic,-0.039666955843567844,-0.007901784
2019-09-16,global_markets_commodities,lda_topic,-0.045237676482647655,-0.009011489
2019-09-17,sentiment_score,sentiment,-0.024921419098973274,-0.02492142
2019-09-18,sentiment_score,sentiment,-0.025616593658924103,-0.025616594
2019-09-19,sentiment_score,sentiment,0.046682946383953094,0.046682946
2019-09-20,sentiment_score,sentiment,-0.02413688227534294,-0.024136882
2019-09-23,sentiment_score,sentiment,-0.025941485539078712,-0.025941486
2019-09-24,sentiment_score,sentiment,-0.030646560713648796,-0.03064656
2019-09-25,sentiment_score,sentiment,-0.030109412968158722,-0.030109413
2019-09-26,tf_macro_economy,tfidf,0.03276672047562897,0.006956841
2019-09-27,global_markets_commodities,lda_topic,-0.05740814261138439,-0.011435885
2019-09-30,global_markets_commodities,lda_topic,-0.045237676482647655,-0.009011489
2019-10-01,global_markets_commodities,lda_topic,-0.04611244648694992,-0.009185746
2019-10-02,sentiment_score,sentiment,-0.03204253315925598,-0.032042533
2019-10-03,tf_macro_economy,tfidf,0.03734176089987159,0.007928187
2019-10-04,sentiment_score,sentiment,0.039815664291381836,0.039815664
2019-10-07,global_markets_commodities,lda_topic,-0.05740814261138439,-0.011435885
2019-10-08,tf_bonds_credit_ratings,tfidf,0.0367382753547281,0.0078000585
2019-10-09,sentiment_score,sentiment,0.04950694739818573,0.049506947
2019-10-10,tf_macro_economy,tfidf,0.03734176089987159,0.007928187
2019-10-11,sentiment_score,sentiment,-0.025879904627799988,-0.025879905
2019-10-14,sentiment_score,sentiment,-0.028389541432261467,-0.028389541
2019-10-15,sentiment_score,sentiment,-0.029560135677456856,-0.029560136
2019-10-16,tf_macro_economy,tfidf,0.03734176089987159,0.007928187
2019-10-17,sentiment_score,sentiment,0.041993219405412674,0.04199322
2019-10-18,tf_macro_economy,tfidf,0.03734176089987159,0.007928187
2019-10-21,sentiment_score,sentiment,0.048125676810741425,0.048125677
2019-10-22,sentiment_score,sentiment,0.035330623388290405,0.035330623
2019-10-23,tf_bonds_credit_ratings,tfidf,0.0367382753547281,0.0078000585
2019-10-24,tf_macro_economy,tfidf,0.03734176089987159,0.007928187
2019-10-25,tf_macro_economy,tfidf,0.03734176089987159,0.007928187
2019-10-28,sentiment_score,sentiment,0.050877176225185394,0.050877176
2019-10-29,global_markets_commodities,lda_topic,-0.041711250990629195,-0.008309014
2019-10-30,tf_macro_economy,tfidf,0.03256372505798936,0.006913742
2019-10-31,global_markets_commodities,lda_topic,-0.039666955843567844,-0.007901784
2019-11-01,tf_macro_economy,tfidf,0.03734176089987159,0.007928187
2019-11-04,sentiment_score,sentiment,0.049330729991197586,0.04933073
2019-11-05,global_markets_commodities,lda_topic,-0.04611244648694992,-0.009185746
2019-11-06,global_markets_commodities,lda_topic,-0.045237676482647655,-0.009011489
2019-11-07,sentiment_score,sentiment,0.05029454454779625,0.050294545
2019-11-08,sentiment_score,sentiment,-0.029040077701210976,-0.029040078
2019-11-11,tf_macro_economy,tfidf,0.03276672047562897,0.006956841
2019-11-12,tf_bonds_credit_ratings,tfidf,-0.021217927476391195,-0.004504868
2019-11-13,sentiment_score,sentiment,0.03832491859793663,0.03832492
2019-11-14,tf_macro_economy,tfidf,0.03734176089987159,0.007928187
2019-11-15,tf_bonds_credit_ratings,tfidf,-0.03569070196710527,-0.0075776437
2019-11-18,sentiment_score,sentiment,0.03908349573612213,0.039083496
2019-11-19,tf_currency_fx,tfidf,-0.03367695601657033,-0.007150097
2019-11-20,sentiment_score,sentiment,-0.03002510778605938,-0.030025108
2019-11-21,sentiment_score,sentiment,0.05026597902178764,0.05026598
2019-11-22,sentiment_score,sentiment,-0.028839508071541786,-0.028839508
2019-11-25,sentiment_score,sentiment,-0.028972657397389412,-0.028972657
2019-11-26,sentiment_score,sentiment,-0.022673925384879112,-0.022673925
2019-11-27,sentiment_score,sentiment,0.0447552427649498,0.044755243
2019-11-29,global_markets_commodities,lda_topic,-0.033941980358213185,-0.0067613507
2019-12-02,sentiment_score,sentiment,0.050917841494083405,0.05091784
2019-12-03,global_markets_commodities,lda_topic,-0.045237676482647655,-0.009011489
2019-12-04,sentiment_score,sentiment,0.040151871740818024,0.04015187
2019-12-05,global_markets_commodities,lda_topic,-0.04611244648694992,-0.009185746
2019-12-06,sentiment_score,sentiment,0.04739705100655556,0.04739705
2019-12-09,global_markets_commodities,lda_topic,-0.039666955843567844,-0.007901784
2019-12-10,global_markets_commodities,lda_topic,-0.045237676482647655,-0.009011489
2019-12-11,tf_macro_economy,tfidf,0.036929778065532444,0.007840717
2019-12-12,sentiment_score,sentiment,-0.027307022362947464,-0.027307022
2019-12-13,tf_currency_fx,tfidf,-0.03664382021874189,-0.0077800043
2019-12-16,global_markets_commodities,lda_topic,-0.02730784848332405,-0.0054398105
2019-12-17,tf_macro_economy,tfidf,0.03276672047562897,0.006956841
2019-12-18,global_markets_commodities,lda_topic,-0.04530345709994435,-0.009024593
2019-12-19,sentiment_score,sentiment,0.04969228059053421,0.04969228
2019-12-20,tf_macro_economy,tfidf,0.03376133968122304,0.0071680127
2019-12-23,global_markets_commodities,lda_topic,-0.039478319287300105,-0.007864207
2019-12-24,tf_currency_fx,tfidf,-0.03670104907359928,-0.007792155
2019-12-26,sentiment_score,sentiment,0.04767962545156479,0.047679625
2019-12-27,sentiment_score,sentiment,0.04634755849838257,0.04634756
2019-12-30,sentiment_score,sentiment,0.04429268836975098,0.04429269
2019-12-31,sentiment_score,sentiment,0.048749931156635284,0.04874993
2020-01-02,sentiment_score,sentiment,0.04809135943651199,0.04809136
2020-01-03,tf_macro_economy,tfidf,0.03276672047562897,0.006956841
2020-01-06,sentiment_score,sentiment,-0.02952444925904274,-0.02952445
2020-01-07,global_markets_commodities,lda_topic,-0.03860354460775852,-0.007689949
2020-01-08,global_markets_commodities,lda_topic,-0.050774015411734576,-0.010114346
2020-01-09,tf_macro_economy,tfidf,0.03734176089987159,0.007928187
2020-01-10,tf_macro_economy,tfidf,0.03734176089987159,0.007928187
2020-01-13,sentiment_score,sentiment,0.048776768147945404,0.04877677
2020-01-14,sentiment_score,sentiment,0.03756818175315857,0.03756818
2020-01-15,tf_bonds_credit_ratings,tfidf,0.035762605955824256,0.00759291
2020-01-16,sentiment_score,sentiment,0.041187189519405365,0.04118719
2020-01-17,tf_macro_economy,tfidf,0.03734176089987159,0.007928187
2020-01-21,tf_macro_economy,tfidf,0.02918629925698042,0.0061966665
2020-01-22,sentiment_score,sentiment,-0.028035026043653488,-0.028035026
2020-01-23,tf_macro_economy,tfidf,0.03276672047562897,0.006956841
2020-01-24,sentiment_score,sentiment,-0.029070928692817688,-0.029070929
2020-01-27,global_markets_commodities,lda_topic,-0.04834779996424913,-0.009631036
2020-01-28,tf_macro_economy,tfidf,0.03276672047562897,0.006956841
2020-01-29,sentiment_score,sentiment,-0.029877634719014168,-0.029877635
2020-01-30,global_markets_commodities,lda_topic,-0.04095353495329618,-0.008158075
2020-01-31,global_markets_commodities,lda_topic,-0.054879604876041405,-0.010932192
2020-02-03,tf_macro_economy,tfidf,0.03376133968122304,0.0071680127
2020-02-04,sentiment_score,sentiment,0.03863358497619629,0.038633585
2020-02-05,tf_macro_economy,tfidf,0.03734176089987159,0.007928187
2020-02-06,tf_macro_economy,tfidf,0.03276672047562897,0.006956841
2020-02-07,sentiment_score,sentiment,0.04167363420128822,0.041673634
2020-02-10,tf_macro_economy,tfidf,0.03734176089987159,0.007928187
2020-02-11,sentiment_score,sentiment,0.0382516086101532,0.03825161
2020-02-12,sentiment_score,sentiment,0.027191853150725365,0.027191853
2020-02-13,sentiment_score,sentiment,-0.030059529468417168,-0.03005953
2020-02-14,sentiment_score,sentiment,-0.02961445041000843,-0.02961445
2020-02-18,sentiment_score,sentiment,-0.02796814776957035,-0.027968148
2020-02-19,sentiment_score,sentiment,0.04622995853424072,0.04622996
2020-02-20,global_markets_commodities,lda_topic,-0.05313236040994525,-0.010584136
2020-02-21,tf_macro_economy,tfidf,0.03276672047562897,0.006956841
2020-02-24,global_markets_commodities,lda_topic,-0.05740814261138439,-0.011435885
2020-02-25,global_markets_commodities,lda_topic,-0.06958697274327277,-0.013861947
2020-02-26,global_markets_commodities,lda_topic,-0.045237676482647655,-0.009011489
2020-02-27,tf_macro_economy,tfidf,0.03276672047562897,0.006956841
2020-02-28,global_markets_commodities,lda_topic,-0.036008609123528,-0.0071730297
2020-03-02,tf_bonds_credit_ratings,tfidf,-0.03771845849230886,-0.008008165
2020-03-03,global_markets_commodities,lda_topic,-0.05313236040994525,-0.010584136
2020-03-04,sentiment_score,sentiment,-0.025425666943192482,-0.025425667
2020-03-05,tf_macro_economy,tfidf,0.03276672047562897,0.006956841
2020-03-06,tf_macro_economy,tfidf,0.03276672047562897,0.006956841
2020-03-09,global_markets_commodities,lda_topic,-0.045237676482647655,-0.009011489
2020-03-10,tf_bonds_credit_ratings,tfidf,-0.029399780672974885,-0.0062419917
2020-03-11,tf_macro_economy,tfidf,0.03276672047562897,0.006956841
2020-03-12,global_markets_commodities,lda_topic,-0.045237676482647655,-0.009011489
2020-03-13,sentiment_score,sentiment,-0.025800367817282677,-0.025800368
2020-03-16,global_markets_commodities,lda_topic,-0.045237676482647655,-0.009011489
2020-03-17,sentiment_score,sentiment,0.04430384188890457,0.044303842
2020-03-18,global_markets_commodities,lda_topic,-0.05372377350926399,-0.010701947
2020-03-19,sentiment_score,sentiment,0.04296359792351723,0.042963598
2020-03-20,tf_macro_economy,tfidf,0.03276672047562897,0.006956841
2020-03-23,tf_macro_economy,tfidf,0.03276672047562897,0.006956841
2020-03-24,sentiment_score,sentiment,-0.02611132152378559,-0.026111322
2020-03-25,sentiment_score,sentiment,-0.0260126031935215,-0.026012603
2020-03-26,tf_macro_economy,tfidf,0.025729308393783866,0.005462698
2020-03-27,sentiment_score,sentiment,-0.023504259064793587,-0.023504259
2020-03-30,sentiment_score,sentiment,-0.02572142891585827,-0.025721429
2020-04-01,sentiment_score,sentiment,-0.026815634220838547,-0.026815634
2020-04-02,sentiment_score,sentiment,0.04714873060584068,0.04714873
2020-04-03,tf_macro_economy,tfidf,0.03030434881802648,0.0064340443
2020-04-06,sentiment_score,sentiment,0.04269329458475113,0.042693295
2020-04-07,global_markets_commodities,lda_topic,-0.03834998300299048,-0.007639439
2020-04-08,sentiment_score,sentiment,-0.023736730217933655,-0.02373673
2020-04-09,us_foreign_policy_geopolitics,lda_topic,-0.04169298015534877,-0.0083053745
2020-04-13,sentiment_score,sentiment,-0.030036678537726402,-0.030036679
2020-04-14,tf_bonds_credit_ratings,tfidf,0.0388148451782763,0.008240944
2020-04-15,sentiment_score,sentiment,-0.026053879410028458,-0.02605388
2020-04-16,sentiment_score,sentiment,0.03979944437742233,0.039799444
2020-04-21,tf_bonds_credit_ratings,tfidf,0.0388148451782763,0.008240944
2020-04-23,sentiment_score,sentiment,-0.0256422720849514,-0.025642272
2020-04-24,sentiment_score,sentiment,0.043995313346385956,0.043995313
2020-04-28,tf_bonds_credit_ratings,tfidf,0.029670547968707977,0.0062994794
2020-04-29,tf_bonds_credit_ratings,tfidf,0.03475574833340943,0.00737914
2020-04-30,tf_macro_economy,tfidf,0.02930972961243242,0.0062228725
2020-05-01,sentiment_score,sentiment,0.0380777046084404,0.038077705
2020-05-04,tf_bonds_credit_ratings,tfidf,0.0388148451782763,0.008240944
2020-05-05,tf_macro_economy,tfidf,0.03388477003667503,0.0071942187
2020-05-06,tf_bonds_credit_ratings,tfidf,0.02518404305912554,0.0053469306
2020-05-07,tf_bonds_credit_ratings,tfidf,0.03475574833340943,0.00737914
2020-05-08,tf_bonds_credit_ratings,tfidf,0.0388148451782763,0.008240944
2020-05-11,tf_bonds_credit_ratings,tfidf,0.0388148451782763,0.008240944
2020-05-12,tf_macro_economy,tfidf,0.03388477003667503,0.0071942187
2020-05-13,tf_macro_economy,tfidf,0.03734176089987159,0.007928187
2020-05-14,sentiment_score,sentiment,0.03894554451107979,0.038945545
2020-05-15,tf_bonds_credit_ratings,tfidf,0.02661831313278526,0.0056514465
2020-05-18,sentiment_score,sentiment,0.04469548538327217,0.044695485
2020-05-20,sentiment_score,sentiment,0.04178614914417267,0.04178615
2020-05-21,sentiment_score,sentiment,-0.0248530562967062,-0.024853056
2020-05-22,sentiment_score,sentiment,0.04409408196806908,0.044094082
2020-05-26,sentiment_score,sentiment,0.043762266635894775,0.043762267
2020-05-27,sentiment_score,sentiment,0.04952126741409302,0.049521267
2020-05-28,sentiment_score,sentiment,0.0458257719874382,0.045825772
2020-05-29,sentiment_score,sentiment,-0.028600456193089485,-0.028600456
2020-06-01,sentiment_score,sentiment,0.042084503918886185,0.042084504
2020-06-03,sentiment_score,sentiment,0.03575535863637924,0.03575536
2020-06-04,tf_bonds_credit_ratings,tfidf,0.03475574833340943,0.00737914
2020-06-05,tf_bonds_credit_ratings,tfidf,0.03475574833340943,0.00737914
2020-06-08,sentiment_score,sentiment,0.03972284495830536,0.039722845
2020-06-09,sentiment_score,sentiment,0.04753881320357323,0.047538813
2020-06-10,sentiment_score,sentiment,-0.02499360218644142,-0.024993602
2020-06-11,tf_equity_markets,tfidf,-0.037642330275848505,-0.007992002
2020-06-12,tf_bonds_credit_ratings,tfidf,-0.022819126923568547,-0.0048448252
2020-06-15,sentiment_score,sentiment,0.035874251276254654,0.03587425
2020-06-16,sentiment_score,sentiment,0.04016708955168724,0.04016709
2020-06-17,tf_bonds_credit_ratings,tfidf,0.03475574833340943,0.00737914
2020-06-18,tf_bonds_credit_ratings,tfidf,0.0388148451782763,0.008240944
2020-06-19,sentiment_score,sentiment,-0.028037646785378456,-0.028037647
2020-06-22,tf_bonds_credit_ratings,tfidf,0.03475574833340943,0.00737914
2020-06-23,sentiment_score,sentiment,0.03534301370382309,0.035343014
2020-06-25,tf_bonds_credit_ratings,tfidf,0.03475574833340943,0.00737914
2020-06-26,sentiment_score,sentiment,-0.022638339549303055,-0.02263834
2020-06-29,sentiment_score,sentiment,-0.027076419442892075,-0.02707642
2020-06-30,sentiment_score,sentiment,0.03703919053077698,0.03703919
2020-07-01,sentiment_score,sentiment,0.0440174825489521,0.044017483
2020-07-02,tf_macro_economy,tfidf,0.02930972961243242,0.0062228725
2020-07-06,tf_bonds_credit_ratings,tfidf,0.0388148451782763,0.008240944
2020-07-07,sentiment_score,sentiment,-0.027708349749445915,-0.02770835
2020-07-08,sentiment_score,sentiment,0.041114456951618195,0.041114457
2020-07-09,tf_equity_markets,tfidf,-0.03661057690624148,-0.0077729463
2020-07-10,sentiment_score,sentiment,0.04818715900182724,0.04818716
2020-07-14,tf_bonds_credit_ratings,tfidf,0.03475574833340943,0.00737914
2020-07-15,sentiment_score,sentiment,0.04379507526755333,0.043795075
2020-07-16,tf_bonds_credit_ratings,tfidf,0.027688020947389303,0.0058785607
2020-07-20,tf_bonds_credit_ratings,tfidf,0.0388148451782763,0.008240944
2020-07-24,tf_bonds_credit_ratings,tfidf,0.024635783918201922,0.0052305274
2020-07-27,tf_bonds_credit_ratings,tfidf,0.0388148451782763,0.008240944
2020-07-28,sentiment_score,sentiment,-0.029334114864468575,-0.029334115
2020-07-29,tf_bonds_credit_ratings,tfidf,0.02518404305912554,0.0053469306
2020-07-30,tf_macro_economy,tfidf,0.03030434881802648,0.0064340443
2020-07-31,tf_macro_economy,tfidf,0.03030434881802648,0.0064340443
2020-08-03,sentiment_score,sentiment,0.04465325549244881,0.044653255
2020-08-04,sentiment_score,sentiment,-0.025515496730804443,-0.025515497
2020-08-05,sentiment_score,sentiment,0.03553081303834915,0.035530813
2020-08-06,sentiment_score,sentiment,0.04715842381119728,0.047158424
2020-08-07,tf_bonds_credit_ratings,tfidf,0.03475574833340943,0.00737914
2020-08-10,sentiment_score,sentiment,-0.02720150724053383,-0.027201507
2020-08-12,sentiment_score,sentiment,0.044058579951524734,0.04405858
2020-08-13,sentiment_score,sentiment,0.03870605677366257,0.038706057
2020-08-17,global_markets_commodities,lda_topic,-0.04757905036211013,-0.0094778985
2020-08-18,sentiment_score,sentiment,-0.024647902697324753,-0.024647903
2020-08-19,tf_bonds_credit_ratings,tfidf,-0.020826116097159685,-0.0044216807
2020-08-20,sentiment_score,sentiment,0.04599235579371452,0.045992356
2020-08-21,sentiment_score,sentiment,0.0372326523065567,0.037232652
2020-08-24,sentiment_score,sentiment,-0.03012779727578163,-0.030127797
2020-08-25,sentiment_score,sentiment,0.046415917575359344,0.046415918
2020-08-26,us_foreign_policy_geopolitics,lda_topic,-0.03865909580141306,-0.007701015
2020-08-28,sentiment_score,sentiment,0.03635735437273979,0.036357354
2020-08-31,tf_equity_markets,tfidf,-0.037642330275848505,-0.007992002
2020-09-01,sentiment_score,sentiment,0.03673061728477478,0.036730617
2020-09-02,sentiment_score,sentiment,0.048487987369298935,0.048487987
2020-09-03,tf_equity_markets,tfidf,-0.037642330275848505,-0.007992002
2020-09-04,tf_equity_markets,tfidf,-0.037642330275848505,-0.007992002
2020-09-08,sentiment_score,sentiment,0.03806388005614281,0.03806388
2020-09-09,sentiment_score,sentiment,0.03853277117013931,0.03853277
2020-09-10,sentiment_score,sentiment,0.037331096827983856,0.037331097
2020-09-11,tf_equity_markets,tfidf,-0.037642330275848505,-0.007992002
2020-09-15,tf_macro_economy,tfidf,0.03388477003667503,0.0071942187
2020-09-16,sentiment_score,sentiment,0.042470015585422516,0.042470016
2020-09-17,tf_macro_economy,tfidf,0.03388477003667503,0.0071942187
2020-09-18,sentiment_score,sentiment,-0.02787650376558304,-0.027876504
2020-09-22,tf_bonds_credit_ratings,tfidf,0.02518404305912554,0.0053469306
2020-09-23,sentiment_score,sentiment,0.03558817505836487,0.035588175
2020-09-24,sentiment_score,sentiment,0.04571138322353363,0.045711383
2020-09-25,tf_bonds_credit_ratings,tfidf,0.029243139903992414,0.0062087346
2020-09-28,tf_bonds_credit_ratings,tfidf,0.031747117792256176,0.0067403647
2020-09-29,tf_bonds_credit_ratings,tfidf,0.0388148451782763,0.008240944
2020-09-30,sentiment_score,sentiment,0.03818430379033089,0.038184304
2020-10-01,tf_bonds_credit_ratings,tfidf,0.0388148451782763,0.008240944
2020-10-02,sentiment_score,sentiment,0.040275365114212036,0.040275365
2020-10-05,sentiment_score,sentiment,0.04100586846470833,0.04100587
2020-10-06,sentiment_score,sentiment,0.0382089801132679,0.03820898
2020-10-07,sentiment_score,sentiment,-0.02709880843758583,-0.027098808
2020-10-08,tf_macro_economy,tfidf,0.03734176089987159,0.007928187
2020-10-09,tf_bonds_credit_ratings,tfidf,0.0388148451782763,0.008240944
2020-10-12,sentiment_score,sentiment,0.03952817618846893,0.039528176
2020-10-14,tf_currency_fx,tfidf,-0.03297995843924582,-0.0070021143
2020-10-15,sentiment_score,sentiment,-0.024890432134270668,-0.024890432
2020-10-16,sentiment_score,sentiment,0.04878683388233185,0.048786834
2020-10-20,sentiment_score,sentiment,-0.027070755138993263,-0.027070755
2020-10-21,tf_bonds_credit_ratings,tfidf,0.0388148451782763,0.008240944
2020-10-22,tf_macro_economy,tfidf,0.03388477003667503,0.0071942187
2020-10-23,sentiment_score,sentiment,-0.029348978772759438,-0.029348979
2020-10-26,sentiment_score,sentiment,-0.02805561013519764,-0.02805561
2020-10-27,sentiment_score,sentiment,-0.025180194526910782,-0.025180195
2020-10-28,global_markets_commodities,lda_topic,-0.035408579558134076,-0.007053502
2020-10-29,sentiment_score,sentiment,0.0403461679816246,0.040346168
2020-10-30,tf_equity_markets,tfidf,-0.027753158714622257,-0.0058923904
2020-11-03,sentiment_score,sentiment,0.04561999812722206,0.045619998
2020-11-04,tf_bonds_credit_ratings,tfidf,0.0388148451782763,0.008240944
2020-11-05,sentiment_score,sentiment,0.0404774434864521,0.040477443
2020-11-06,sentiment_score,sentiment,0.039159659296274185,0.03915966
2020-11-09,sentiment_score,sentiment,0.041178733110427856,0.041178733
2020-11-10,sentiment_score,sentiment,-0.030472764745354652,-0.030472765
2020-11-11,sentiment_score,sentiment,-0.02805561013519764,-0.02805561
2020-11-12,sentiment_score,sentiment,0.04034559428691864,0.040345594
2020-11-13,tf_bonds_credit_ratings,tfidf,0.029243139903992414,0.0062087346
2020-11-16,sentiment_score,sentiment,0.04499952122569084,0.04499952
2020-11-17,sentiment_score,sentiment,0.03944737836718559,0.03944738
2020-11-18,tf_bonds_credit_ratings,tfidf,0.029243139903992414,0.0062087346
2020-11-19,sentiment_score,sentiment,-0.028162816539406776,-0.028162817
2020-11-20,global_markets_commodities,lda_topic,-0.05418715517967939,-0.010794254
2020-11-23,sentiment_score,sentiment,0.04516289010643959,0.04516289
2020-11-24,sentiment_score,sentiment,-0.021693678572773933,-0.021693679
2020-11-25,sentiment_score,sentiment,0.036659326404333115,0.036659326
2020-11-27,tf_bonds_credit_ratings,tfidf,0.02518404305912554,0.0053469306
2020-11-30,sentiment_score,sentiment,0.041399817913770676,0.041399818
2020-12-01,sentiment_score,sentiment,0.04434894770383835,0.044348948
2020-12-03,sentiment_score,sentiment,0.0418584831058979,0.041858483
2020-12-04,sentiment_score,sentiment,0.034871045500040054,0.034871046
2020-12-07,sentiment_score,sentiment,-0.027857614681124687,-0.027857615
2020-12-09,sentiment_score,sentiment,-0.031279124319553375,-0.031279124
2020-12-10,sentiment_score,sentiment,0.04228321090340614,0.04228321
2020-12-14,sentiment_score,sentiment,-0.027486788108944893,-0.027486788
2020-12-16,sentiment_score,sentiment,0.04311288148164749,0.04311288
2020-12-17,tf_bonds_credit_ratings,tfidf,0.02518404305912554,0.0053469306
2020-12-18,sentiment_score,sentiment,0.039505232125520706,0.039505232
2020-12-21,sentiment_score,sentiment,-0.029674898833036423,-0.029674899
2020-12-23,sentiment_score,sentiment,-0.023256799206137657,-0.0232568
2020-12-24,sentiment_score,sentiment,0.041058704257011414,0.041058704
2020-12-28,sentiment_score,sentiment,0.04126342013478279,0.04126342
2020-12-29,sentiment_score,sentiment,0.04357673600316048,0.043576736
2020-12-30,tf_macro_economy,tfidf,0.03256372505798936,0.006913742
2020-12-31,us_foreign_policy_geopolitics,lda_topic,-0.03865909580141306,-0.007701015
2021-01-04,tf_equity_markets,tfidf,-0.037642330275848505,-0.007992002
2021-01-05,tf_equity_markets,tfidf,-0.037642330275848505,-0.007992002
2021-01-06,sentiment_score,sentiment,0.04381219670176506,0.043812197
2021-01-07,tf_bonds_credit_ratings,tfidf,0.0367382753547281,0.0078000585
2021-01-08,sentiment_score,sentiment,0.04578070715069771,0.045780707
2021-01-11,tf_equity_markets,tfidf,-0.037642330275848505,-0.007992002
2021-01-13,global_markets_commodities,lda_topic,-0.03834998300299048,-0.007639439
2021-01-14,tf_equity_markets,tfidf,-0.037642330275848505,-0.007992002
2021-01-15,tf_equity_markets,tfidf,-0.0339406763529405,-0.0072060884
2021-01-19,tf_equity_markets,tfidf,-0.037642330275848505,-0.007992002
2021-01-20,sentiment_score,sentiment,0.03911454230546951,0.039114542
2021-01-21,sentiment_score,sentiment,0.04242747277021408,0.042427473
2021-01-22,tf_equity_markets,tfidf,-0.0339406763529405,-0.0072060884
2021-01-25,tf_equity_markets,tfidf,-0.0339406763529405,-0.0072060884
2021-01-26,sentiment_score,sentiment,0.03953201323747635,0.039532013
2021-01-27,tf_equity_markets,tfidf,-0.0339406763529405,-0.0072060884
2021-01-28,us_foreign_policy_geopolitics,lda_topic,-0.03865909580141306,-0.007701015
2021-01-29,tf_equity_markets,tfidf,-0.03661057690624148,-0.0077729463
2021-02-02,sentiment_score,sentiment,0.0366838201880455,0.03668382
2021-02-03,sentiment_score,sentiment,0.04258037731051445,0.042580377
2021-02-04,tf_equity_markets,tfidf,-0.0339406763529405,-0.0072060884
2021-02-05,sentiment_score,sentiment,0.043940018862485886,0.04394002
2021-02-08,sentiment_score,sentiment,0.03911454230546951,0.039114542
2021-02-09,tf_equity_markets,tfidf,-0.037642330275848505,-0.007992002
2021-02-10,sentiment_score,sentiment,0.03981925919651985,0.03981926
2021-02-11,tf_equity_markets,tfidf,-0.037642330275848505,-0.007992002
2021-02-12,tf_equity_markets,tfidf,-0.037642330275848505,-0.007992002
2021-02-16,tf_equity_markets,tfidf,-0.037642330275848505,-0.007992002
2021-02-17,tf_equity_markets,tfidf,-0.037642330275848505,-0.007992002
2021-02-18,tf_equity_markets,tfidf,-0.03440388727001846,-0.0073044347
2021-02-19,us_foreign_policy_geopolitics,lda_topic,-0.03865909580141306,-0.007701015
2021-02-22,tf_equity_markets,tfidf,-0.037642330275848505,-0.007992002
2021-02-23,global_markets_commodities,lda_topic,-0.03277926236391067,-0.0065297335
2021-02-24,tf_equity_markets,tfidf,-0.0339406763529405,-0.0072060884
2021-02-25,tf_equity_markets,tfidf,-0.037642330275848505,-0.007992002
2021-02-26,tf_equity_markets,tfidf,-0.037642330275848505,-0.007992002
2021-03-02,tf_equity_markets,tfidf,-0.037642330275848505,-0.007992002
2021-03-04,sentiment_score,sentiment,-0.030417656525969505,-0.030417657
2021-03-05,sentiment_score,sentiment,0.04239148274064064,0.042391483
2021-03-08,tf_equity_markets,tfidf,-0.037642330275848505,-0.007992002
2021-03-09,tf_equity_markets,tfidf,-0.037642330275848505,-0.007992002
2021-03-10,tf_bonds_credit_ratings,tfidf,0.0388148451782763,0.008240944
2021-03-11,tf_equity_markets,tfidf,-0.037642330275848505,-0.007992002
2021-03-12,sentiment_score,sentiment,0.039349086582660675,0.039349087
2021-03-15,us_foreign_policy_geopolitics,lda_topic,-0.04169298015534877,-0.0083053745
2021-03-16,us_foreign_policy_geopolitics,lda_topic,-0.03865909580141306,-0.007701015
2021-03-17,tf_equity_markets,tfidf,-0.0339406763529405,-0.0072060884
2021-03-18,us_foreign_policy_geopolitics,lda_topic,-0.04169298015534877,-0.0083053745
2021-03-19,tf_equity_markets,tfidf,-0.037642330275848505,-0.007992002
2021-03-22,us_foreign_policy_geopolitics,lda_topic,-0.04169298015534877,-0.0083053745
2021-03-23,us_foreign_policy_geopolitics,lda_topic,-0.04169298015534877,-0.0083053745
2021-03-24,tf_equity_markets,tfidf,-0.037642330275848505,-0.007992002
2021-03-25,sentiment_score,sentiment,0.036469124257564545,0.036469124
2021-03-29,sentiment_score,sentiment,0.039026472717523575,0.039026473
2021-03-31,tf_equity_markets,tfidf,-0.037642330275848505,-0.007992002
2021-04-01,tf_equity_markets,tfidf,-0.037642330275848505,-0.007992002
2021-04-05,us_foreign_policy_geopolitics,lda_topic,-0.03865909580141306,-0.007701015
2021-04-06,us_foreign_policy_geopolitics,lda_topic,-0.03865909580141306,-0.007701015
2021-04-07,tf_equity_markets,tfidf,-0.037642330275848505,-0.007992002
2021-04-08,tf_equity_markets,tfidf,-0.037642330275848505,-0.007992002
2021-04-09,tf_equity_markets,tfidf,-0.037642330275848505,-0.007992002
2021-04-12,tf_equity_markets,tfidf,-0.037642330275848505,-0.007992002
2021-04-13,tf_bonds_credit_ratings,tfidf,0.0367382753547281,0.0078000585
2021-04-14,tf_equity_markets,tfidf,-0.037642330275848505,-0.007992002
2021-04-15,tf_equity_markets,tfidf,-0.037642330275848505,-0.007992002
2021-04-16,tf_equity_markets,tfidf,-0.037642330275848505,-0.007992002
2021-04-19,tf_equity_markets,tfidf,-0.037642330275848505,-0.007992002
2021-04-20,tf_equity_markets,tfidf,-0.037642330275848505,-0.007992002
2021-04-21,tf_equity_markets,tfidf,-0.037642330275848505,-0.007992002
2021-04-22,tf_equity_markets,tfidf,-0.0339406763529405,-0.0072060884
2021-04-23,sentiment_score,sentiment,-0.02927948348224163,-0.029279483
2021-04-26,tf_equity_markets,tfidf,-0.0339406763529405,-0.0072060884
2021-04-27,us_foreign_policy_geopolitics,lda_topic,-0.03865909580141306,-0.007701015
2021-04-28,tf_equity_markets,tfidf,-0.0339406763529405,-0.0072060884
2021-04-29,tf_equity_markets,tfidf,-0.0339406763529405,-0.0072060884
2021-04-30,sentiment_score,sentiment,0.043220583349466324,0.043220583
2021-05-03,sentiment_score,sentiment,0.04357745870947838,0.04357746
2021-05-04,sentiment_score,sentiment,-0.025820698589086533,-0.025820699
2021-05-05,sentiment_score,sentiment,0.03615221753716469,0.036152218
2021-05-06,tf_macro_economy,tfidf,0.03030434881802648,0.0064340443
2021-05-07,tf_macro_economy,tfidf,0.03388477003667503,0.0071942187
2021-05-10,global_markets_commodities,lda_topic,-0.035408579558134076,-0.007053502
2021-05-12,sentiment_score,sentiment,-0.024486951529979706,-0.024486952
2021-05-13,tf_bonds_credit_ratings,tfidf,0.027688020947389303,0.0058785607
2021-05-14,sentiment_score,sentiment,0.03984163701534271,0.039841637
2021-05-17,sentiment_score,sentiment,-0.02790345624089241,-0.027903456
2021-05-18,tf_bonds_credit_ratings,tfidf,0.0388148451782763,0.008240944
2021-05-19,global_markets_commodities,lda_topic,-0.04204271143302321,-0.008375042
2021-05-20,global_markets_commodities,lda_topic,-0.0364719907939434,-0.007265337
2021-05-21,sentiment_score,sentiment,-0.029114127159118652,-0.029114127
2021-05-24,sentiment_score,sentiment,0.04532570764422417,0.045325708
2021-05-26,tf_equity_markets,tfidf,0.020753420339897275,0.0044062464
2021-05-27,sentiment_score,sentiment,0.042083825916051865,0.042083826
2021-05-28,sentiment_score,sentiment,0.037275440990924835,0.03727544
2021-06-01,tf_bonds_credit_ratings,tfidf,0.03475574833340943,0.00737914
2021-06-02,sentiment_score,sentiment,0.04296685382723808,0.042966854
2021-06-03,sentiment_score,sentiment,-0.028815418481826782,-0.028815418
2021-06-04,tf_bonds_credit_ratings,tfidf,0.031747117792256176,0.0067403647
2021-06-08,sentiment_score,sentiment,0.0434512123465538,0.043451212
2021-06-09,global_markets_commodities,lda_topic,-0.04204271143302321,-0.008375042
2021-06-10,sentiment_score,sentiment,0.03931904211640358,0.039319042
2021-06-11,sentiment_score,sentiment,0.03579472005367279,0.03579472
2021-06-14,sentiment_score,sentiment,-0.026569347828626633,-0.026569348
2021-06-15,tf_macro_economy,tfidf,0.03388477003667503,0.0071942187
2021-06-16,tf_bonds_credit_ratings,tfidf,0.02518404305912554,0.0053469306
2021-06-17,sentiment_score,sentiment,0.04261106625199318,0.042611066
2021-06-18,sentiment_score,sentiment,0.03897929564118385,0.038979296
2021-06-21,sentiment_score,sentiment,0.0390034094452858,0.03900341
2021-06-22,sentiment_score,sentiment,0.05023392289876938,0.050233923
2021-06-23,tf_bonds_credit_ratings,tfidf,0.0388148451782763,0.008240944
2021-06-24,sentiment_score,sentiment,0.03544146567583084,0.035441466
2021-06-25,sentiment_score,sentiment,0.04652975872159004,0.04652976
2021-06-28,sentiment_score,sentiment,0.04721297696232796,0.047212977
2021-06-29,tf_bonds_credit_ratings,tfidf,0.0388148451782763,0.008240944
2021-06-30,tf_macro_economy,tfidf,0.03388477003667503,0.0071942187
2021-07-01,sentiment_score,sentiment,0.0390503816306591,0.03905038
2021-07-02,tf_macro_economy,tfidf,0.03388477003667503,0.0071942187
2021-07-06,tf_bonds_credit_ratings,tfidf,-0.022819126923568547,-0.0048448252
2021-07-07,tf_bonds_credit_ratings,tfidf,-0.041220001140609384,-0.008751593
2021-07-08,global_markets_commodities,lda_topic,-0.04981198206543922,-0.009922706
2021-07-09,sentiment_score,sentiment,0.04659218713641167,0.046592187
2021-07-12,tf_bonds_credit_ratings,tfidf,0.0388148451782763,0.008240944
2021-07-13,sentiment_score,sentiment,-0.022183455526828766,-0.022183456
2021-07-14,sentiment_score,sentiment,0.03843129426240921,0.038431294
2021-07-15,sentiment_score,sentiment,-0.02951904758810997,-0.029519048
2021-07-16,tf_bonds_credit_ratings,tfidf,-0.041220001140609384,-0.008751593
2021-07-19,global_markets_commodities,lda_topic,-0.035408579558134076,-0.007053502
2021-07-20,sentiment_score,sentiment,0.05120326578617096,0.051203266
2021-07-21,sentiment_score,sentiment,0.05112030357122421,0.051120304
2021-07-22,sentiment_score,sentiment,0.045792631804943085,0.04579263
2021-07-23,tf_bonds_credit_ratings,tfidf,-0.041220001140609384,-0.008751593
2021-07-26,sentiment_score,sentiment,-0.02837250381708145,-0.028372504
2021-07-27,sentiment_score,sentiment,0.036591824144124985,0.036591824
2021-07-28,tf_bonds_credit_ratings,tfidf,0.02518404305912554,0.0053469306
2021-07-30,sentiment_score,sentiment,-0.025013506412506104,-0.025013506
2021-08-04,sentiment_score,sentiment,0.03676325082778931,0.03676325
2021-08-05,sentiment_score,sentiment,0.0457189567387104,0.045718957
2021-08-06,sentiment_score,sentiment,0.044543877243995667,0.044543877
2021-08-09,sentiment_score,sentiment,0.03988827392458916,0.039888274
2021-08-10,sentiment_score,sentiment,0.04417281225323677,0.044172812
2021-08-11,tf_bonds_credit_ratings,tfidf,0.0388148451782763,0.008240944
2021-08-12,tf_bonds_credit_ratings,tfidf,0.02518404305912554,0.0053469306
2021-08-16,tf_macro_economy,tfidf,0.03030434881802648,0.0064340443
2021-08-18,sentiment_score,sentiment,0.03737378492951393,0.037373785
2021-08-19,sentiment_score,sentiment,0.04186365753412247,0.041863658
2021-08-20,tf_bonds_credit_ratings,tfidf,0.02471234859433025,0.005246783
2021-08-23,sentiment_score,sentiment,0.041399817913770676,0.041399818
2021-08-24,tf_equity_markets,tfidf,-0.037642330275848505,-0.007992002
2021-08-25,tf_bonds_credit_ratings,tfidf,0.0388148451782763,0.008240944
2021-08-26,sentiment_score,sentiment,-0.024975571781396866,-0.024975572
2021-08-27,sentiment_score,sentiment,-0.02407914027571678,-0.02407914
2021-08-31,tf_equity_markets,tfidf,-0.037642330275848505,-0.007992002
2021-09-03,sentiment_score,sentiment,0.033879604190588,0.033879604
2021-09-08,sentiment_score,sentiment,-0.029957786202430725,-0.029957786
2021-09-09,sentiment_score,sentiment,0.03729219362139702,0.037292194
2021-09-10,sentiment_score,sentiment,0.038221325725317,0.038221326
2021-09-13,sentiment_score,sentiment,-0.03120187297463417,-0.031201873
2021-09-14,tf_bonds_credit_ratings,tfidf,0.027166570080444218,0.0057678493
2021-09-15,tf_bonds_credit_ratings,tfidf,0.03475574833340943,0.00737914
2021-09-16,tf_bonds_credit_ratings,tfidf,0.0388148451782763,0.008240944
2021-09-17,tf_bonds_credit_ratings,tfidf,0.0388148451782763,0.008240944
2021-09-20,global_markets_commodities,lda_topic,-0.035408579558134076,-0.007053502
2021-09-21,sentiment_score,sentiment,0.03428554907441139,0.03428555
2021-09-22,tf_bonds_credit_ratings,tfidf,-0.022819126923568547,-0.0048448252
2021-09-23,sentiment_score,sentiment,0.04481153562664986,0.044811536
2021-09-24,sentiment_score,sentiment,0.047251854091882706,0.047251854
2021-09-27,sentiment_score,sentiment,-0.02352028340101242,-0.023520283
2021-09-28,tf_bonds_credit_ratings,tfidf,-0.038411082699894905,-0.008155219
2021-09-29,sentiment_score,sentiment,-0.025540007278323174,-0.025540007
2021-09-30,tf_bonds_credit_ratings,tfidf,-0.03629891399759799,-0.007706776
2021-10-01,tf_bonds_credit_ratings,tfidf,-0.03910783463157713,-0.00830315
2021-10-04,us_foreign_policy_geopolitics,lda_topic,-0.023886489644646642,-0.004758265
2021-10-06,tf_bonds_credit_ratings,tfidf,-0.03910783463157713,-0.00830315
2021-10-07,tf_bonds_credit_ratings,tfidf,-0.041220001140609384,-0.008751593
2021-10-08,sentiment_score,sentiment,0.03460993245244026,0.034609932
2021-10-11,sentiment_score,sentiment,-0.024116680026054382,-0.02411668
2021-10-12,sentiment_score,sentiment,-0.030816905200481415,-0.030816905
2021-10-13,sentiment_score,sentiment,0.036199651658535004,0.03619965
2021-10-14,sentiment_score,sentiment,0.04510073363780975,0.045100734
2021-10-15,tf_bonds_credit_ratings,tfidf,0.0388148451782763,0.008240944
2021-10-18,tf_bonds_credit_ratings,tfidf,0.0388148451782763,0.008240944
2021-10-19,sentiment_score,sentiment,0.04203271493315697,0.042032715
2021-10-20,sentiment_score,sentiment,0.04472469910979271,0.0447247
2021-10-21,sentiment_score,sentiment,0.04180936887860298,0.04180937
2021-10-22,tf_bonds_credit_ratings,tfidf,0.0388148451782763,0.008240944
2021-10-25,sentiment_score,sentiment,-0.025090757757425308,-0.025090758
2021-10-26,sentiment_score,sentiment,0.04003807157278061,0.04003807
2021-10-28,sentiment_score,sentiment,-0.02597634494304657,-0.025976345
2021-10-29,tf_bonds_credit_ratings,tfidf,0.0388148451782763,0.008240944
2021-11-01,sentiment_score,sentiment,0.03941187262535095,0.039411873
2021-11-02,tf_bonds_credit_ratings,tfidf,0.0388148451782763,0.008240944
2021-11-03,sentiment_score,sentiment,0.03715234622359276,0.037152346
2021-11-04,sentiment_score,sentiment,0.03847261890769005,0.03847262
2021-11-05,sentiment_score,sentiment,0.038506172597408295,0.038506173
2021-11-08,sentiment_score,sentiment,0.038939766585826874,0.038939767
2021-11-09,sentiment_score,sentiment,0.0372297540307045,0.037229754
2021-11-10,tf_bonds_credit_ratings,tfidf,-0.038411082699894905,-0.008155219
2021-11-11,sentiment_score,sentiment,-0.026657020673155785,-0.02665702
2021-11-12,tf_bonds_credit_ratings,tfidf,0.0388148451782763,0.008240944
2021-11-15,tf_bonds_credit_ratings,tfidf,0.02471234859433025,0.005246783
2021-11-17,tf_bonds_credit_ratings,tfidf,0.0388148451782763,0.008240944
2021-11-18,global_markets_commodities,lda_topic,-0.035408579558134076,-0.007053502
2021-11-19,sentiment_score,sentiment,0.04535060375928879,0.045350604
2021-11-22,tf_bonds_credit_ratings,tfidf,-0.038411082699894905,-0.008155219
2021-11-23,sentiment_score,sentiment,-0.026430580765008926,-0.02643058
2021-11-24,tf_bonds_credit_ratings,tfidf,0.03475574833340943,0.00737914
2021-11-26,sentiment_score,sentiment,-0.02849620394408703,-0.028496204
2021-11-29,tf_equity_markets,tfidf,-0.037642330275848505,-0.007992002
2021-11-30,tf_bonds_credit_ratings,tfidf,0.03475574833340943,0.00737914
2021-12-01,sentiment_score,sentiment,0.038864750415086746,0.03886475
2021-12-02,sentiment_score,sentiment,0.043889883905649185,0.043889884
2021-12-03,tf_macro_economy,tfidf,0.03734176089987159,0.007928187
2021-12-06,tf_bonds_credit_ratings,tfidf,-0.041220001140609384,-0.008751593
2021-12-07,sentiment_score,sentiment,0.047291260212659836,0.04729126
2021-12-08,sentiment_score,sentiment,0.04409408196806908,0.044094082
2021-12-09,tf_macro_economy,tfidf,0.02930972961243242,0.0062228725
2021-12-10,sentiment_score,sentiment,0.036154769361019135,0.03615477
2021-12-13,tf_bonds_credit_ratings,tfidf,0.02471234859433025,0.005246783
2021-12-14,tf_bonds_credit_ratings,tfidf,0.0367382753547281,0.0078000585
2021-12-15,sentiment_score,sentiment,0.04006205126643181,0.04006205
2021-12-16,sentiment_score,sentiment,-0.025128381326794624,-0.025128381
2021-12-17,sentiment_score,sentiment,-0.02848050184547901,-0.028480502
2021-12-20,sentiment_score,sentiment,0.04120687395334244,0.041206874
2021-12-21,sentiment_score,sentiment,0.037545956671237946,0.037545957
2021-12-22,sentiment_score,sentiment,0.04912274703383446,0.049122747
2021-12-23,sentiment_score,sentiment,0.03676325082778931,0.03676325
2021-12-28,sentiment_score,sentiment,0.0378853976726532,0.037885398
2021-12-29,sentiment_score,sentiment,0.035416826605796814,0.035416827
2021-12-30,tf_bonds_credit_ratings,tfidf,0.029243139903992414,0.0062087346
2021-12-31,sentiment_score,sentiment,0.04192304238677025,0.041923042
2022-01-03,tf_bonds_credit_ratings,tfidf,-0.041220001140609384,-0.008751593
2022-01-04,tf_bonds_credit_ratings,tfidf,-0.041220001140609384,-0.008751593
2022-01-05,sentiment_score,sentiment,0.03996165841817856,0.03996166
2022-01-06,tf_bonds_credit_ratings,tfidf,-0.041220001140609384,-0.008751593
2022-01-07,tf_macro_economy,tfidf,0.02930972961243242,0.0062228725
2022-01-10,sentiment_score,sentiment,0.0478689968585968,0.047868997
2022-01-11,tf_bonds_credit_ratings,tfidf,-0.02424929339904338,-0.00514847
2022-01-12,sentiment_score,sentiment,0.029282191768288612,0.029282192
2022-01-13,tf_bonds_credit_ratings,tfidf,0.0388148451782763,0.008240944
2022-01-14,tf_macro_economy,tfidf,0.03030434881802648,0.0064340443
2022-01-18,sentiment_score,sentiment,-0.02214236930012703,-0.02214237
2022-01-19,tf_bonds_credit_ratings,tfidf,-0.041220001140609384,-0.008751593
2022-01-20,global_markets_commodities,lda_topic,-0.035408579558134076,-0.007053502
2022-01-21,tf_equity_markets,tfidf,-0.0339406763529405,-0.0072060884
2022-01-24,tf_equity_markets,tfidf,-0.037642330275848505,-0.007992002
2022-01-25,sentiment_score,sentiment,-0.026711182668805122,-0.026711183
2022-01-26,sentiment_score,sentiment,-0.0253959558904171,-0.025395956
2022-01-27,tf_bonds_credit_ratings,tfidf,0.0388148451782763,0.008240944
2022-01-28,sentiment_score,sentiment,0.04060211777687073,0.040602118
2022-01-31,tf_bonds_credit_ratings,tfidf,0.03475574833340943,0.00737914
2022-02-01,tf_bonds_credit_ratings,tfidf,0.0388148451782763,0.008240944
2022-02-02,sentiment_score,sentiment,0.040195807814598083,0.040195808
2022-02-03,sentiment_score,sentiment,-0.025816192850470543,-0.025816193
2022-02-04,us_foreign_policy_geopolitics,lda_topic,-0.04169298015534877,-0.0083053745
2022-02-07,tf_bonds_credit_ratings,tfidf,0.0388148451782763,0.008240944
2022-02-08,sentiment_score,sentiment,0.04523748159408569,0.04523748
2022-02-09,tf_bonds_credit_ratings,tfidf,0.0388148451782763,0.008240944
2022-02-11,sentiment_score,sentiment,-0.02978065423667431,-0.029780654
2022-02-14,sentiment_score,sentiment,0.036578234285116196,0.036578234
2022-02-16,sentiment_score,sentiment,-0.022429268807172775,-0.022429269
2022-02-17,sentiment_score,sentiment,0.042877618223428726,0.04287762
2022-02-22,sentiment_score,sentiment,-0.026759164407849312,-0.026759164
2022-02-23,tf_equity_markets,tfidf,-0.037642330275848505,-0.007992002
2022-02-24,sentiment_score,sentiment,0.04516289010643959,0.04516289
2022-02-25,tf_bonds_credit_ratings,tfidf,0.0388148451782763,0.008240944
2022-02-28,global_markets_commodities,lda_topic,-0.054213177561759945,-0.010799438
2022-03-01,sentiment_score,sentiment,-0.02474292553961277,-0.024742926
2022-03-02,sentiment_score,sentiment,-0.026369383558630943,-0.026369384
2022-03-03,tf_macro_economy,tfidf,0.03388477003667503,0.0071942187
2022-03-04,tf_macro_economy,tfidf,0.035428457697853445,0.0075219655
2022-03-08,sentiment_score,sentiment,0.04274393990635872,0.04274394
2022-03-09,sentiment_score,sentiment,0.03670325130224228,0.03670325
2022-03-11,sentiment_score,sentiment,0.0382903628051281,0.038290363
2022-03-14,sentiment_score,sentiment,-0.02791219763457775,-0.027912198
2022-03-15,sentiment_score,sentiment,0.042699359357357025,0.04269936
2022-03-16,sentiment_score,sentiment,0.03992779552936554,0.039927796
2022-03-17,sentiment_score,sentiment,0.04985195770859718,0.049851958
2022-03-18,tf_bonds_credit_ratings,tfidf,0.0388148451782763,0.008240944
2022-03-21,tf_bonds_credit_ratings,tfidf,0.027688020947389303,0.0058785607
2022-03-22,tf_bonds_credit_ratings,tfidf,-0.03281691333744675,-0.0069674975
2022-03-23,sentiment_score,sentiment,-0.025343801826238632,-0.025343802
2022-03-24,tf_macro_economy,tfidf,0.03388477003667503,0.0071942187
2022-03-25,sentiment_score,sentiment,0.04376683756709099,0.043766838
2022-03-28,tf_bonds_credit_ratings,tfidf,-0.022819126923568547,-0.0048448252
2022-03-29,tf_bonds_credit_ratings,tfidf,-0.02494604533072561,-0.0052964003
2022-04-01,tf_macro_economy,tfidf,0.036620869897305966,0.0077751316
2022-04-04,sentiment_score,sentiment,-0.024005195125937462,-0.024005195
2022-04-05,tf_equity_markets,tfidf,-0.037642330275848505,-0.007992002
2022-04-06,sentiment_score,sentiment,-0.024360045790672302,-0.024360046
2022-04-07,tf_macro_economy,tfidf,0.03388477003667503,0.0071942187
2022-04-08,sentiment_score,sentiment,0.031443968415260315,0.03144397
2022-04-11,sentiment_score,sentiment,-0.021994484588503838,-0.021994485
2022-04-12,tf_bonds_credit_ratings,tfidf,0.0388148451782763,0.008240944
2022-04-13,tf_bonds_credit_ratings,tfidf,0.028694880763068795,0.0060923314
2022-04-14,global_markets_commodities,lda_topic,-0.0499373953603208,-0.009947688
2022-04-18,tf_bonds_credit_ratings,tfidf,0.0388148451782763,0.008240944
2022-04-19,sentiment_score,sentiment,-0.02917567454278469,-0.029175675
2022-04-20,sentiment_score,sentiment,0.03737350180745125,0.0373735
2022-04-21,sentiment_score,sentiment,-0.02920074574649334,-0.029200746
2022-04-22,sentiment_score,sentiment,0.039815470576286316,0.03981547
2022-04-25,sentiment_score,sentiment,-0.026481833308935165,-0.026481833
2022-04-26,sentiment_score,sentiment,-0.03026389516890049,-0.030263895
2022-04-27,tf_bonds_credit_ratings,tfidf,0.0388148451782763,0.008240944
2022-04-28,sentiment_score,sentiment,0.044272445142269135,0.044272445
2022-04-29,sentiment_score,sentiment,-0.026233961805701256,-0.026233962
2022-05-02,tf_macro_economy,tfidf,0.03734176089987159,0.007928187
2022-05-03,tf_bonds_credit_ratings,tfidf,0.028694880763068795,0.0060923314
2022-05-04,sentiment_score,sentiment,0.038285188376903534,0.03828519
2022-05-05,global_markets_commodities,lda_topic,-0.035408579558134076,-0.007053502
2022-05-06,tf_bonds_credit_ratings,tfidf,-0.041220001140609384,-0.008751593
2022-05-09,sentiment_score,sentiment,0.04428507387638092,0.044285074
2022-05-11,tf_bonds_credit_ratings,tfidf,0.02518404305912554,0.0053469306
2022-05-16,sentiment_score,sentiment,-0.030186759307980537,-0.03018676
2022-05-17,tf_bonds_credit_ratings,tfidf,0.03475574833340943,0.00737914
2022-05-18,tf_equity_markets,tfidf,-0.03070223334711045,-0.006518521
2022-05-19,sentiment_score,sentiment,0.040031202137470245,0.040031202
2022-05-20,sentiment_score,sentiment,-0.025090757757425308,-0.025090758
2022-05-23,tf_macro_economy,tfidf,0.03388477003667503,0.0071942187
2022-05-24,sentiment_score,sentiment,-0.02766752615571022,-0.027667526
2022-05-25,tf_bonds_credit_ratings,tfidf,0.031747117792256176,0.0067403647
2022-05-26,sentiment_score,sentiment,0.044876109808683395,0.04487611
2022-05-27,sentiment_score,sentiment,0.04139332473278046,0.041393325
2022-05-31,sentiment_score,sentiment,-0.03051355667412281,-0.030513557
2022-06-01,tf_equity_markets,tfidf,0.020753420339897275,0.0044062464
2022-06-02,tf_macro_economy,tfidf,0.029106734194792806,0.0061797737
2022-06-03,tf_macro_economy,tfidf,0.036620869897305966,0.0077751316
2022-06-06,tf_bonds_credit_ratings,tfidf,0.023107473235577346,0.0049060453
2022-06-07,tf_bonds_credit_ratings,tfidf,0.031747117792256176,0.0067403647
2022-06-08,sentiment_score,sentiment,-0.024766283109784126,-0.024766283
2022-06-09,sentiment_score,sentiment,-0.026770785450935364,-0.026770785
2022-06-10,tf_bonds_credit_ratings,tfidf,0.0367382753547281,0.0078000585
2022-06-13,tf_equity_markets,tfidf,-0.037642330275848505,-0.007992002
2022-06-14,sentiment_score,sentiment,0.03852701559662819,0.038527016
2022-06-15,sentiment_score,sentiment,0.042910218238830566,0.04291022
2022-06-16,sentiment_score,sentiment,-0.032074179500341415,-0.03207418
2022-06-17,tf_bonds_credit_ratings,tfidf,0.027688020947389303,0.0058785607
2022-06-22,tf_macro_economy,tfidf,0.03256372505798936,0.006913742
2022-06-23,tf_macro_economy,tfidf,0.03734176089987159,0.007928187
2022-06-24,tf_bonds_credit_ratings,tfidf,0.0388148451782763,0.008240944
2022-06-27,sentiment_score,sentiment,-0.027439458295702934,-0.027439458
2022-06-28,sentiment_score,sentiment,-0.02424481138586998,-0.024244811
2022-06-29,tf_macro_economy,tfidf,0.03030434881802648,0.0064340443
2022-06-30,tf_bonds_credit_ratings,tfidf,0.0388148451782763,0.008240944
2022-07-01,sentiment_score,sentiment,-0.02573348954319954,-0.02573349
2022-07-05,tf_bonds_credit_ratings,tfidf,0.0388148451782763,0.008240944
2022-07-06,sentiment_score,sentiment,0.048522885888814926,0.048522886
2022-07-07,tf_macro_economy,tfidf,0.03734176089987159,0.007928187
2022-07-08,tf_macro_economy,tfidf,0.03734176089987159,0.007928187
2022-07-13,sentiment_score,sentiment,0.036556705832481384,0.036556706
2022-07-14,sentiment_score,sentiment,0.04314391314983368,0.043143913
2022-07-18,sentiment_score,sentiment,0.037777479737997055,0.03777748
2022-07-19,sentiment_score,sentiment,-0.026980925351381302,-0.026980925
2022-07-20,sentiment_score,sentiment,0.0391957052052021,0.039195705
2022-07-21,tf_bonds_credit_ratings,tfidf,0.0388148451782763,0.008240944
2022-07-22,tf_bonds_credit_ratings,tfidf,-0.041220001140609384,-0.008751593
2022-07-25,sentiment_score,sentiment,-0.025198377668857574,-0.025198378
2022-07-26,sentiment_score,sentiment,-0.029285462573170662,-0.029285463
2022-07-27,sentiment_score,sentiment,0.04659878835082054,0.04659879
2022-07-28,sentiment_score,sentiment,0.040102072060108185,0.040102072
2022-07-29,us_foreign_policy_geopolitics,lda_topic,-0.03865909580141306,-0.007701015
2022-08-01,sentiment_score,sentiment,0.046349938958883286,0.04634994
2022-08-02,tf_macro_economy,tfidf,0.03388477003667503,0.0071942187
2022-08-03,sentiment_score,sentiment,-0.031170960515737534,-0.03117096
2022-08-04,sentiment_score,sentiment,0.04704628884792328,0.04704629
2022-08-05,tf_macro_economy,tfidf,0.03734176089987159,0.007928187
2022-08-08,tf_macro_economy,tfidf,0.029106734194792806,0.0061797737
2022-08-10,sentiment_score,sentiment,0.04100630804896355,0.041006308
2022-08-11,sentiment_score,sentiment,0.046477533876895905,0.046477534
2022-08-15,tf_bonds_credit_ratings,tfidf,0.02471234859433025,0.005246783
2022-08-16,tf_macro_economy,tfidf,0.03388477003667503,0.0071942187
2022-08-17,tf_bonds_credit_ratings,tfidf,0.02471234859433025,0.005246783
2022-08-18,tf_bonds_credit_ratings,tfidf,0.0388148451782763,0.008240944
2022-08-19,tf_bonds_credit_ratings,tfidf,0.027688020947389303,0.0058785607
2022-08-22,sentiment_score,sentiment,-0.027047596871852875,-0.027047597
2022-08-23,sentiment_score,sentiment,-0.02743636630475521,-0.027436366
2022-08-24,sentiment_score,sentiment,-0.026780305430293083,-0.026780305
2022-08-25,sentiment_score,sentiment,-0.02825850434601307,-0.028258504
2022-08-26,tf_bonds_credit_ratings,tfidf,0.02518404305912554,0.0053469306
2022-08-29,sentiment_score,sentiment,0.047750357538461685,0.047750358
2022-08-30,sentiment_score,sentiment,0.04794260859489441,0.04794261
2022-08-31,tf_macro_economy,tfidf,0.03388477003667503,0.0071942187
2022-09-01,sentiment_score,sentiment,0.04721466079354286,0.04721466
2022-09-02,sentiment_score,sentiment,0.044387850910425186,0.04438785
2022-09-06,sentiment_score,sentiment,0.042876940220594406,0.04287694
2022-09-08,tf_macro_economy,tfidf,0.03734176089987159,0.007928187
2022-09-09,tf_bonds_credit_ratings,tfidf,0.03475574833340943,0.00737914
2022-09-12,tf_bonds_credit_ratings,tfidf,0.0388148451782763,0.008240944
2022-09-13,sentiment_score,sentiment,0.03746774420142174,0.037467744
2022-09-14,tf_bonds_credit_ratings,tfidf,0.0388148451782763,0.008240944
2022-09-15,tf_macro_economy,tfidf,0.03030434881802648,0.0064340443
2022-09-16,tf_bonds_credit_ratings,tfidf,0.0388148451782763,0.008240944
2022-09-19,sentiment_score,sentiment,-0.031089307740330696,-0.031089308
2022-09-20,sentiment_score,sentiment,-0.025848960503935814,-0.02584896
2022-09-21,tf_bonds_credit_ratings,tfidf,0.027688020947389303,0.0058785607
2022-09-22,tf_currency_fx,tfidf,-0.03297995843924582,-0.0070021143
2022-09-23,global_markets_commodities,lda_topic,-0.053006947115063666,-0.010559153
2022-09-26,global_markets_commodities,lda_topic,-0.045237676482647655,-0.009011489
2022-09-27,tf_bonds_credit_ratings,tfidf,-0.038411082699894905,-0.008155219
2022-09-28,sentiment_score,sentiment,-0.021235547959804535,-0.021235548
2022-09-29,tf_bonds_credit_ratings,tfidf,-0.02424929339904338,-0.00514847
2022-09-30,sentiment_score,sentiment,-0.027683690190315247,-0.02768369
2022-10-03,sentiment_score,sentiment,0.04152177274227142,0.041521773
2022-10-04,tf_bonds_credit_ratings,tfidf,0.03475574833340943,0.00737914
2022-10-05,sentiment_score,sentiment,-0.023279797285795212,-0.023279797
2022-10-06,tf_macro_economy,tfidf,0.03734176089987159,0.007928187
2022-10-07,sentiment_score,sentiment,0.0406472310423851,0.04064723
2022-10-10,sentiment_score,sentiment,0.03846396505832672,0.038463965
2022-10-11,global_markets_commodities,lda_topic,-0.04757905036211013,-0.0094778985
2022-10-12,sentiment_score,sentiment,0.04351082071661949,0.04351082
2022-10-13,sentiment_score,sentiment,0.0390034094452858,0.03900341
2022-10-14,sentiment_score,sentiment,0.04144131764769554,0.041441318
2022-10-17,sentiment_score,sentiment,0.0396304689347744,0.03963047
2022-10-18,sentiment_score,sentiment,0.04495925083756447,0.04495925
2022-10-19,sentiment_score,sentiment,-0.027550173923373222,-0.027550174
2022-10-20,global_markets_commodities,lda_topic,-0.035408579558134076,-0.007053502
2022-10-21,tf_bonds_credit_ratings,tfidf,0.0388148451782763,0.008240944
2022-10-24,sentiment_score,sentiment,-0.031090714037418365,-0.031090714
2022-10-25,tf_macro_economy,tfidf,0.03388477003667503,0.0071942187
2022-10-26,sentiment_score,sentiment,0.042198602110147476,0.042198602
2022-10-27,sentiment_score,sentiment,-0.026726890355348587,-0.02672689
2022-10-28,tf_bonds_credit_ratings,tfidf,0.03475574833340943,0.00737914
2022-10-31,tf_equity_markets,tfidf,-0.0339406763529405,-0.0072060884
2022-11-01,sentiment_score,sentiment,-0.025854550302028656,-0.02585455
2022-11-02,tf_bonds_credit_ratings,tfidf,0.02518404305912554,0.0053469306
2022-11-03,sentiment_score,sentiment,0.04454576224088669,0.044545762
2022-11-04,sentiment_score,sentiment,0.042547814548015594,0.042547815
2022-11-07,sentiment_score,sentiment,0.04354299232363701,0.043542992
2022-11-09,sentiment_score,sentiment,-0.030232181772589684,-0.030232182
2022-11-10,tf_bonds_credit_ratings,tfidf,-0.041220001140609384,-0.008751593
2022-11-11,sentiment_score,sentiment,-0.02789280004799366,-0.0278928
2022-11-15,sentiment_score,sentiment,0.0441708080470562,0.044170808
2022-11-16,sentiment_score,sentiment,-0.028680656105279922,-0.028680656
2022-11-17,tf_macro_economy,tfidf,0.03388477003667503,0.0071942187
2022-11-21,sentiment_score,sentiment,-0.027264226227998734,-0.027264226
2022-11-22,sentiment_score,sentiment,0.04269819334149361,0.042698193
2022-11-23,sentiment_score,sentiment,0.04900229349732399,0.049002293
2022-11-25,tf_bonds_credit_ratings,tfidf,0.0388148451782763,0.008240944
2022-11-28,sentiment_score,sentiment,-0.02721443772315979,-0.027214438
2022-11-29,sentiment_score,sentiment,-0.027602411806583405,-0.027602412
2022-11-30,sentiment_score,sentiment,0.035674333572387695,0.035674334
2022-12-01,tf_bonds_credit_ratings,tfidf,0.0388148451782763,0.008240944
2022-12-02,sentiment_score,sentiment,0.03747172653675079,0.037471727
2022-12-05,sentiment_score,sentiment,-0.031880930066108704,-0.03188093
2022-12-06,tf_macro_economy,tfidf,0.03734176089987159,0.007928187
2022-12-07,tf_bonds_credit_ratings,tfidf,-0.041220001140609384,-0.008751593
2022-12-08,sentiment_score,sentiment,0.04035503417253494,0.040355034
2022-12-09,tf_bonds_credit_ratings,tfidf,0.029243139903992414,0.0062087346
2022-12-12,sentiment_score,sentiment,0.04023979976773262,0.0402398
2022-12-13,tf_bonds_credit_ratings,tfidf,-0.038411082699894905,-0.008155219
2022-12-14,sentiment_score,sentiment,0.03992779552936554,0.039927796
2022-12-15,tf_macro_economy,tfidf,0.03734176089987159,0.007928187
2022-12-16,sentiment_score,sentiment,0.04657404124736786,0.04657404
2022-12-19,tf_bonds_credit_ratings,tfidf,0.029243139903992414,0.0062087346
2022-12-20,global_markets_commodities,lda_topic,-0.04204271143302321,-0.008375042
2022-12-21,sentiment_score,sentiment,-0.028283165767788887,-0.028283166
2022-12-22,sentiment_score,sentiment,0.04337769374251366,0.043377694
2022-12-23,sentiment_score,sentiment,0.043320804834365845,0.043320805
2022-12-27,tf_bonds_credit_ratings,tfidf,0.02471234859433025,0.005246783
2022-12-28,sentiment_score,sentiment,0.04930953308939934,0.049309533
2022-12-29,sentiment_score,sentiment,-0.024945974349975586,-0.024945974
2022-12-30,tf_equity_markets,tfidf,-0.037642330275848505,-0.007992002
2023-01-03,sentiment_score,sentiment,-0.030186759307980537,-0.03018676
2023-01-04,tf_bonds_credit_ratings,tfidf,0.02518404305912554,0.0053469306
2023-01-05,tf_macro_economy,tfidf,0.03734176089987159,0.007928187
2023-01-06,sentiment_score,sentiment,0.03847202658653259,0.038472027
2023-01-09,sentiment_score,sentiment,0.04355492815375328,0.04355493
2023-01-10,sentiment_score,sentiment,-0.02739197202026844,-0.027391972
2023-01-11,sentiment_score,sentiment,0.04552988335490227,0.045529883
2023-01-12,tf_bonds_credit_ratings,tfidf,0.029243139903992414,0.0062087346
2023-01-17,tf_macro_economy,tfidf,0.03030434881802648,0.0064340443
2023-01-18,tf_macro_economy,tfidf,0.03734176089987159,0.007928187
2023-01-19,tf_macro_economy,tfidf,0.03030434881802648,0.0064340443
2023-01-20,sentiment_score,sentiment,0.04581374302506447,0.045813743
2023-01-23,sentiment_score,sentiment,-0.027704395353794098,-0.027704395
2023-01-24,tf_bonds_credit_ratings,tfidf,0.0388148451782763,0.008240944
2023-01-25,sentiment_score,sentiment,0.04049907252192497,0.040499073
2023-01-26,sentiment_score,sentiment,0.04396790266036987,0.043967903
2023-01-27,sentiment_score,sentiment,0.036391887813806534,0.036391888
2023-01-30,sentiment_score,sentiment,0.045472402125597,0.045472402
2023-01-31,tf_bonds_credit_ratings,tfidf,0.031747117792256176,0.0067403647
2023-02-01,tf_bonds_credit_ratings,tfidf,0.0388148451782763,0.008240944
2023-02-02,sentiment_score,sentiment,0.03836524486541748,0.038365245
2023-02-03,sentiment_score,sentiment,-0.02626354992389679,-0.02626355
2023-02-06,tf_bonds_credit_ratings,tfidf,-0.041220001140609384,-0.008751593
2023-02-07,sentiment_score,sentiment,-0.026030445471405983,-0.026030445
2023-02-08,sentiment_score,sentiment,-0.02916349470615387,-0.029163495
2023-02-09,tf_macro_economy,tfidf,0.03388477003667503,0.0071942187
2023-02-10,tf_bonds_credit_ratings,tfidf,0.0388148451782763,0.008240944
2023-02-13,sentiment_score,sentiment,-0.02879553847014904,-0.028795538
2023-02-15,tf_macro_economy,tfidf,0.035428457697853445,0.0075219655
2023-02-16,sentiment_score,sentiment,-0.02749006077647209,-0.02749006
2023-02-17,tf_bonds_credit_ratings,tfidf,0.0388148451782763,0.008240944
2023-02-21,tf_bonds_credit_ratings,tfidf,-0.02424929339904338,-0.00514847
2023-02-22,sentiment_score,sentiment,-0.029496580362319946,-0.02949658
2023-02-23,tf_macro_economy,tfidf,0.03030434881802648,0.0064340443
2023-02-24,tf_bonds_credit_ratings,tfidf,0.0388148451782763,0.008240944
2023-02-27,sentiment_score,sentiment,-0.030484501272439957,-0.030484501
2023-02-28,tf_macro_economy,tfidf,0.03734176089987159,0.007928187
2023-03-01,sentiment_score,sentiment,-0.02652863785624504,-0.026528638
2023-03-02,sentiment_score,sentiment,0.039449676871299744,0.039449677
2023-03-03,sentiment_score,sentiment,0.04528569057583809,0.04528569
2023-03-06,sentiment_score,sentiment,-0.02752387896180153,-0.027523879
2023-03-07,tf_bonds_credit_ratings,tfidf,-0.038411082699894905,-0.008155219
2023-03-08,sentiment_score,sentiment,-0.0262376070022583,-0.026237607
2023-03-09,sentiment_score,sentiment,-0.022844284772872925,-0.022844285
2023-03-10,tf_macro_economy,tfidf,0.03388477003667503,0.0071942187
2023-03-13,sentiment_score,sentiment,-0.023506611585617065,-0.023506612
2023-03-14,tf_bonds_credit_ratings,tfidf,0.0388148451782763,0.008240944
2023-03-15,tf_bonds_credit_ratings,tfidf,-0.02424929339904338,-0.00514847
2023-03-16,tf_bonds_credit_ratings,tfidf,-0.03910783463157713,-0.00830315
2023-03-17,sentiment_score,sentiment,-0.02714153379201889,-0.027141534
2023-03-20,global_markets_commodities,lda_topic,-0.05168463982641697,-0.010295745
2023-03-21,sentiment_score,sentiment,-0.02444019354879856,-0.024440194
2023-03-22,tf_bonds_credit_ratings,tfidf,-0.02711703739129007,-0.005757333
2023-03-23,sentiment_score,sentiment,0.04206385463476181,0.042063855
2023-03-24,tf_bonds_credit_ratings,tfidf,-0.022819126923568547,-0.0048448252
2023-03-27,sentiment_score,sentiment,-0.0268545001745224,-0.0268545
2023-03-28,global_markets_commodities,lda_topic,-0.0364719907939434,-0.007265337
2023-03-29,sentiment_score,sentiment,0.040598828345537186,0.04059883
2023-03-30,sentiment_score,sentiment,0.043340615928173065,0.043340616
2023-03-31,sentiment_score,sentiment,0.0355621799826622,0.03556218
2023-04-03,sentiment_score,sentiment,0.03212003782391548,0.032120038
2023-04-04,tf_macro_economy,tfidf,0.02930972961243242,0.0062228725
2023-04-05,tf_macro_economy,tfidf,0.03388477003667503,0.0071942187
2023-04-06,sentiment_score,sentiment,0.0457189567387104,0.045718957
2023-04-10,tf_bonds_credit_ratings,tfidf,-0.03780286847613752,-0.008026087
2023-04-11,tf_bonds_credit_ratings,tfidf,0.02471234859433025,0.005246783
2023-04-12,tf_macro_economy,tfidf,0.03388477003667503,0.0071942187
2023-04-13,tf_bonds_credit_ratings,tfidf,0.03475574833340943,0.00737914
2023-04-14,sentiment_score,sentiment,-0.02444107085466385,-0.02444107
2023-04-17,sentiment_score,sentiment,0.033097703009843826,0.033097703
2023-04-18,sentiment_score,sentiment,-0.023851484060287476,-0.023851484
2023-04-19,sentiment_score,sentiment,-0.02796585112810135,-0.027965851
2023-04-20,sentiment_score,sentiment,-0.02622523345053196,-0.026225233
2023-04-21,tf_bonds_credit_ratings,tfidf,0.0388148451782763,0.008240944
2023-04-24,sentiment_score,sentiment,-0.023078452795743942,-0.023078453
2023-04-25,sentiment_score,sentiment,0.04216296970844269,0.04216297
2023-04-26,sentiment_score,sentiment,0.04533699154853821,0.04533699
2023-04-27,tf_macro_economy,tfidf,0.03030434881802648,0.0064340443
2023-04-28,sentiment_score,sentiment,0.041975270956754684,0.04197527
2023-05-01,sentiment_score,sentiment,-0.024631811305880547,-0.024631811
2023-05-02,sentiment_score,sentiment,-0.024197500199079514,-0.0241975
2023-05-03,tf_bonds_credit_ratings,tfidf,0.02471234859433025,0.005246783
2023-05-04,sentiment_score,sentiment,-0.023278748616576195,-0.023278749
2023-05-05,sentiment_score,sentiment,0.0439886748790741,0.043988675
2023-05-08,sentiment_score,sentiment,-0.0265935231000185,-0.026593523
2023-05-09,tf_bonds_credit_ratings,tfidf,-0.022819126923568547,-0.0048448252
2023-05-10,tf_bonds_credit_ratings,tfidf,0.0388148451782763,0.008240944
2023-05-11,global_markets_commodities,lda_topic,-0.024112883433699606,-0.0048033632
2023-05-12,tf_bonds_credit_ratings,tfidf,-0.02705821183975786,-0.0057448433
2023-05-15,sentiment_score,sentiment,0.04291669651865959,0.042916697
2023-05-16,sentiment_score,sentiment,-0.0264009777456522,-0.026400978
2023-05-17,sentiment_score,sentiment,0.03728899359703064,0.037288994
2023-05-18,sentiment_score,sentiment,0.03457435965538025,0.03457436
2023-05-19,tf_bonds_credit_ratings,tfidf,-0.03499395003542304,-0.0074297134
2023-05-22,sentiment_score,sentiment,0.04150388389825821,0.041503884
2023-05-23,sentiment_score,sentiment,-0.025958504527807236,-0.025958505
2023-05-24,sentiment_score,sentiment,0.03961366042494774,0.03961366
2023-05-25,sentiment_score,sentiment,0.03391912207007408,0.033919122
2023-05-26,tf_bonds_credit_ratings,tfidf,-0.038411082699894905,-0.008155219
2023-05-30,tf_bonds_credit_ratings,tfidf,-0.03629891399759799,-0.007706776
2023-05-31,tf_bonds_credit_ratings,tfidf,-0.02424929339904338,-0.00514847
2023-06-01,sentiment_score,sentiment,0.04273596033453941,0.04273596
2023-06-02,sentiment_score,sentiment,0.04099290817975998,0.04099291
2023-06-05,tf_bonds_credit_ratings,tfidf,-0.03910783463157713,-0.00830315
2023-06-06,sentiment_score,sentiment,-0.024953100830316544,-0.0249531
2023-06-07,tf_bonds_credit_ratings,tfidf,-0.041220001140609384,-0.008751593
2023-06-08,tf_bonds_credit_ratings,tfidf,0.0388148451782763,0.008240944
2023-06-09,us_foreign_policy_geopolitics,lda_topic,-0.04169298015534877,-0.0083053745
2023-06-12,tf_bonds_credit_ratings,tfidf,0.0388148451782763,0.008240944
2023-06-13,sentiment_score,sentiment,0.05023392289876938,0.050233923
2023-06-14,sentiment_score,sentiment,0.03992779552936554,0.039927796
2023-06-15,tf_bonds_credit_ratings,tfidf,0.031747117792256176,0.0067403647
2023-06-16,tf_equity_markets,tfidf,-0.03661057690624148,-0.0077729463
2023-06-20,sentiment_score,sentiment,-0.02638796716928482,-0.026387967
2023-06-21,sentiment_score,sentiment,0.04288184642791748,0.042881846
2023-06-22,sentiment_score,sentiment,0.045448046177625656,0.045448046
2023-06-27,sentiment_score,sentiment,0.03575574606657028,0.035755746
2023-06-28,sentiment_score,sentiment,-0.0217144638299942,-0.021714464
2023-06-29,sentiment_score,sentiment,0.04299573227763176,0.042995732
2023-06-30,sentiment_score,sentiment,0.043156422674655914,0.043156423
2023-07-03,tf_macro_economy,tfidf,0.03030434881802648,0.0064340443
2023-07-05,sentiment_score,sentiment,0.038379620760679245,0.03837962
2023-07-06,tf_bonds_credit_ratings,tfidf,-0.038411082699894905,-0.008155219
2023-07-07,tf_macro_economy,tfidf,0.03734176089987159,0.007928187
2023-07-10,tf_bonds_credit_ratings,tfidf,0.0388148451782763,0.008240944
2023-07-11,sentiment_score,sentiment,0.04021824896335602,0.04021825
2023-07-12,sentiment_score,sentiment,0.050080806016922,0.050080806
2023-07-13,sentiment_score,sentiment,0.039040204137563705,0.039040204
2023-07-14,tf_bonds_credit_ratings,tfidf,0.0388148451782763,0.008240944
2023-07-17,sentiment_score,sentiment,0.042768485844135284,0.042768486
2023-07-18,tf_macro_economy,tfidf,0.03030434881802648,0.0064340443
2023-07-19,tf_bonds_credit_ratings,tfidf,0.031747117792256176,0.0067403647
2023-07-20,sentiment_score,sentiment,0.03758284077048302,0.03758284
2023-07-21,sentiment_score,sentiment,0.04584413394331932,0.045844134
2023-07-24,sentiment_score,sentiment,-0.030321279540657997,-0.03032128
2023-07-25,sentiment_score,sentiment,0.044406790286302567,0.04440679
2023-07-26,sentiment_score,sentiment,0.03954583406448364,0.039545834
2023-07-27,sentiment_score,sentiment,0.03952663391828537,0.039526634
2023-07-28,sentiment_score,sentiment,0.03836195915937424,0.03836196
2023-07-31,sentiment_score,sentiment,0.047024261206388474,0.04702426
2023-08-01,sentiment_score,sentiment,-0.024386197328567505,-0.024386197
2023-08-02,sentiment_score,sentiment,0.040288615971803665,0.040288616
2023-08-03,sentiment_score,sentiment,-0.027134954929351807,-0.027134955
2023-08-04,tf_macro_economy,tfidf,0.03388477003667503,0.0071942187
2023-08-07,sentiment_score,sentiment,0.044256772845983505,0.044256773
2023-08-08,sentiment_score,sentiment,0.04091747850179672,0.04091748
2023-08-09,sentiment_score,sentiment,-0.028183137997984886,-0.028183138
2023-08-10,tf_bonds_credit_ratings,tfidf,0.03475574833340943,0.00737914
2023-08-11,sentiment_score,sentiment,0.04092123359441757,0.040921234
2023-08-14,tf_bonds_credit_ratings,tfidf,0.0388148451782763,0.008240944
2023-08-15,tf_macro_economy,tfidf,0.03734176089987159,0.007928187
2023-08-16,tf_bonds_credit_ratings,tfidf,-0.041220001140609384,-0.008751593
2023-08-17,tf_bonds_credit_ratings,tfidf,-0.038411082699894905,-0.008155219
2023-08-18,tf_bonds_credit_ratings,tfidf,-0.02705821183975786,-0.0057448433
2023-08-21,sentiment_score,sentiment,0.03973083570599556,0.039730836
2023-08-22,tf_bonds_credit_ratings,tfidf,-0.02424929339904338,-0.00514847
2023-08-23,tf_bonds_credit_ratings,tfidf,0.02518404305912554,0.0053469306
2023-08-24,sentiment_score,sentiment,-0.029496580362319946,-0.02949658
2023-08-25,tf_bonds_credit_ratings,tfidf,-0.02705821183975786,-0.0057448433
2023-08-28,sentiment_score,sentiment,0.0443120114505291,0.04431201
2023-08-29,sentiment_score,sentiment,-0.024834044277668,-0.024834044
2023-08-30,sentiment_score,sentiment,0.03906223177909851,0.03906223
2023-08-31,us_foreign_policy_geopolitics,lda_topic,-0.04169298015534877,-0.0083053745
2023-09-01,tf_macro_economy,tfidf,0.03388477003667503,0.0071942187
2023-09-05,tf_bonds_credit_ratings,tfidf,0.02518404305912554,0.0053469306
2023-09-06,sentiment_score,sentiment,-0.028244953602552414,-0.028244954
2023-09-07,tf_macro_economy,tfidf,0.03388477003667503,0.0071942187
2023-09-11,sentiment_score,sentiment,-0.031516943126916885,-0.031516943
2023-09-13,sentiment_score,sentiment,0.03794918954372406,0.03794919
2023-09-14,sentiment_score,sentiment,0.03912220150232315,0.0391222
2023-09-15,sentiment_score,sentiment,-0.027382783591747284,-0.027382784
2023-09-18,tf_bonds_credit_ratings,tfidf,0.0388148451782763,0.008240944
2023-09-19,tf_bonds_credit_ratings,tfidf,-0.02494604533072561,-0.0052964003
2023-09-20,tf_bonds_credit_ratings,tfidf,0.03475574833340943,0.00737914
2023-09-21,global_markets_commodities,lda_topic,-0.02983785891905427,-0.0059437966
2023-09-22,sentiment_score,sentiment,-0.025349218398332596,-0.025349218
2023-09-25,sentiment_score,sentiment,-0.027643857523798943,-0.027643858
2023-09-27,tf_bonds_credit_ratings,tfidf,-0.022819126923568547,-0.0048448252
2023-09-28,sentiment_score,sentiment,0.03631823509931564,0.036318235
2023-09-29,us_foreign_policy_geopolitics,lda_topic,-0.023886489644646642,-0.004758265
2023-10-03,global_markets_commodities,lda_topic,-0.054213177561759945,-0.010799438
2023-10-04,sentiment_score,sentiment,0.043120406568050385,0.043120407
2023-10-05,sentiment_score,sentiment,-0.021910453215241432,-0.021910453
2023-10-06,tf_macro_economy,tfidf,0.03388477003667503,0.0071942187
2023-10-09,sentiment_score,sentiment,-0.025888925418257713,-0.025888925
2023-10-10,sentiment_score,sentiment,-0.020326275378465652,-0.020326275
2023-10-11,tf_bonds_credit_ratings,tfidf,-0.027287611970677972,-0.005793548
2023-10-12,sentiment_score,sentiment,-0.022887825965881348,-0.022887826
2023-10-13,tf_bonds_credit_ratings,tfidf,0.031747117792256176,0.0067403647
2023-10-16,tf_bonds_credit_ratings,tfidf,0.03475574833340943,0.00737914
2023-10-17,tf_macro_economy,tfidf,0.03388477003667503,0.0071942187
2023-10-18,sentiment_score,sentiment,0.044975049793720245,0.04497505
2023-10-19,tf_bonds_credit_ratings,tfidf,-0.038411082699894905,-0.008155219
2023-10-20,tf_bonds_credit_ratings,tfidf,-0.02705821183975786,-0.0057448433
2023-10-24,global_markets_commodities,lda_topic,-0.035408579558134076,-0.007053502
2023-10-25,global_markets_commodities,lda_topic,-0.04757905036211013,-0.0094778985
2023-10-26,sentiment_score,sentiment,0.03896741941571236,0.03896742
2023-10-27,sentiment_score,sentiment,0.03770006075501442,0.03770006
2023-10-30,tf_bonds_credit_ratings,tfidf,-0.02705821183975786,-0.0057448433
2023-10-31,tf_equity_markets,tfidf,-0.037642330275848505,-0.007992002
2023-11-01,tf_bonds_credit_ratings,tfidf,-0.022819126923568547,-0.0048448252
2023-11-02,global_markets_commodities,lda_topic,-0.0499373953603208,-0.009947688
2023-11-03,tf_bonds_credit_ratings,tfidf,-0.038411082699894905,-0.008155219
2023-11-07,sentiment_score,sentiment,0.043856922537088394,0.043856923
2023-11-08,tf_bonds_credit_ratings,tfidf,-0.038411082699894905,-0.008155219
2023-11-09,tf_bonds_credit_ratings,tfidf,0.027166570080444218,0.0057678493
2023-11-10,sentiment_score,sentiment,0.04683561250567436,0.046835613
2023-11-14,tf_bonds_credit_ratings,tfidf,-0.038411082699894905,-0.008155219
2023-11-15,sentiment_score,sentiment,0.039076413959264755,0.039076414
2023-11-16,sentiment_score,sentiment,0.047258276492357254,0.047258276
2023-11-17,sentiment_score,sentiment,0.047024261206388474,0.04702426
2023-11-20,tf_bonds_credit_ratings,tfidf,0.0388148451782763,0.008240944
2023-11-21,sentiment_score,sentiment,0.04096407815814018,0.04096408
2023-11-22,tf_bonds_credit_ratings,tfidf,0.0388148451782763,0.008240944
2023-11-24,tf_bonds_credit_ratings,tfidf,0.0388148451782763,0.008240944
2023-11-27,sentiment_score,sentiment,0.03512891009449959,0.03512891
2023-11-28,tf_macro_economy,tfidf,0.035428457697853445,0.0075219655
2023-11-29,sentiment_score,sentiment,0.039583079516887665,0.03958308
2023-11-30,us_foreign_policy_geopolitics,lda_topic,-0.025978247821331023,-0.0051749498
2023-12-01,tf_bonds_credit_ratings,tfidf,-0.041220001140609384,-0.008751593
2023-12-04,tf_bonds_credit_ratings,tfidf,0.029243139903992414,0.0062087346
2023-12-05,sentiment_score,sentiment,0.04554940015077591,0.0455494
2023-12-06,sentiment_score,sentiment,0.047698769718408585,0.04769877
2023-12-07,sentiment_score,sentiment,-0.031134065240621567,-0.031134065
2023-12-08,sentiment_score,sentiment,0.041321057826280594,0.041321058
2023-12-11,tf_bonds_credit_ratings,tfidf,0.02471234859433025,0.005246783
2023-12-12,sentiment_score,sentiment,-0.028404543176293373,-0.028404543
2023-12-13,sentiment_score,sentiment,0.03466873615980148,0.034668736
2023-12-14,sentiment_score,sentiment,-0.024953100830316544,-0.0249531
2023-12-15,sentiment_score,sentiment,0.03519643098115921,0.03519643
2023-12-18,sentiment_score,sentiment,0.03714818134903908,0.03714818
2023-12-19,sentiment_score,sentiment,0.04137047007679939,0.04137047
2023-12-20,sentiment_score,sentiment,0.04049411788582802,0.040494118
2023-12-21,tf_bonds_credit_ratings,tfidf,0.03475574833340943,0.00737914
2023-12-22,sentiment_score,sentiment,0.037949759513139725,0.03794976
2023-12-26,sentiment_score,sentiment,0.04807790741324425,0.048077907
2023-12-27,sentiment_score,sentiment,0.043889883905649185,0.043889884
2023-12-28,sentiment_score,sentiment,0.0391361229121685,0.039136123
2023-12-29,us_foreign_policy_geopolitics,lda_topic,-0.03865909580141306,-0.007701015
2024-01-02,tf_equity_markets,tfidf,-0.037642330275848505,-0.007992002
2024-01-03,sentiment_score,sentiment,-0.026641543954610825,-0.026641544
2024-01-04,sentiment_score,sentiment,0.042055752128362656,0.042055752
2024-01-05,sentiment_score,sentiment,0.03965715691447258,0.039657157
2024-01-08,sentiment_score,sentiment,0.04807790741324425,0.048077907
2024-01-09,sentiment_score,sentiment,-0.028430689126253128,-0.02843069
2024-01-10,sentiment_score,sentiment,-0.029939431697130203,-0.029939432
2024-01-11,tf_bonds_credit_ratings,tfidf,0.031747117792256176,0.0067403647
2024-01-12,sentiment_score,sentiment,0.03634802624583244,0.036348026
2024-01-16,tf_macro_economy,tfidf,0.03734176089987159,0.007928187
2024-01-18,tf_bonds_credit_ratings,tfidf,0.0388148451782763,0.008240944
2024-01-19,sentiment_score,sentiment,0.04779553413391113,0.047795534
2024-01-22,sentiment_score,sentiment,0.04408111795783043,0.044081118
2024-01-23,sentiment_score,sentiment,0.04558595269918442,0.045585953
2024-01-24,sentiment_score,sentiment,0.037949759513139725,0.03794976
2024-01-25,tf_bonds_credit_ratings,tfidf,0.03475574833340943,0.00737914
2024-01-26,sentiment_score,sentiment,0.0404302142560482,0.040430214
2024-01-29,sentiment_score,sentiment,-0.028506524860858917,-0.028506525
2024-01-30,tf_bonds_credit_ratings,tfidf,0.0388148451782763,0.008240944
2024-01-31,sentiment_score,sentiment,-0.025716202333569527,-0.025716202
2024-02-01,us_foreign_policy_geopolitics,lda_topic,-0.03865909580141306,-0.007701015
2024-02-02,tf_macro_economy,tfidf,0.03388477003667503,0.0071942187
2024-02-05,sentiment_score,sentiment,0.04581374302506447,0.045813743
2024-02-06,sentiment_score,sentiment,0.03955226019024849,0.03955226
2024-02-07,sentiment_score,sentiment,0.04383397847414017,0.04383398
2024-02-08,sentiment_score,sentiment,0.040236324071884155,0.040236324
2024-02-09,sentiment_score,sentiment,0.04323713853955269,0.04323714
2024-02-13,tf_equity_markets,tfidf,-0.0339406763529405,-0.0072060884
2024-02-14,tf_bonds_credit_ratings,tfidf,0.0388148451782763,0.008240944
2024-02-15,tf_macro_economy,tfidf,0.03388477003667503,0.0071942187
2024-02-16,sentiment_score,sentiment,0.04636520519852638,0.046365205
2024-02-20,sentiment_score,sentiment,0.04714305326342583,0.047143053
2024-02-21,sentiment_score,sentiment,0.04411451891064644,0.04411452
2024-02-22,sentiment_score,sentiment,0.04499952122569084,0.04499952
2024-02-23,tf_bonds_credit_ratings,tfidf,0.0388148451782763,0.008240944
2024-02-27,tf_bonds_credit_ratings,tfidf,0.03475574833340943,0.00737914
2024-02-28,tf_macro_economy,tfidf,0.03030434881802648,0.0064340443
2024-02-29,tf_equity_markets,tfidf,-0.037642330275848505,-0.007992002
2024-03-01,sentiment_score,sentiment,0.04499952122569084,0.04499952
2024-03-04,sentiment_score,sentiment,-0.027095956727862358,-0.027095957
2024-03-05,tf_bonds_credit_ratings,tfidf,0.0388148451782763,0.008240944
2024-03-06,sentiment_score,sentiment,-0.025575540959835052,-0.025575541
2024-03-07,sentiment_score,sentiment,0.039345789700746536,0.03934579
2024-03-08,tf_macro_economy,tfidf,0.03388477003667503,0.0071942187
2024-03-11,sentiment_score,sentiment,-0.028815418481826782,-0.028815418
2024-03-12,sentiment_score,sentiment,0.047024261206388474,0.04702426
2024-03-13,sentiment_score,sentiment,-0.028765343129634857,-0.028765343
2024-03-14,sentiment_score,sentiment,0.04020920395851135,0.040209204
2024-03-15,sentiment_score,sentiment,0.040253981947898865,0.040253982
2024-03-18,sentiment_score,sentiment,-0.0264267697930336,-0.02642677
2024-03-19,sentiment_score,sentiment,0.04220033064484596,0.04220033
2024-03-20,sentiment_score,sentiment,-0.02738034725189209,-0.027380347
2024-03-21,sentiment_score,sentiment,0.04447975754737854,0.044479758
2024-03-22,sentiment_score,sentiment,0.041079409420490265,0.04107941
2024-03-25,sentiment_score,sentiment,-0.028643164783716202,-0.028643165
2024-03-26,tf_bonds_credit_ratings,tfidf,0.02471234859433025,0.005246783
2024-03-27,sentiment_score,sentiment,0.04024084657430649,0.040240847
2024-03-28,global_markets_commodities,lda_topic,-0.04204271143302321,-0.008375042
2024-04-02,tf_bonds_credit_ratings,tfidf,-0.023641079175285996,-0.0050193374
2024-04-03,sentiment_score,sentiment,-0.027055343613028526,-0.027055344
2024-04-04,tf_bonds_credit_ratings,tfidf,0.026190902874805033,0.0055607012
2024-04-05,tf_macro_economy,tfidf,0.03388477003667503,0.0071942187
2024-04-08,sentiment_score,sentiment,-0.030180474743247032,-0.030180475
2024-04-09,sentiment_score,sentiment,-0.02540053240954876,-0.025400532
2024-04-10,sentiment_score,sentiment,0.04511307552456856,0.045113076
2024-04-11,sentiment_score,sentiment,0.03855818510055542,0.038558185
2024-04-12,sentiment_score,sentiment,-0.03076775185763836,-0.030767752
2024-04-15,global_markets_commodities,lda_topic,-0.035408579558134076,-0.007053502
2024-04-16,sentiment_score,sentiment,0.04760699346661568,0.047606993
2024-04-17,sentiment_score,sentiment,-0.024821728467941284,-0.024821728
2024-04-18,sentiment_score,sentiment,-0.03042060136795044,-0.030420601
2024-04-19,global_markets_commodities,lda_topic,-0.03860354460775852,-0.007689949
2024-04-22,sentiment_score,sentiment,0.040587931871414185,0.040587932
2024-04-23,sentiment_score,sentiment,0.03933088481426239,0.039330885
2024-04-24,sentiment_score,sentiment,0.04679049924015999,0.0467905
2024-04-25,sentiment_score,sentiment,-0.024670373648405075,-0.024670374
2024-04-26,sentiment_score,sentiment,0.03713986277580261,0.037139863
2024-04-29,sentiment_score,sentiment,0.048827726393938065,0.048827726
2024-04-30,sentiment_score,sentiment,0.040617864578962326,0.040617865
2024-05-01,sentiment_score,sentiment,-0.027789384126663208,-0.027789384
2024-05-02,sentiment_score,sentiment,0.04350364953279495,0.04350365
2024-05-03,sentiment_score,sentiment,0.03676325082778931,0.03676325
2024-05-06,sentiment_score,sentiment,-0.02788170799612999,-0.027881708
2024-05-07,sentiment_score,sentiment,-0.02947571501135826,-0.029475715
2024-05-08,sentiment_score,sentiment,-0.030629614368081093,-0.030629614
2024-05-09,tf_macro_economy,tfidf,0.03388477003667503,0.0071942187
2024-05-10,sentiment_score,sentiment,0.048736851662397385,0.04873685
2024-05-13,tf_bonds_credit_ratings,tfidf,0.029243139903992414,0.0062087346
2024-05-14,sentiment_score,sentiment,-0.029536280781030655,-0.02953628
2024-05-15,tf_bonds_credit_ratings,tfidf,0.0388148451782763,0.008240944
2024-05-16,sentiment_score,sentiment,0.03833682835102081,0.03833683
2024-05-17,tf_bonds_credit_ratings,tfidf,0.0388148451782763,0.008240944
2024-05-21,tf_bonds_credit_ratings,tfidf,0.0388148451782763,0.008240944
2024-05-22,tf_bonds_credit_ratings,tfidf,0.02471234859433025,0.005246783
2024-05-23,sentiment_score,sentiment,-0.032538704574108124,-0.032538705
2024-05-24,sentiment_score,sentiment,0.04985256865620613,0.04985257
2024-05-28,sentiment_score,sentiment,0.041275788098573685,0.041275788
2024-05-29,sentiment_score,sentiment,-0.026614127680659294,-0.026614128
2024-05-30,tf_macro_economy,tfidf,0.03388477003667503,0.0071942187
2024-05-31,sentiment_score,sentiment,0.03806855157017708,0.03806855
2024-06-04,sentiment_score,sentiment,-0.025105001404881477,-0.025105001
2024-06-05,tf_bonds_credit_ratings,tfidf,0.027166570080444218,0.0057678493
2024-06-06,sentiment_score,sentiment,0.04312823712825775,0.043128237
2024-06-07,tf_bonds_credit_ratings,tfidf,-0.038411082699894905,-0.008155219
2024-06-10,tf_bonds_credit_ratings,tfidf,0.027166570080444218,0.0057678493
2024-06-11,sentiment_score,sentiment,-0.02763230912387371,-0.02763231
2024-06-12,sentiment_score,sentiment,0.037642523646354675,0.037642524
2024-06-13,sentiment_score,sentiment,0.04710635542869568,0.047106355
2024-06-14,tf_bonds_credit_ratings,tfidf,0.0388148451782763,0.008240944
2024-06-17,tf_macro_economy,tfidf,0.03030434881802648,0.0064340443
2024-06-18,sentiment_score,sentiment,0.04213184863328934,0.04213185
2024-06-20,tf_bonds_credit_ratings,tfidf,0.031747117792256176,0.0067403647
2024-06-21,sentiment_score,sentiment,0.0460876040160656,0.046087604
2024-06-24,sentiment_score,sentiment,-0.027981553226709366,-0.027981553
2024-06-25,sentiment_score,sentiment,0.04132547602057457,0.041325476
2024-06-26,sentiment_score,sentiment,-0.029605036601424217,-0.029605037
2024-06-27,tf_bonds_credit_ratings,tfidf,0.0388148451782763,0.008240944
2024-06-28,tf_equity_markets,tfidf,-0.037642330275848505,-0.007992002
2024-07-01,sentiment_score,sentiment,0.045670945197343826,0.045670945
2024-07-02,sentiment_score,sentiment,0.039448387920856476,0.039448388
2024-07-03,tf_macro_economy,tfidf,0.03734176089987159,0.007928187
2024-07-05,sentiment_score,sentiment,0.04633728787302971,0.046337288
2024-07-08,sentiment_score,sentiment,0.04195253923535347,0.04195254
2024-07-09,sentiment_score,sentiment,0.04384947195649147,0.043849472
2024-07-10,sentiment_score,sentiment,-0.024770749732851982,-0.02477075
2024-07-11,sentiment_score,sentiment,0.04372460022568703,0.0437246
2024-07-12,sentiment_score,sentiment,0.046563904732465744,0.046563905
2024-07-15,sentiment_score,sentiment,-0.026965826749801636,-0.026965827
2024-07-16,sentiment_score,sentiment,0.045809440314769745,0.04580944
2024-07-17,sentiment_score,sentiment,-0.02822147123515606,-0.028221471
2024-07-18,sentiment_score,sentiment,0.048415377736091614,0.048415378
2024-07-19,tf_bonds_credit_ratings,tfidf,0.02213180602993816,0.0046988972
2024-07-22,sentiment_score,sentiment,0.04338923096656799,0.04338923
2024-07-23,sentiment_score,sentiment,0.0464479960501194,0.046447996
2024-07-24,sentiment_score,sentiment,-0.025728419423103333,-0.02572842
2024-07-25,tf_macro_economy,tfidf,0.03388477003667503,0.0071942187
2024-07-26,tf_bonds_credit_ratings,tfidf,0.0388148451782763,0.008240944
2024-07-29,sentiment_score,sentiment,0.044178567826747894,0.044178568
2024-07-30,sentiment_score,sentiment,-0.02930862456560135,-0.029308625
2024-07-31,tf_bonds_credit_ratings,tfidf,0.02518404305912554,0.0053469306
2024-08-01,global_markets_commodities,lda_topic,-0.02983785891905427,-0.0059437966
2024-08-02,tf_macro_economy,tfidf,0.03734176089987159,0.007928187
2024-08-05,sentiment_score,sentiment,0.04968029633164406,0.049680296
2024-08-06,sentiment_score,sentiment,0.03834400698542595,0.038344007
2024-08-07,sentiment_score,sentiment,0.046881355345249176,0.046881355
2024-08-08,sentiment_score,sentiment,0.041695691645145416,0.04169569
2024-08-09,sentiment_score,sentiment,0.04409408196806908,0.044094082
2024-08-12,sentiment_score,sentiment,0.040542300790548325,0.0405423
2024-08-13,sentiment_score,sentiment,0.039385344833135605,0.039385345
2024-08-14,sentiment_score,sentiment,0.04657638818025589,0.04657639
2024-08-15,sentiment_score,sentiment,0.037437569350004196,0.03743757
2024-08-16,sentiment_score,sentiment,0.044504161924123764,0.044504162
2024-08-19,tf_bonds_credit_ratings,tfidf,0.029243139903992414,0.0062087346
2024-08-20,sentiment_score,sentiment,0.03894725441932678,0.038947254
2024-08-21,sentiment_score,sentiment,0.045792631804943085,0.04579263
2024-08-22,tf_macro_economy,tfidf,0.03734176089987159,0.007928187
2024-08-23,tf_bonds_credit_ratings,tfidf,0.03475574833340943,0.00737914
2024-08-26,tf_bonds_credit_ratings,tfidf,0.0388148451782763,0.008240944
2024-08-27,sentiment_score,sentiment,0.045005980879068375,0.04500598
2024-08-28,sentiment_score,sentiment,0.0434657484292984,0.04346575
2024-08-29,tf_macro_economy,tfidf,0.03388477003667503,0.0071942187
2024-08-30,sentiment_score,sentiment,0.03713425621390343,0.037134256
2024-09-03,sentiment_score,sentiment,-0.025106456130743027,-0.025106456
2024-09-04,sentiment_score,sentiment,-0.026989329606294632,-0.02698933
2024-09-05,sentiment_score,sentiment,0.04040948301553726,0.040409483
2024-09-06,tf_macro_economy,tfidf,0.03388477003667503,0.0071942187
2024-09-10,sentiment_score,sentiment,0.04887101799249649,0.048871018
2024-09-11,tf_bonds_credit_ratings,tfidf,-0.038411082699894905,-0.008155219
2024-09-12,sentiment_score,sentiment,0.03569900244474411,0.035699002
2024-09-13,tf_bonds_credit_ratings,tfidf,0.0388148451782763,0.008240944
2024-09-16,tf_bonds_credit_ratings,tfidf,0.023107473235577346,0.0049060453
2024-09-17,tf_bonds_credit_ratings,tfidf,0.0388148451782763,0.008240944
2024-09-18,tf_bonds_credit_ratings,tfidf,0.031747117792256176,0.0067403647
2024-09-19,tf_bonds_credit_ratings,tfidf,0.0388148451782763,0.008240944
2024-09-20,sentiment_score,sentiment,0.043922703713178635,0.043922704
2024-09-23,sentiment_score,sentiment,0.03829147294163704,0.038291473
2024-09-24,tf_bonds_credit_ratings,tfidf,0.0388148451782763,0.008240944
2024-09-25,sentiment_score,sentiment,0.04725534841418266,0.04725535
2024-09-26,sentiment_score,sentiment,0.04396790266036987,0.043967903
2024-09-27,sentiment_score,sentiment,-0.0264267697930336,-0.02642677
2024-09-30,sentiment_score,sentiment,-0.02703436091542244,-0.02703436
2024-10-01,sentiment_score,sentiment,-0.023525534197688103,-0.023525534
2024-10-02,sentiment_score,sentiment,0.04542124643921852,0.045421246
2024-10-04,sentiment_score,sentiment,0.04476981610059738,0.044769816
2024-10-07,sentiment_score,sentiment,-0.024091361090540886,-0.024091361
2024-10-08,sentiment_score,sentiment,-0.030289210379123688,-0.03028921
2024-10-09,sentiment_score,sentiment,-0.024910200387239456,-0.0249102
2024-10-10,tf_macro_economy,tfidf,0.03734176089987159,0.007928187
2024-10-11,sentiment_score,sentiment,0.03315425291657448,0.033154253
2024-10-14,sentiment_score,sentiment,0.04488718882203102,0.04488719
2024-10-15,sentiment_score,sentiment,0.042198602110147476,0.042198602
2024-10-16,sentiment_score,sentiment,0.044617556035518646,0.044617556
2024-10-17,tf_macro_economy,tfidf,0.03388477003667503,0.0071942187
2024-10-18,sentiment_score,sentiment,0.047024261206388474,0.04702426
2024-10-21,tf_bonds_credit_ratings,tfidf,-0.041220001140609384,-0.008751593
2024-10-22,sentiment_score,sentiment,0.04078628122806549,0.04078628
2024-10-23,sentiment_score,sentiment,0.04030582681298256,0.040305827
2024-10-24,tf_bonds_credit_ratings,tfidf,0.03267917850986123,0.0069382545
2024-10-25,sentiment_score,sentiment,0.045190129429101944,0.04519013
2024-10-28,sentiment_score,sentiment,0.04611882194876671,0.046118822
2024-10-29,sentiment_score,sentiment,0.04021824896335602,0.04021825
2024-10-30,sentiment_score,sentiment,-0.025773316621780396,-0.025773317
2024-10-31,tf_macro_economy,tfidf,0.03030434881802648,0.0064340443
2024-11-01,tf_macro_economy,tfidf,0.03388477003667503,0.0071942187
2024-11-04,sentiment_score,sentiment,-0.029768990352749825,-0.02976899
2024-11-05,tf_bonds_credit_ratings,tfidf,-0.041220001140609384,-0.008751593
2024-11-06,tf_equity_markets,tfidf,-0.037642330275848505,-0.007992002
2024-11-07,sentiment_score,sentiment,0.04115942120552063,0.04115942
2024-11-08,tf_bonds_credit_ratings,tfidf,0.0388148451782763,0.008240944
2024-11-11,sentiment_score,sentiment,0.043409258127212524,0.043409258
2024-11-12,sentiment_score,sentiment,-0.024482345208525658,-0.024482345
2024-11-13,sentiment_score,sentiment,-0.030222821980714798,-0.030222822
2024-11-14,tf_macro_economy,tfidf,0.03734176089987159,0.007928187
2024-11-15,sentiment_score,sentiment,0.03908710554242134,0.039087106
2024-11-19,tf_bonds_credit_ratings,tfidf,0.029670547968707977,0.0062994794
2024-11-20,tf_bonds_credit_ratings,tfidf,0.027166570080444218,0.0057678493
2024-11-21,tf_bonds_credit_ratings,tfidf,0.0388148451782763,0.008240944
2024-11-22,tf_bonds_credit_ratings,tfidf,0.0388148451782763,0.008240944
2024-11-25,sentiment_score,sentiment,-0.025593414902687073,-0.025593415
2024-11-26,sentiment_score,sentiment,-0.029224321246147156,-0.029224321
2024-11-27,sentiment_score,sentiment,0.03639919310808182,0.036399193
2024-11-29,sentiment_score,sentiment,0.03924581781029701,0.039245818
2024-12-02,tf_bonds_credit_ratings,tfidf,0.03368604051880538,0.0071520256
2024-12-03,sentiment_score,sentiment,0.03992779552936554,0.039927796
2024-12-04,sentiment_score,sentiment,0.04002553969621658,0.04002554
2024-12-05,sentiment_score,sentiment,0.03941090777516365,0.039410908
2024-12-06,sentiment_score,sentiment,0.04050036892294884,0.04050037
2024-12-09,sentiment_score,sentiment,-0.030543632805347443,-0.030543633
2024-12-10,sentiment_score,sentiment,0.049664247781038284,0.049664248
2024-12-11,sentiment_score,sentiment,0.04855082184076309,0.04855082
2024-12-12,sentiment_score,sentiment,-0.02568593993782997,-0.02568594
2024-12-13,tf_bonds_credit_ratings,tfidf,0.0388148451782763,0.008240944
2024-12-16,sentiment_score,sentiment,0.04900229349732399,0.049002293
2024-12-17,sentiment_score,sentiment,0.04586813226342201,0.045868132
2024-12-18,sentiment_score,sentiment,-0.028099369257688522,-0.02809937
2024-12-19,tf_bonds_credit_ratings,tfidf,-0.041220001140609384,-0.008751593
2024-12-20,sentiment_score,sentiment,0.04486535117030144,0.04486535
2024-12-23,sentiment_score,sentiment,0.044360965490341187,0.044360965
2024-12-24,tf_macro_economy,tfidf,0.03316387903410941,0.0070411633
2024-12-26,tf_equity_markets,tfidf,-0.037642330275848505,-0.007992002
2024-12-27,sentiment_score,sentiment,-0.025537902489304543,-0.025537902
2024-12-30,sentiment_score,sentiment,0.03943713754415512,0.039437138
2024-12-31,us_foreign_policy_geopolitics,lda_topic,-0.03865909580141306,-0.007701015
2025-01-02,sentiment_score,sentiment,-0.025518624112010002,-0.025518624
2025-01-03,tf_bonds_credit_ratings,tfidf,0.02518404305912554,0.0053469306
2025-01-06,sentiment_score,sentiment,0.049709245562553406,0.049709246
2025-01-07,sentiment_score,sentiment,0.04332970455288887,0.043329705
2025-01-08,sentiment_score,sentiment,0.04190494120121002,0.04190494
2025-01-10,tf_bonds_credit_ratings,tfidf,-0.038411082699894905,-0.008155219
2025-01-13,tf_bonds_credit_ratings,tfidf,-0.022819126923568547,-0.0048448252
2025-01-14,tf_bonds_credit_ratings,tfidf,0.03475574833340943,0.00737914
2025-01-15,tf_bonds_credit_ratings,tfidf,-0.038411082699894905,-0.008155219
2025-01-16,sentiment_score,sentiment,0.04401267319917679,0.044012673
2025-01-17,tf_bonds_credit_ratings,tfidf,0.027688020947389303,0.0058785607
2025-01-21,sentiment_score,sentiment,-0.029197130352258682,-0.02919713
2025-01-22,sentiment_score,sentiment,0.04077853634953499,0.040778536
2025-01-23,sentiment_score,sentiment,0.04428757727146149,0.044287577
2025-01-24,sentiment_score,sentiment,0.045792631804943085,0.04579263
2025-01-27,sentiment_score,sentiment,-0.02535763941705227,-0.02535764
2025-01-29,sentiment_score,sentiment,0.039016760885715485,0.03901676
2025-01-30,tf_macro_economy,tfidf,0.03030434881802648,0.0064340443
2025-01-31,sentiment_score,sentiment,0.04887101799249649,0.048871018
2025-02-03,sentiment_score,sentiment,-0.02881751023232937,-0.02881751
2025-02-04,sentiment_score,sentiment,-0.025916144251823425,-0.025916144
2025-02-05,tf_macro_economy,tfidf,0.03030434881802648,0.0064340443
2025-02-06,tf_macro_economy,tfidf,0.03388477003667503,0.0071942187
2025-02-07,tf_macro_economy,tfidf,0.03316387903410941,0.0070411633
2025-02-10,sentiment_score,sentiment,0.044726863503456116,0.044726864
2025-02-11,sentiment_score,sentiment,0.03830869495868683,0.038308695
2025-02-12,sentiment_score,sentiment,-0.02395264245569706,-0.023952642
2025-02-13,sentiment_score,sentiment,0.04779553413391113,0.047795534
2025-02-14,tf_bonds_credit_ratings,tfidf,0.0388148451782763,0.008240944
2025-02-18,sentiment_score,sentiment,0.045809440314769745,0.04580944
2025-02-19,sentiment_score,sentiment,0.03853048384189606,0.038530484
2025-02-24,sentiment_score,sentiment,-0.028264978900551796,-0.028264979
2025-02-26,sentiment_score,sentiment,-0.02486261911690235,-0.02486262
2025-02-27,tf_macro_economy,tfidf,0.03388477003667503,0.0071942187
2025-02-28,tf_bonds_credit_ratings,tfidf,0.02471234859433025,0.005246783
2025-03-03,sentiment_score,sentiment,0.03724724426865578,0.037247244
2025-03-04,global_markets_commodities,lda_topic,-0.035408579558134076,-0.007053502
2025-03-05,sentiment_score,sentiment,0.04259601607918739,0.042596016
2025-03-06,sentiment_score,sentiment,0.04220262169837952,0.04220262
2025-03-07,tf_macro_economy,tfidf,0.03388477003667503,0.0071942187
2025-03-10,sentiment_score,sentiment,-0.027191977947950363,-0.027191978
2025-03-11,sentiment_score,sentiment,-0.029427310451865196,-0.02942731
2025-03-12,sentiment_score,sentiment,-0.028920944780111313,-0.028920945
2025-03-13,sentiment_score,sentiment,-0.03067128360271454,-0.030671284
2025-03-14,tf_bonds_credit_ratings,tfidf,0.026190902874805033,0.0055607012
2025-03-17,sentiment_score,sentiment,-0.0266437828540802,-0.026643783
2025-03-18,tf_bonds_credit_ratings,tfidf,0.0388148451782763,0.008240944
2025-03-19,tf_bonds_credit_ratings,tfidf,0.027688020947389303,0.0058785607
2025-03-20,tf_equity_markets,tfidf,-0.037642330275848505,-0.007992002
2025-03-21,sentiment_score,sentiment,-0.028842592611908913,-0.028842593
2025-03-24,tf_bonds_credit_ratings,tfidf,0.02661831313278526,0.0056514465
2025-03-26,sentiment_score,sentiment,-0.024914784356951714,-0.024914784
2025-03-27,tf_macro_economy,tfidf,0.03388477003667503,0.0071942187
2025-03-28,sentiment_score,sentiment,-0.026347482576966286,-0.026347483
2025-04-01,sentiment_score,sentiment,-0.02673342078924179,-0.02673342
2025-04-02,sentiment_score,sentiment,-0.02903728559613228,-0.029037286
2025-04-03,sentiment_score,sentiment,-0.02650855854153633,-0.026508559
2025-04-04,tf_equity_markets,tfidf,-0.03440388727001846,-0.0073044347
2025-04-07,global_markets_commodities,lda_topic,-0.035408579558134076,-0.007053502
2025-04-08,global_markets_commodities,lda_topic,-0.036283351900056,-0.0072277593
2025-04-09,tf_bonds_credit_ratings,tfidf,0.02831667859107256,0.0060120337
2025-04-11,sentiment_score,sentiment,0.04169585555791855,0.041695856
2025-04-14,sentiment_score,sentiment,0.039133064448833466,0.039133064
2025-04-15,sentiment_score,sentiment,0.043470244854688644,0.043470245
2025-04-16,sentiment_score,sentiment,-0.025575540959835052,-0.025575541
2025-04-17,sentiment_score,sentiment,-0.024083655327558517,-0.024083655
2025-04-21,sentiment_score,sentiment,-0.025459440425038338,-0.02545944
2025-04-22,global_markets_commodities,lda_topic,-0.03074701530858874,-0.0061249034
2025-04-23,sentiment_score,sentiment,0.04437406733632088,0.044374067
2025-04-24,sentiment_score,sentiment,0.046180639415979385,0.04618064
2025-04-25,sentiment_score,sentiment,0.040122706443071365,0.040122706
2025-04-28,tf_bonds_credit_ratings,tfidf,0.0388148451782763,0.008240944
2025-04-29,tf_bonds_credit_ratings,tfidf,0.0388148451782763,0.008240944
2025-05-01,sentiment_score,sentiment,0.03887943923473358,0.03887944
2025-05-02,tf_bonds_credit_ratings,tfidf,0.0388148451782763,0.008240944
2025-05-05,sentiment_score,sentiment,0.04731662571430206,0.047316626
2025-05-06,sentiment_score,sentiment,-0.03143247589468956,-0.031432476
2025-05-07,sentiment_score,sentiment,0.04327022284269333,0.043270223
2025-05-12,sentiment_score,sentiment,0.04717246815562248,0.04717247
2025-05-14,sentiment_score,sentiment,0.03626249358057976,0.036262494
2025-05-15,tf_bonds_credit_ratings,tfidf,0.029243139903992414,0.0062087346
2025-05-16,sentiment_score,sentiment,0.03979945182800293,0.03979945
2025-05-19,sentiment_score,sentiment,0.04006268084049225,0.04006268
2025-05-21,sentiment_score,sentiment,0.03961120545864105,0.039611205
2025-05-22,sentiment_score,sentiment,0.045109253376722336,0.045109253
2025-05-23,sentiment_score,sentiment,0.038611363619565964,0.038611364
2025-05-27,tf_bonds_credit_ratings,tfidf,0.024635783918201922,0.0052305274
2025-05-28,sentiment_score,sentiment,0.047495272010564804,0.047495272
2025-05-29,tf_bonds_credit_ratings,tfidf,0.023107473235577346,0.0049060453
2025-05-30,sentiment_score,sentiment,0.04103193059563637,0.04103193
2025-06-02,tf_bonds_credit_ratings,tfidf,0.02213180602993816,0.0046988972
2025-06-03,sentiment_score,sentiment,-0.026406416669487953,-0.026406417
2025-06-04,sentiment_score,sentiment,-0.02884448878467083,-0.028844489
2025-06-05,sentiment_score,sentiment,-0.02661755308508873,-0.026617553
2025-06-06,sentiment_score,sentiment,0.04466266930103302,0.04466267
2025-06-09,sentiment_score,sentiment,0.04594084620475769,0.045940846
2025-06-10,sentiment_score,sentiment,0.035543058067560196,0.035543058
2025-06-12,tf_bonds_credit_ratings,tfidf,0.02213180602993816,0.0046988972
2025-06-16,sentiment_score,sentiment,-0.023225583136081696,-0.023225583
2025-06-17,sentiment_score,sentiment,0.042316265404224396,0.042316265
2025-06-18,sentiment_score,sentiment,0.034558407962322235,0.034558408
2025-06-20,sentiment_score,sentiment,-0.023839065805077553,-0.023839066
2025-06-23,sentiment_score,sentiment,-0.026644645258784294,-0.026644645
2025-06-24,sentiment_score,sentiment,-0.025688769295811653,-0.02568877
2025-06-25,sentiment_score,sentiment,0.038295943289995193,0.038295943
2025-06-26,sentiment_score,sentiment,0.043856922537088394,0.043856923
2025-06-27,sentiment_score,sentiment,0.03709143400192261,0.037091434
2025-06-30,sentiment_score,sentiment,0.039688095450401306,0.039688095
2025-07-01,sentiment_score,sentiment,-0.023465439677238464,-0.02346544
2025-07-02,sentiment_score,sentiment,0.036206506192684174,0.036206506
2025-07-03,tf_bonds_credit_ratings,tfidf,0.03475574833340943,0.00737914
2025-07-07,sentiment_score,sentiment,-0.025122378021478653,-0.025122378
2025-07-08,sentiment_score,sentiment,-0.02447212114930153,-0.024472121
2025-07-09,sentiment_score,sentiment,0.046496469527482986,0.04649647
2025-07-10,sentiment_score,sentiment,0.04118053615093231,0.041180536
2025-07-11,tf_bonds_credit_ratings,tfidf,0.02213180602993816,0.0046988972
2025-07-14,sentiment_score,sentiment,0.04565824568271637,0.045658246
2025-07-15,sentiment_score,sentiment,0.036093246191740036,0.036093246
2025-07-16,sentiment_score,sentiment,0.047024261206388474,0.04702426
2025-07-17,sentiment_score,sentiment,0.04533699154853821,0.04533699
2025-07-18,tf_bonds_credit_ratings,tfidf,0.0388148451782763,0.008240944
2025-07-21,sentiment_score,sentiment,0.04769594222307205,0.047695942
2025-07-24,tf_bonds_credit_ratings,tfidf,0.0388148451782763,0.008240944
2025-07-25,sentiment_score,sentiment,0.04686738923192024,0.04686739
2025-07-28,global_markets_commodities,lda_topic,-0.04204271143302321,-0.008375042
2025-07-29,sentiment_score,sentiment,0.04067709296941757,0.040677093
2025-07-30,tf_bonds_credit_ratings,tfidf,0.0388148451782763,0.008240944
2025-07-31,sentiment_score,sentiment,0.04112587869167328,0.04112588
2025-08-01,tf_macro_economy,tfidf,0.03030434881802648,0.0064340443
2025-08-04,tf_macro_economy,tfidf,0.03388477003667503,0.0071942187
2025-08-05,sentiment_score,sentiment,0.037516213953495026,0.037516214
2025-08-06,sentiment_score,sentiment,0.039329782128334045,0.039329782
2025-08-07,sentiment_score,sentiment,0.03997129201889038,0.039971292
2025-08-11,sentiment_score,sentiment,-0.026220504194498062,-0.026220504
2025-08-12,sentiment_score,sentiment,0.04412776231765747,0.044127762
2025-08-13,sentiment_score,sentiment,0.03780857473611832,0.037808575
2025-08-14,sentiment_score,sentiment,0.04609556868672371,0.04609557
2025-08-15,tf_bonds_credit_ratings,tfidf,0.0388148451782763,0.008240944
2025-08-18,sentiment_score,sentiment,-0.028707848861813545,-0.028707849
2025-08-19,sentiment_score,sentiment,-0.03047903999686241,-0.03047904
2025-08-20,sentiment_score,sentiment,0.04220033064484596,0.04220033
2025-08-21,sentiment_score,sentiment,0.03743719309568405,0.037437193
2025-08-22,sentiment_score,sentiment,0.03746774420142174,0.037467744
2025-08-25,sentiment_score,sentiment,0.036606527864933014,0.036606528
2025-08-26,tf_bonds_credit_ratings,tfidf,0.0388148451782763,0.008240944
2025-08-27,tf_macro_economy,tfidf,0.03388477003667503,0.0071942187
2025-08-28,sentiment_score,sentiment,0.044926904141902924,0.044926904
2025-08-29,us_foreign_policy_geopolitics,lda_topic,-0.03865909580141306,-0.007701015
2025-09-02,sentiment_score,sentiment,-0.027689656242728233,-0.027689656
2025-09-03,tf_bonds_credit_ratings,tfidf,0.03475574833340943,0.00737914
2025-09-04,sentiment_score,sentiment,0.038777388632297516,0.03877739
2025-09-05,tf_macro_economy,tfidf,0.03734176089987159,0.007928187
2025-09-08,tf_bonds_credit_ratings,tfidf,0.0367382753547281,0.0078000585
2025-09-09,sentiment_score,sentiment,0.047948647290468216,0.047948647
2025-09-10,tf_bonds_credit_ratings,tfidf,0.035428012465126814,0.007521871
2025-09-11,sentiment_score,sentiment,0.04187460616230965,0.041874606
2025-09-12,tf_bonds_credit_ratings,tfidf,0.0388148451782763,0.008240944
2025-09-15,sentiment_score,sentiment,-0.02626384235918522,-0.026263842
2025-09-16,tf_bonds_credit_ratings,tfidf,0.0388148451782763,0.008240944
2025-09-17,sentiment_score,sentiment,-0.026745842769742012,-0.026745843
2025-09-18,sentiment_score,sentiment,0.044736348092556,0.044736348
2025-09-19,sentiment_score,sentiment,0.0349561870098114,0.034956187
2025-09-22,sentiment_score,sentiment,0.039438024163246155,0.039438024
2025-09-23,sentiment_score,sentiment,-0.025966258719563484,-0.025966259
2025-09-24,sentiment_score,sentiment,0.04527950659394264,0.045279507
2025-09-25,sentiment_score,sentiment,0.03799452632665634,0.037994526
2025-09-26,tf_bonds_credit_ratings,tfidf,0.029243139903992414,0.0062087346
2025-09-29,tf_equity_markets,tfidf,-0.037642330275848505,-0.007992002
2025-09-30,tf_macro_economy,tfidf,0.03388477003667503,0.0071942187
2025-10-01,tf_bonds_credit_ratings,tfidf,0.0367382753547281,0.0078000585
2025-10-02,sentiment_score,sentiment,-0.026255715638399124,-0.026255716
2025-10-03,sentiment_score,sentiment,0.04582689702510834,0.045826897
2025-10-06,sentiment_score,sentiment,0.03788451850414276,0.03788452
2025-10-07,sentiment_score,sentiment,0.04395512118935585,0.04395512
2025-10-08,tf_bonds_credit_ratings,tfidf,0.0388148451782763,0.008240944
2025-10-09,sentiment_score,sentiment,0.041043609380722046,0.04104361
2025-10-10,sentiment_score,sentiment,-0.022075409069657326,-0.02207541
2025-10-13,sentiment_score,sentiment,0.043242521584033966,0.04324252
2025-10-14,tf_bonds_credit_ratings,tfidf,0.03475574833340943,0.00737914
2025-10-15,sentiment_score,sentiment,0.042501602321863174,0.042501602
2025-10-16,sentiment_score,sentiment,-0.022742237895727158,-0.022742238
2025-10-17,sentiment_score,sentiment,-0.025956112891435623,-0.025956113
2025-10-20,tf_bonds_credit_ratings,tfidf,0.031747117792256176,0.0067403647
2025-10-21,sentiment_score,sentiment,0.04096541553735733,0.040965416
2025-10-22,sentiment_score,sentiment,-0.025549311190843582,-0.025549311
2025-10-23,sentiment_score,sentiment,0.0415845587849617,0.04158456
2025-10-24,tf_bonds_credit_ratings,tfidf,0.0388148451782763,0.008240944
2025-10-27,sentiment_score,sentiment,-0.03184014558792114,-0.031840146
2025-10-28,sentiment_score,sentiment,-0.025986813008785248,-0.025986813
2025-10-29,sentiment_score,sentiment,-0.02620190940797329,-0.02620191
2025-10-31,sentiment_score,sentiment,0.04007740318775177,0.040077403
2025-11-03,sentiment_score,sentiment,-0.02931043691933155,-0.029310437
2025-11-04,sentiment_score,sentiment,-0.02971682697534561,-0.029716827
2025-11-05,sentiment_score,sentiment,-0.02846142090857029,-0.02846142
2025-11-06,tf_bonds_credit_ratings,tfidf,0.0388148451782763,0.008240944
2025-11-07,sentiment_score,sentiment,-0.027236541733145714,-0.027236542
2025-11-10,global_markets_commodities,lda_topic,-0.035408579558134076,-0.007053502
2025-11-11,sentiment_score,sentiment,-0.02264123223721981,-0.022641232
2025-11-12,sentiment_score,sentiment,-0.029904736205935478,-0.029904736
2025-11-13,tf_macro_economy,tfidf,0.03388477003667503,0.0071942187
2025-11-14,tf_macro_economy,tfidf,0.03388477003667503,0.0071942187
2025-11-17,sentiment_score,sentiment,-0.025054290890693665,-0.02505429
2025-11-18,sentiment_score,sentiment,-0.0283232182264328,-0.028323218
2025-11-19,tf_bonds_credit_ratings,tfidf,0.0388148451782763,0.008240944
2025-11-20,tf_bonds_credit_ratings,tfidf,0.0388148451782763,0.008240944
2025-11-21,tf_bonds_credit_ratings,tfidf,-0.020521175544708968,-0.0043569375
2025-11-24,sentiment_score,sentiment,-0.02703436091542244,-0.02703436
2025-11-25,sentiment_score,sentiment,-0.02684708870947361,-0.026847089
2025-11-26,sentiment_score,sentiment,0.0390034094452858,0.03900341
2025-11-28,sentiment_score,sentiment,0.03715664893388748,0.03715665
2025-12-01,sentiment_score,sentiment,-0.025598937645554543,-0.025598938
2025-12-02,sentiment_score,sentiment,-0.025273291394114494,-0.025273291
2025-12-03,tf_bonds_credit_ratings,tfidf,0.0388148451782763,0.008240944
2025-12-04,sentiment_score,sentiment,0.03509631007909775,0.03509631
2025-12-05,sentiment_score,sentiment,0.03689347580075264,0.036893476
2025-12-08,tf_bonds_credit_ratings,tfidf,0.0388148451782763,0.008240944
2025-12-09,sentiment_score,sentiment,-0.02620190940797329,-0.02620191
2025-12-10,sentiment_score,sentiment,-0.025274088606238365,-0.025274089
2025-12-11,tf_equity_markets,tfidf,-0.037642330275848505,-0.007992002
2025-12-12,sentiment_score,sentiment,0.04048118367791176,0.040481184
